indicator,span,long_threshold,short_threshold,mode,total_return,buy_hold_return,max_drawdown,buy_hold_max_drawdown,sharpe_like,return_drawdown_ratio,number_of_trades,balanced_score
astro_bullish_score,10,0.5,-0.5,long_short_balanced_v2,709.0930695464915,154.9101004202547,-0.8339900882218971,-0.8339900882218972,1.2028481829626563,850.2416030606653,27,381.95239561693273
astro_bullish_score,10,0.5,-1.0,long_short_balanced_v2,709.0930695464915,154.9101004202547,-0.8339900882218971,-0.8339900882218972,1.2028481829626563,850.2416030606653,27,381.95239561693273
astro_bullish_score,10,0.5,-1.5,long_short_balanced_v2,709.0930695464915,154.9101004202547,-0.8339900882218971,-0.8339900882218972,1.2028481829626563,850.2416030606653,27,381.95239561693273
astro_bullish_score,8,0.5,-0.5,long_short_balanced_v2,624.1752465205553,154.9101004202547,-0.8339900882218974,-0.8339900882218972,1.1860881168486654,748.4204612686989,27,336.106116324313
astro_bullish_score,8,0.5,-1.0,long_short_balanced_v2,624.1752465205553,154.9101004202547,-0.8339900882218974,-0.8339900882218972,1.1860881168486654,748.4204612686989,27,336.106116324313
astro_bullish_score,8,0.5,-1.5,long_short_balanced_v2,624.1752465205553,154.9101004202547,-0.8339900882218974,-0.8339900882218972,1.1860881168486654,748.4204612686989,27,336.106116324313
astro_bullish_score,3,0.5,-0.5,long_short_balanced_v2,537.5922112315592,154.9101004202547,-0.8339900882218971,-0.8339900882218972,1.1709909995932744,644.6026383571644,37,289.3416023084051
astro_bullish_score,3,0.5,-1.0,long_short_balanced_v2,537.5922112315592,154.9101004202547,-0.8339900882218971,-0.8339900882218972,1.1709909995932744,644.6026383571644,37,289.3416023084051
astro_bullish_score,3,0.5,-1.5,long_short_balanced_v2,537.5922112315592,154.9101004202547,-0.8339900882218971,-0.8339900882218972,1.1709909995932744,644.6026383571644,37,289.3416023084051
astro_trend_start_score,30,0.5,-0.5,long_short_balanced_v2,511.25813746355107,154.9101004202547,-0.8339900882218977,-0.8339900882218972,1.1569889200627357,613.0266350689792,12,275.1705786885534
astro_trend_start_score,30,0.5,-1.0,long_short_balanced_v2,511.25813746355107,154.9101004202547,-0.8339900882218977,-0.8339900882218972,1.1569889200627357,613.0266350689792,12,275.1705786885534
astro_trend_start_score,30,0.5,-1.5,long_short_balanced_v2,511.25813746355107,154.9101004202547,-0.8339900882218977,-0.8339900882218972,1.1569889200627357,613.0266350689792,12,275.1705786885534
astro_bullish_score,14,0.5,-0.5,long_short_balanced_v2,489.7780397083448,154.9101004202547,-0.8339900882218974,-0.8339900882218972,1.151799136579319,587.270816074772,25,263.5473096497567
astro_bullish_score,14,0.5,-1.0,long_short_balanced_v2,489.7780397083448,154.9101004202547,-0.8339900882218974,-0.8339900882218972,1.151799136579319,587.270816074772,25,263.5473096497567
astro_bullish_score,14,0.5,-1.5,long_short_balanced_v2,489.7780397083448,154.9101004202547,-0.8339900882218974,-0.8339900882218972,1.151799136579319,587.270816074772,25,263.5473096497567
astro_bullish_score,5,0.5,-0.5,long_short_balanced_v2,483.21988351595996,154.9101004202547,-0.8339900882218977,-0.8339900882218972,1.1552158365537117,579.4072259853895,33,259.9925114541545
astro_bullish_score,5,0.5,-1.0,long_short_balanced_v2,483.21988351595996,154.9101004202547,-0.8339900882218977,-0.8339900882218972,1.1552158365537117,579.4072259853895,33,259.9925114541545
astro_bullish_score,5,0.5,-1.5,long_short_balanced_v2,483.21988351595996,154.9101004202547,-0.8339900882218977,-0.8339900882218972,1.1552158365537117,579.4072259853895,33,259.9925114541545
astro_trend_start_score,21,0.5,-0.5,long_short_balanced_v2,405.1660552724413,154.9101004202547,-0.8339900882218974,-0.8339900882218972,1.1316001248461844,485.8163915787929,20,217.8747498150966
astro_trend_start_score,21,0.5,-1.0,long_short_balanced_v2,405.1660552724413,154.9101004202547,-0.8339900882218974,-0.8339900882218972,1.1316001248461844,485.8163915787929,20,217.8747498150966
astro_trend_start_score,21,0.5,-1.5,long_short_balanced_v2,405.1660552724413,154.9101004202547,-0.8339900882218974,-0.8339900882218972,1.1316001248461844,485.8163915787929,20,217.8747498150966
astro_bullish_score,21,0.5,-0.5,long_short_balanced_v2,291.1828223757142,154.9101004202547,-0.8339900882218972,-0.8339900882218972,1.0763745886408833,349.1442242395572,19,156.32525626374917
astro_bullish_score,21,0.5,-1.0,long_short_balanced_v2,291.1828223757142,154.9101004202547,-0.8339900882218972,-0.8339900882218972,1.0763745886408833,349.1442242395572,19,156.32525626374917
astro_bullish_score,21,0.5,-1.5,long_short_balanced_v2,291.1828223757142,154.9101004202547,-0.8339900882218972,-0.8339900882218972,1.0763745886408833,349.1442242395572,19,156.32525626374917
astro_trend_start_score,3,0.5,-0.5,long_short_balanced_v2,256.808859383323,154.9101004202547,-0.8339900882218972,-0.8339900882218972,1.0780119695281545,307.92795143507107,32,137.74446775748953
astro_trend_start_score,3,0.5,-1.0,long_short_balanced_v2,256.808859383323,154.9101004202547,-0.8339900882218972,-0.8339900882218972,1.0780119695281545,307.92795143507107,32,137.74446775748953
astro_trend_start_score,3,0.5,-1.5,long_short_balanced_v2,256.808859383323,154.9101004202547,-0.8339900882218972,-0.8339900882218972,1.0780119695281545,307.92795143507107,32,137.74446775748953
astro_trend_start_score,14,0.5,-0.5,long_short_balanced_v2,245.40082824016622,154.9101004202547,-0.8339900882218972,-0.8339900882218972,1.0666585914083186,294.24909445071626,24,131.59774566642358
astro_trend_start_score,14,0.5,-1.0,long_short_balanced_v2,245.40082824016622,154.9101004202547,-0.8339900882218972,-0.8339900882218972,1.0666585914083186,294.24909445071626,24,131.59774566642358
astro_trend_start_score,14,0.5,-1.5,long_short_balanced_v2,245.40082824016622,154.9101004202547,-0.8339900882218972,-0.8339900882218972,1.0666585914083186,294.24909445071626,24,131.59774566642358
astro_bullish_score,30,0.5,-0.5,long_short_balanced_v2,239.87465296542882,154.9101004202547,-0.8339900882218971,-0.8339900882218972,1.0486646681458924,287.6229062588165,19,128.61745787631742
astro_bullish_score,30,0.5,-1.0,long_short_balanced_v2,239.87465296542882,154.9101004202547,-0.8339900882218971,-0.8339900882218972,1.0486646681458924,287.6229062588165,19,128.61745787631742
astro_bullish_score,30,0.5,-1.5,long_short_balanced_v2,239.87465296542882,154.9101004202547,-0.8339900882218971,-0.8339900882218972,1.0486646681458924,287.6229062588165,19,128.61745787631742
astro_volatility_score,30,0.5,-0.5,long_short_balanced_v2,207.83261336630028,154.9101004202547,-0.8339900882218974,-0.8339900882218972,1.040498146154794,249.20273789992916,28,111.29954571600499
astro_volatility_score,30,0.5,-1.0,long_short_balanced_v2,207.83261336630028,154.9101004202547,-0.8339900882218974,-0.8339900882218972,1.040498146154794,249.20273789992916,28,111.29954571600499
astro_volatility_score,30,0.5,-1.5,long_short_balanced_v2,207.83261336630028,154.9101004202547,-0.8339900882218974,-0.8339900882218972,1.040498146154794,249.20273789992916,28,111.29954571600499
astro_reversal_score,21,0.5,-0.5,long_short_balanced_v2,201.33757953750592,154.9101004202547,-0.8339900882218971,-0.8339900882218972,1.0435266499033355,241.4148349973395,24,107.80266638834816
astro_reversal_score,21,0.5,-1.0,long_short_balanced_v2,201.33757953750592,154.9101004202547,-0.8339900882218971,-0.8339900882218972,1.0435266499033355,241.4148349973395,24,107.80266638834816
astro_reversal_score,21,0.5,-1.5,long_short_balanced_v2,201.33757953750592,154.9101004202547,-0.8339900882218971,-0.8339900882218972,1.0435266499033355,241.4148349973395,24,107.80266638834816
astro_trend_start_score,5,0.5,-0.5,long_short_balanced_v2,179.56804120469639,154.9101004202547,-0.8339900882218971,-0.8339900882218972,1.0283726016146504,215.311960826229,30,96.03316843496773
astro_trend_start_score,5,0.5,-1.0,long_short_balanced_v2,179.56804120469639,154.9101004202547,-0.8339900882218971,-0.8339900882218972,1.0283726016146504,215.311960826229,30,96.03316843496773
astro_trend_start_score,5,0.5,-1.5,long_short_balanced_v2,179.56804120469639,154.9101004202547,-0.8339900882218971,-0.8339900882218972,1.0283726016146504,215.311960826229,30,96.03316843496773
astro_trend_start_score,10,0.5,-0.5,long_short_balanced_v2,170.53938555204746,154.9101004202547,-0.8339900882218975,-0.8339900882218972,1.0190723726509332,204.48610596277555,28,91.15968067489689
astro_trend_start_score,10,0.5,-1.0,long_short_balanced_v2,170.53938555204746,154.9101004202547,-0.8339900882218975,-0.8339900882218972,1.0190723726509332,204.48610596277555,28,91.15968067489689
astro_trend_start_score,10,0.5,-1.5,long_short_balanced_v2,170.53938555204746,154.9101004202547,-0.8339900882218975,-0.8339900882218972,1.0190723726509332,204.48610596277555,28,91.15968067489689
astro_reversal_score,3,0.5,-0.5,long_short_balanced_v2,154.31395286982425,154.9101004202547,-0.8339900882218974,-0.8339900882218972,1.0128350991157118,185.03091949069588,60,82.33451866639989
astro_reversal_score,3,0.5,-1.0,long_short_balanced_v2,154.31395286982425,154.9101004202547,-0.8339900882218974,-0.8339900882218972,1.0128350991157118,185.03091949069588,60,82.33451866639989
astro_reversal_score,3,0.5,-1.5,long_short_balanced_v2,154.31395286982425,154.9101004202547,-0.8339900882218974,-0.8339900882218972,1.0128350991157118,185.03091949069588,60,82.33451866639989
astro_reversal_score,14,0.5,-0.5,long_short_balanced_v2,149.67900746819927,154.9101004202547,-0.8339900882218976,-0.8339900882218972,1.0045509885101607,179.47336495008147,32,79.8852104935473
astro_reversal_score,14,0.5,-1.0,long_short_balanced_v2,149.67900746819927,154.9101004202547,-0.8339900882218976,-0.8339900882218972,1.0045509885101607,179.47336495008147,32,79.8852104935473
astro_reversal_score,14,0.5,-1.5,long_short_balanced_v2,149.67900746819927,154.9101004202547,-0.8339900882218976,-0.8339900882218972,1.0045509885101607,179.47336495008147,32,79.8852104935473
astro_reversal_score,5,0.5,-0.5,long_short_balanced_v2,148.24378147404101,154.9101004202547,-0.8339900882218976,-0.8339900882218972,1.0060181790102023,177.75245002024315,48,79.07904658553217
astro_reversal_score,5,0.5,-1.0,long_short_balanced_v2,148.24378147404101,154.9101004202547,-0.8339900882218976,-0.8339900882218972,1.0060181790102023,177.75245002024315,48,79.07904658553217
astro_reversal_score,5,0.5,-1.5,long_short_balanced_v2,148.24378147404101,154.9101004202547,-0.8339900882218976,-0.8339900882218972,1.0060181790102023,177.75245002024315,48,79.07904658553217
astro_reversal_score,10,0.5,-0.5,long_short_balanced_v2,144.50539936646405,154.9101004202547,-0.8339900882218974,-0.8339900882218972,1.001155328599953,173.2699241960486,36,77.08308164825607
astro_reversal_score,10,0.5,-1.0,long_short_balanced_v2,144.50539936646405,154.9101004202547,-0.8339900882218974,-0.8339900882218972,1.001155328599953,173.2699241960486,36,77.08308164825607
astro_reversal_score,10,0.5,-1.5,long_short_balanced_v2,144.50539936646405,154.9101004202547,-0.8339900882218974,-0.8339900882218972,1.001155328599953,173.2699241960486,36,77.08308164825607
astro_trend_start_score,8,0.5,-0.5,long_short_balanced_v2,137.17363517051314,154.9101004202547,-0.8339900882218971,-0.8339900882218972,0.9905313010123391,164.47873554825244,28,73.13706504887654
astro_trend_start_score,8,0.5,-1.0,long_short_balanced_v2,137.17363517051314,154.9101004202547,-0.8339900882218971,-0.8339900882218972,0.9905313010123391,164.47873554825244,28,73.13706504887654
astro_trend_start_score,8,0.5,-1.5,long_short_balanced_v2,137.17363517051314,154.9101004202547,-0.8339900882218971,-0.8339900882218972,0.9905313010123391,164.47873554825244,28,73.13706504887654
astro_reversal_score,8,0.5,-0.5,long_short_balanced_v2,122.12125855907709,154.9101004202547,-0.8339900882218972,-0.8339900882218972,0.9780641926690047,146.4301078439012,42,64.97863968123812
astro_reversal_score,8,0.5,-1.0,long_short_balanced_v2,122.12125855907709,154.9101004202547,-0.8339900882218972,-0.8339900882218972,0.9780641926690047,146.4301078439012,42,64.97863968123812
astro_reversal_score,8,0.5,-1.5,long_short_balanced_v2,122.12125855907709,154.9101004202547,-0.8339900882218972,-0.8339900882218972,0.9780641926690047,146.4301078439012,42,64.97863968123812
astro_reversal_score,30,0.5,-0.5,long_short_balanced_v2,111.40162858983669,154.9101004202547,-0.8339900882218972,-0.8339900882218972,0.9599902534827615,133.57668174132593,18,59.23283589427645
astro_reversal_score,30,0.5,-1.0,long_short_balanced_v2,111.40162858983669,154.9101004202547,-0.8339900882218972,-0.8339900882218972,0.9599902534827615,133.57668174132593,18,59.23283589427645
astro_reversal_score,30,0.5,-1.5,long_short_balanced_v2,111.40162858983669,154.9101004202547,-0.8339900882218972,-0.8339900882218972,0.9599902534827615,133.57668174132593,18,59.23283589427645
astro_trend_end_score,3,0.5,-0.5,long_short_balanced_v2,87.85489960159941,154.9101004202547,-0.7471483389645485,-0.8339900882218972,0.9970020905643413,117.58695699351351,50,49.05193960696144
astro_trend_end_score,3,0.5,-1.0,long_short_balanced_v2,87.85489960159941,154.9101004202547,-0.7471483389645485,-0.8339900882218972,0.9970020905643413,117.58695699351351,50,49.05193960696144
astro_trend_end_score,3,0.5,-1.5,long_short_balanced_v2,87.85489960159941,154.9101004202547,-0.7471483389645485,-0.8339900882218972,0.9970020905643413,117.58695699351351,50,49.05193960696144
astro_reversal_score,30,1.0,-0.5,long_short_balanced_v2,85.0924128347887,154.9101004202547,-0.8339900882218976,-0.8339900882218972,0.9633325806311055,102.03048457831119,29,45.01016866601845
astro_reversal_score,30,1.0,-1.0,long_short_balanced_v2,85.0924128347887,154.9101004202547,-0.8339900882218976,-0.8339900882218972,0.9633325806311055,102.03048457831119,29,45.01016866601845
astro_reversal_score,30,1.0,-1.5,long_short_balanced_v2,85.0924128347887,154.9101004202547,-0.8339900882218976,-0.8339900882218972,0.9633325806311055,102.03048457831119,29,45.01016866601845
astro_reversal_score,30,1.0,-2.0,long_short_balanced_v2,85.0924128347887,154.9101004202547,-0.8339900882218976,-0.8339900882218972,0.9633325806311055,102.03048457831119,29,45.01016866601845
astro_trend_end_score,5,0.5,-0.5,long_short_balanced_v2,64.32019752556835,154.9101004202547,-0.7494491599075134,-0.8339900882218972,0.9445582837046244,85.82329658426177,44,35.62636814814344
astro_trend_end_score,5,0.5,-1.0,long_short_balanced_v2,64.32019752556835,154.9101004202547,-0.7494491599075134,-0.8339900882218972,0.9445582837046244,85.82329658426177,44,35.62636814814344
astro_trend_end_score,5,0.5,-1.5,long_short_balanced_v2,64.32019752556835,154.9101004202547,-0.7494491599075134,-0.8339900882218972,0.9445582837046244,85.82329658426177,44,35.62636814814344
astro_bearish_score,10,0.5,-0.5,long_short_balanced_v2,62.817720629667996,154.9101004202547,-0.779226013760995,-0.8339900882218972,0.9605361607401509,80.61553326033531,57,34.06979828462203
astro_bearish_score,10,0.5,-1.0,long_short_balanced_v2,62.817720629667996,154.9101004202547,-0.779226013760995,-0.8339900882218972,0.9605361607401509,80.61553326033531,57,34.06979828462203
astro_bearish_score,10,0.5,-1.5,long_short_balanced_v2,62.817720629667996,154.9101004202547,-0.779226013760995,-0.8339900882218972,0.9605361607401509,80.61553326033531,57,34.06979828462203
astro_bearish_score,21,0.5,-0.5,long_short_balanced_v2,60.95793306879205,154.9101004202547,-0.7439719164979178,-0.8339900882218972,0.9557145411406994,81.93579853892598,41,33.85886757013222
astro_bearish_score,21,0.5,-1.0,long_short_balanced_v2,60.95793306879205,154.9101004202547,-0.7439719164979178,-0.8339900882218972,0.9557145411406994,81.93579853892598,41,33.85886757013222
astro_bearish_score,21,0.5,-1.5,long_short_balanced_v2,60.95793306879205,154.9101004202547,-0.7439719164979178,-0.8339900882218972,0.9557145411406994,81.93579853892598,41,33.85886757013222
astro_volatility_score,3,0.5,-0.5,long_short_balanced_v2,62.712071847489526,154.9101004202547,-0.8148250427163414,-0.8339900882218972,0.8882611005121481,76.96384936627554,96,33.14745830363231
astro_volatility_score,3,0.5,-1.0,long_short_balanced_v2,62.712071847489526,154.9101004202547,-0.8148250427163414,-0.8339900882218972,0.8882611005121481,76.96384936627554,96,33.14745830363231
astro_volatility_score,3,0.5,-1.5,long_short_balanced_v2,62.712071847489526,154.9101004202547,-0.8148250427163414,-0.8339900882218972,0.8882611005121481,76.96384936627554,96,33.14745830363231
astro_reversal_score,3,1.0,-0.5,long_short_balanced_v2,57.1575012367062,154.9101004202547,-0.7184977427281793,-0.8339900882218972,0.9218063003346993,79.5513998689484,89,32.170506250843154
astro_reversal_score,3,1.0,-1.0,long_short_balanced_v2,57.1575012367062,154.9101004202547,-0.7184977427281793,-0.8339900882218972,0.9218063003346993,79.5513998689484,89,32.170506250843154
astro_reversal_score,3,1.0,-1.5,long_short_balanced_v2,57.1575012367062,154.9101004202547,-0.7184977427281793,-0.8339900882218972,0.9218063003346993,79.5513998689484,89,32.170506250843154
astro_reversal_score,3,1.0,-2.0,long_short_balanced_v2,57.1575012367062,154.9101004202547,-0.7184977427281793,-0.8339900882218972,0.9218063003346993,79.5513998689484,89,32.170506250843154
astro_bearish_score,14,0.5,-0.5,long_short_balanced_v2,54.00648066491994,154.9101004202547,-0.7988107252462568,-0.8339900882218972,0.9346848393986947,67.60860734346157,45,28.809323516058384
astro_bearish_score,14,0.5,-1.0,long_short_balanced_v2,54.00648066491994,154.9101004202547,-0.7988107252462568,-0.8339900882218972,0.9346848393986947,67.60860734346157,45,28.809323516058384
astro_bearish_score,14,0.5,-1.5,long_short_balanced_v2,54.00648066491994,154.9101004202547,-0.7988107252462568,-0.8339900882218972,0.9346848393986947,67.60860734346157,45,28.809323516058384
astro_volatility_score,21,0.5,-0.5,long_short_balanced_v2,54.848228021954,154.9101004202547,-0.8339900882218974,-0.8339900882218972,0.8663059980374633,65.76604302203732,36,28.631214277875806
astro_volatility_score,21,0.5,-1.0,long_short_balanced_v2,54.848228021954,154.9101004202547,-0.8339900882218974,-0.8339900882218972,0.8663059980374633,65.76604302203732,36,28.631214277875806
astro_volatility_score,21,0.5,-1.5,long_short_balanced_v2,54.848228021954,154.9101004202547,-0.8339900882218974,-0.8339900882218972,0.8663059980374633,65.76604302203732,36,28.631214277875806
astro_trend_end_score,8,0.5,-0.5,long_short_balanced_v2,48.25992338624383,154.9101004202547,-0.7286880376544802,-0.8339900882218972,0.8911101035785209,66.22851054558835,38,26.911091109940504
astro_trend_end_score,8,0.5,-1.0,long_short_balanced_v2,48.25992338624383,154.9101004202547,-0.7286880376544802,-0.8339900882218972,0.8911101035785209,66.22851054558835,38,26.911091109940504
astro_trend_end_score,8,0.5,-1.5,long_short_balanced_v2,48.25992338624383,154.9101004202547,-0.7286880376544802,-0.8339900882218972,0.8911101035785209,66.22851054558835,38,26.911091109940504
astro_bearish_score,5,0.5,-0.5,long_short_balanced_v2,47.722287961979994,154.9101004202547,-0.770123210853547,-0.8339900882218972,0.9126196655377505,61.96708174668334,93,25.733965787865447
astro_bearish_score,5,0.5,-1.0,long_short_balanced_v2,47.722287961979994,154.9101004202547,-0.770123210853547,-0.8339900882218972,0.9126196655377505,61.96708174668334,93,25.733965787865447
astro_bearish_score,5,0.5,-1.5,long_short_balanced_v2,47.722287961979994,154.9101004202547,-0.770123210853547,-0.8339900882218972,0.9126196655377505,61.96708174668334,93,25.733965787865447
astro_reversal_score,8,1.0,-0.5,long_short_balanced_v2,47.23599842783028,154.9101004202547,-0.7703231237133549,-0.8339900882218972,0.888583588074825,61.319720223545154,63,25.508692322718016
astro_reversal_score,8,1.0,-1.0,long_short_balanced_v2,47.23599842783028,154.9101004202547,-0.7703231237133549,-0.8339900882218972,0.888583588074825,61.319720223545154,63,25.508692322718016
astro_reversal_score,8,1.0,-1.5,long_short_balanced_v2,47.23599842783028,154.9101004202547,-0.7703231237133549,-0.8339900882218972,0.888583588074825,61.319720223545154,63,25.508692322718016
astro_reversal_score,8,1.0,-2.0,long_short_balanced_v2,47.23599842783028,154.9101004202547,-0.7703231237133549,-0.8339900882218972,0.888583588074825,61.319720223545154,63,25.508692322718016
astro_volatility_score,5,1.0,-0.5,long_short_balanced_v2,43.96249348427535,154.9101004202547,-0.7268033840160982,-0.8339900882218972,0.8723388369829794,60.48746394293289,126,24.292971292638228
astro_volatility_score,5,1.0,-1.0,long_short_balanced_v2,43.96249348427535,154.9101004202547,-0.7268033840160982,-0.8339900882218972,0.8723388369829794,60.48746394293289,126,24.292971292638228
astro_volatility_score,5,1.0,-1.5,long_short_balanced_v2,43.96249348427535,154.9101004202547,-0.7268033840160982,-0.8339900882218972,0.8723388369829794,60.48746394293289,126,24.292971292638228
astro_volatility_score,5,1.0,-2.0,long_short_balanced_v2,43.96249348427535,154.9101004202547,-0.7268033840160982,-0.8339900882218972,0.8723388369829794,60.48746394293289,126,24.292971292638228
astro_bearish_score,8,0.5,-0.5,long_short_balanced_v2,44.87872831496765,154.9101004202547,-0.7747708922488784,-0.8339900882218972,0.903480110469061,57.92516053965451,67,24.113886308235504
astro_bearish_score,8,0.5,-1.0,long_short_balanced_v2,44.87872831496765,154.9101004202547,-0.7747708922488784,-0.8339900882218972,0.903480110469061,57.92516053965451,67,24.113886308235504
astro_bearish_score,8,0.5,-1.5,long_short_balanced_v2,44.87872831496765,154.9101004202547,-0.7747708922488784,-0.8339900882218972,0.903480110469061,57.92516053965451,67,24.113886308235504
astro_volatility_score,3,1.0,-0.5,long_short_balanced_v2,42.84260008087846,154.9101004202547,-0.6972191254663461,-0.8339900882218972,0.8707822913204292,61.44782682520722,180,24.084829617633638
astro_volatility_score,3,1.0,-1.0,long_short_balanced_v2,42.84260008087846,154.9101004202547,-0.6972191254663461,-0.8339900882218972,0.8707822913204292,61.44782682520722,180,24.084829617633638
astro_volatility_score,3,1.0,-1.5,long_short_balanced_v2,42.84260008087846,154.9101004202547,-0.6972191254663461,-0.8339900882218972,0.8707822913204292,61.44782682520722,180,24.084829617633638
astro_volatility_score,3,1.0,-2.0,long_short_balanced_v2,42.84260008087846,154.9101004202547,-0.6972191254663461,-0.8339900882218972,0.8707822913204292,61.44782682520722,180,24.084829617633638
astro_compression_score,5,0.5,-0.5,long_short_balanced_v2,41.4547070567222,154.9101004202547,-0.750065269810741,-0.8339900882218972,0.987900569423842,55.26813295485897,61,22.63810103104188
astro_compression_score,5,0.5,-1.0,long_short_balanced_v2,41.4547070567222,154.9101004202547,-0.750065269810741,-0.8339900882218972,0.987900569423842,55.26813295485897,61,22.63810103104188
astro_compression_score,5,0.5,-1.5,long_short_balanced_v2,41.4547070567222,154.9101004202547,-0.750065269810741,-0.8339900882218972,0.987900569423842,55.26813295485897,61,22.63810103104188
astro_compression_score,3,0.5,-0.5,long_short_balanced_v2,41.03319824496911,154.9101004202547,-0.7451117220575585,-0.8339900882218972,1.000919016804608,55.06986003610257,65,22.476631504346752
astro_compression_score,3,0.5,-1.0,long_short_balanced_v2,41.03319824496911,154.9101004202547,-0.7451117220575585,-0.8339900882218972,1.000919016804608,55.06986003610257,65,22.476631504346752
astro_compression_score,3,0.5,-1.5,long_short_balanced_v2,41.03319824496911,154.9101004202547,-0.7451117220575585,-0.8339900882218972,1.000919016804608,55.06986003610257,65,22.476631504346752
astro_compression_score,10,0.5,-0.5,long_short_balanced_v2,41.286661108958114,154.9101004202547,-0.7651941233560906,-0.8339900882218972,0.9921197788096555,53.95580003656792,55,22.316215066490745
astro_compression_score,10,0.5,-1.0,long_short_balanced_v2,41.286661108958114,154.9101004202547,-0.7651941233560906,-0.8339900882218972,0.9921197788096555,53.95580003656792,55,22.316215066490745
astro_compression_score,10,0.5,-1.5,long_short_balanced_v2,41.286661108958114,154.9101004202547,-0.7651941233560906,-0.8339900882218972,0.9921197788096555,53.95580003656792,55,22.316215066490745
astro_compression_score,8,0.5,-0.5,long_short_balanced_v2,38.96300706637866,154.9101004202547,-0.7561951350125439,-0.8339900882218972,0.9730772167621883,51.52506973710209,53,21.142854251520074
astro_compression_score,8,0.5,-1.0,long_short_balanced_v2,38.96300706637866,154.9101004202547,-0.7561951350125439,-0.8339900882218972,0.9730772167621883,51.52506973710209,53,21.142854251520074
astro_compression_score,8,0.5,-1.5,long_short_balanced_v2,38.96300706637866,154.9101004202547,-0.7561951350125439,-0.8339900882218972,0.9730772167621883,51.52506973710209,53,21.142854251520074
astro_reversal_score,10,1.0,-0.5,long_short_balanced_v2,39.988484844393255,154.9101004202547,-0.7941583787397377,-0.8339900882218972,0.8606133619402438,50.35328709602184,57,21.106210649188835
astro_reversal_score,10,1.0,-1.0,long_short_balanced_v2,39.988484844393255,154.9101004202547,-0.7941583787397377,-0.8339900882218972,0.8606133619402438,50.35328709602184,57,21.106210649188835
astro_reversal_score,10,1.0,-1.5,long_short_balanced_v2,39.988484844393255,154.9101004202547,-0.7941583787397377,-0.8339900882218972,0.8606133619402438,50.35328709602184,57,21.106210649188835
astro_reversal_score,10,1.0,-2.0,long_short_balanced_v2,39.988484844393255,154.9101004202547,-0.7941583787397377,-0.8339900882218972,0.8606133619402438,50.35328709602184,57,21.106210649188835
astro_trend_end_score,21,1.0,-0.5,long_short_balanced_v2,27.689856794747058,154.9101004202547,-0.4735646533509704,-0.8339900882218972,0.9202110082058522,58.47112236695044,57,19.544918935070093
astro_trend_end_score,21,1.0,-1.0,long_short_balanced_v2,27.689856794747058,154.9101004202547,-0.4735646533509704,-0.8339900882218972,0.9202110082058522,58.47112236695044,57,19.544918935070093
astro_trend_end_score,21,1.0,-1.5,long_short_balanced_v2,27.689856794747058,154.9101004202547,-0.4735646533509704,-0.8339900882218972,0.9202110082058522,58.47112236695044,57,19.544918935070093
astro_trend_end_score,21,1.0,-2.0,long_short_balanced_v2,27.689856794747058,154.9101004202547,-0.4735646533509704,-0.8339900882218972,0.9202110082058522,58.47112236695044,57,19.544918935070093
astro_volatility_score,10,0.5,-0.5,long_short_balanced_v2,37.482248014713434,154.9101004202547,-0.8339900882218975,-0.8339900882218972,0.8165794537462098,44.943277556963764,54,19.20097656497242
astro_volatility_score,10,0.5,-1.0,long_short_balanced_v2,37.482248014713434,154.9101004202547,-0.8339900882218975,-0.8339900882218972,0.8165794537462098,44.943277556963764,54,19.20097656497242
astro_volatility_score,10,0.5,-1.5,long_short_balanced_v2,37.482248014713434,154.9101004202547,-0.8339900882218975,-0.8339900882218972,0.8165794537462098,44.943277556963764,54,19.20097656497242
astro_trend_end_score,10,0.5,-0.5,long_short_balanced_v2,33.85610058588278,154.9101004202547,-0.7340316957373669,-0.8339900882218972,0.8355813403512743,46.12348592368732,38,18.538712353036757
astro_trend_end_score,10,0.5,-1.0,long_short_balanced_v2,33.85610058588278,154.9101004202547,-0.7340316957373669,-0.8339900882218972,0.8355813403512743,46.12348592368732,38,18.538712353036757
astro_trend_end_score,10,0.5,-1.5,long_short_balanced_v2,33.85610058588278,154.9101004202547,-0.7340316957373669,-0.8339900882218972,0.8355813403512743,46.12348592368732,38,18.538712353036757
astro_volatility_score,5,0.5,-0.5,long_short_balanced_v2,35.91272168800776,154.9101004202547,-0.8366232824826665,-0.8339900882218972,0.8117284512233901,42.92579759606656,74,18.280732482380994
astro_volatility_score,5,0.5,-1.0,long_short_balanced_v2,35.91272168800776,154.9101004202547,-0.8366232824826665,-0.8339900882218972,0.8117284512233901,42.92579759606656,74,18.280732482380994
astro_volatility_score,5,0.5,-1.5,long_short_balanced_v2,35.91272168800776,154.9101004202547,-0.8366232824826665,-0.8339900882218972,0.8117284512233901,42.92579759606656,74,18.280732482380994
astro_reversal_score,3,2.0,-1.0,long_short_balanced_v2,26.011849161665523,154.9101004202547,-0.489908665546261,-0.8339900882218972,0.9219611159988939,53.09530324935492,86,17.884536846450803
astro_reversal_score,3,2.0,-1.5,long_short_balanced_v2,26.011849161665523,154.9101004202547,-0.489908665546261,-0.8339900882218972,0.9219611159988939,53.09530324935492,86,17.884536846450803
astro_reversal_score,3,2.0,-2.0,long_short_balanced_v2,26.011849161665523,154.9101004202547,-0.489908665546261,-0.8339900882218972,0.9219611159988939,53.09530324935492,86,17.884536846450803
astro_reversal_score,3,2.0,-2.5,long_short_balanced_v2,26.011849161665523,154.9101004202547,-0.489908665546261,-0.8339900882218972,0.9219611159988939,53.09530324935492,86,17.884536846450803
astro_reversal_score,3,2.0,-3.0,long_short_balanced_v2,26.011849161665523,154.9101004202547,-0.489908665546261,-0.8339900882218972,0.9219611159988939,53.09530324935492,86,17.884536846450803
astro_compression_score,30,0.5,-0.5,long_short_balanced_v2,32.47064493096398,154.9101004202547,-0.7281026597505498,-0.8339900882218972,0.9469167728957641,44.596245455398446,49,17.849055289901365
astro_compression_score,30,0.5,-1.0,long_short_balanced_v2,32.47064493096398,154.9101004202547,-0.7281026597505498,-0.8339900882218972,0.9469167728957641,44.596245455398446,49,17.849055289901365
astro_compression_score,30,0.5,-1.5,long_short_balanced_v2,32.47064493096398,154.9101004202547,-0.7281026597505498,-0.8339900882218972,0.9469167728957641,44.596245455398446,49,17.849055289901365
astro_trend_end_score,30,1.0,-0.5,long_short_balanced_v2,23.451155225825946,154.9101004202547,-0.4452419154793995,-0.8339900882218972,0.8839316613088278,52.670591897386146,55,17.145174738529445
astro_trend_end_score,30,1.0,-1.0,long_short_balanced_v2,23.451155225825946,154.9101004202547,-0.4452419154793995,-0.8339900882218972,0.8839316613088278,52.670591897386146,55,17.145174738529445
astro_trend_end_score,30,1.0,-1.5,long_short_balanced_v2,23.451155225825946,154.9101004202547,-0.4452419154793995,-0.8339900882218972,0.8839316613088278,52.670591897386146,55,17.145174738529445
astro_trend_end_score,30,1.0,-2.0,long_short_balanced_v2,23.451155225825946,154.9101004202547,-0.4452419154793995,-0.8339900882218972,0.8839316613088278,52.670591897386146,55,17.145174738529445
astro_volatility_score,14,0.5,-0.5,long_short_balanced_v2,31.498673632235686,154.9101004202547,-0.8339900882218971,-0.8339900882218972,0.7938336374801093,37.768642669833426,46,15.977878946296586
astro_volatility_score,14,0.5,-1.0,long_short_balanced_v2,31.498673632235686,154.9101004202547,-0.8339900882218971,-0.8339900882218972,0.7938336374801093,37.768642669833426,46,15.977878946296586
astro_volatility_score,14,0.5,-1.5,long_short_balanced_v2,31.498673632235686,154.9101004202547,-0.8339900882218971,-0.8339900882218972,0.7938336374801093,37.768642669833426,46,15.977878946296586
astro_reversal_score,14,1.0,-0.5,long_short_balanced_v2,30.91125954138173,154.9101004202547,-0.8198639459759315,-0.8339900882218972,0.8178284879685672,37.702913627438846,51,15.809296064125817
astro_reversal_score,14,1.0,-1.0,long_short_balanced_v2,30.91125954138173,154.9101004202547,-0.8198639459759315,-0.8339900882218972,0.8178284879685672,37.702913627438846,51,15.809296064125817
astro_reversal_score,14,1.0,-1.5,long_short_balanced_v2,30.91125954138173,154.9101004202547,-0.8198639459759315,-0.8339900882218972,0.8178284879685672,37.702913627438846,51,15.809296064125817
astro_reversal_score,14,1.0,-2.0,long_short_balanced_v2,30.91125954138173,154.9101004202547,-0.8198639459759315,-0.8339900882218972,0.8178284879685672,37.702913627438846,51,15.809296064125817
astro_compression_score,14,0.5,-0.5,long_short_balanced_v2,28.515203286235856,154.9101004202547,-0.733374667732147,-0.8339900882218972,0.9134790392468585,38.88217652024294,51,15.494325904019867
astro_compression_score,14,0.5,-1.0,long_short_balanced_v2,28.515203286235856,154.9101004202547,-0.733374667732147,-0.8339900882218972,0.9134790392468585,38.88217652024294,51,15.494325904019867
astro_compression_score,14,0.5,-1.5,long_short_balanced_v2,28.515203286235856,154.9101004202547,-0.733374667732147,-0.8339900882218972,0.9134790392468585,38.88217652024294,51,15.494325904019867
astro_bearish_score,30,0.5,-0.5,long_short_balanced_v2,27.9113611758731,154.9101004202547,-0.7450097262561342,-0.8339900882218972,0.8192394037420606,37.46442521782217,39,14.998474568438988
astro_bearish_score,30,0.5,-1.0,long_short_balanced_v2,27.9113611758731,154.9101004202547,-0.7450097262561342,-0.8339900882218972,0.8192394037420606,37.46442521782217,39,14.998474568438988
astro_bearish_score,30,0.5,-1.5,long_short_balanced_v2,27.9113611758731,154.9101004202547,-0.7450097262561342,-0.8339900882218972,0.8192394037420606,37.46442521782217,39,14.998474568438988
astro_trend_start_score,10,2.0,-1.0,long_short_balanced_v2,18.359026263884854,154.9101004202547,-0.378094086817632,-0.8339900882218972,1.1025052147073824,48.556766434541075,62,14.968922121730177
astro_trend_start_score,10,2.0,-1.5,long_short_balanced_v2,18.359026263884854,154.9101004202547,-0.378094086817632,-0.8339900882218972,1.1025052147073824,48.556766434541075,62,14.968922121730177
astro_trend_start_score,10,2.0,-2.0,long_short_balanced_v2,18.359026263884854,154.9101004202547,-0.378094086817632,-0.8339900882218972,1.1025052147073824,48.556766434541075,62,14.968922121730177
astro_trend_start_score,10,2.0,-2.5,long_short_balanced_v2,18.359026263884854,154.9101004202547,-0.378094086817632,-0.8339900882218972,1.1025052147073824,48.556766434541075,62,14.968922121730177
astro_trend_start_score,10,2.0,-3.0,long_short_balanced_v2,18.359026263884854,154.9101004202547,-0.378094086817632,-0.8339900882218972,1.1025052147073824,48.556766434541075,62,14.968922121730177
astro_trend_start_score,14,2.0,-1.0,long_short_balanced_v2,19.048107195639744,154.9101004202547,-0.4105954810157181,-0.8339900882218972,1.1005910642264605,46.39141947816654,40,14.73705925849224
astro_trend_start_score,14,2.0,-1.5,long_short_balanced_v2,19.048107195639744,154.9101004202547,-0.4105954810157181,-0.8339900882218972,1.1005910642264605,46.39141947816654,40,14.73705925849224
astro_trend_start_score,14,2.0,-2.0,long_short_balanced_v2,19.048107195639744,154.9101004202547,-0.4105954810157181,-0.8339900882218972,1.1005910642264605,46.39141947816654,40,14.73705925849224
astro_trend_start_score,14,2.0,-2.5,long_short_balanced_v2,19.048107195639744,154.9101004202547,-0.4105954810157181,-0.8339900882218972,1.1005910642264605,46.39141947816654,40,14.73705925849224
astro_trend_start_score,14,2.0,-3.0,long_short_balanced_v2,19.048107195639744,154.9101004202547,-0.4105954810157181,-0.8339900882218972,1.1005910642264605,46.39141947816654,40,14.73705925849224
astro_reversal_score,21,1.0,-0.5,long_short_balanced_v2,28.51609233281421,154.9101004202547,-0.8339900882218972,-0.8339900882218972,0.8041575187802323,34.192363597044356,45,14.373978294432382
astro_reversal_score,21,1.0,-1.0,long_short_balanced_v2,28.51609233281421,154.9101004202547,-0.8339900882218972,-0.8339900882218972,0.8041575187802323,34.192363597044356,45,14.373978294432382
astro_reversal_score,21,1.0,-1.5,long_short_balanced_v2,28.51609233281421,154.9101004202547,-0.8339900882218972,-0.8339900882218972,0.8041575187802323,34.192363597044356,45,14.373978294432382
astro_reversal_score,21,1.0,-2.0,long_short_balanced_v2,28.51609233281421,154.9101004202547,-0.8339900882218972,-0.8339900882218972,0.8041575187802323,34.192363597044356,45,14.373978294432382
astro_trend_end_score,14,0.5,-0.5,long_short_balanced_v2,26.636091033793516,154.9101004202547,-0.7412515365900016,-0.8339900882218972,0.7982030445270993,35.93394376803346,36,14.313019976670585
astro_trend_end_score,14,0.5,-1.0,long_short_balanced_v2,26.636091033793516,154.9101004202547,-0.7412515365900016,-0.8339900882218972,0.7982030445270993,35.93394376803346,36,14.313019976670585
astro_trend_end_score,14,0.5,-1.5,long_short_balanced_v2,26.636091033793516,154.9101004202547,-0.7412515365900016,-0.8339900882218972,0.7982030445270993,35.93394376803346,36,14.313019976670585
astro_reversal_score,5,1.0,-0.5,long_short_balanced_v2,26.541021288911832,154.9101004202547,-0.7337114977517648,-0.8339900882218972,0.802103667027797,36.173647776051894,75,14.267310162067398
astro_reversal_score,5,1.0,-1.0,long_short_balanced_v2,26.541021288911832,154.9101004202547,-0.7337114977517648,-0.8339900882218972,0.802103667027797,36.173647776051894,75,14.267310162067398
astro_reversal_score,5,1.0,-1.5,long_short_balanced_v2,26.541021288911832,154.9101004202547,-0.7337114977517648,-0.8339900882218972,0.802103667027797,36.173647776051894,75,14.267310162067398
astro_reversal_score,5,1.0,-2.0,long_short_balanced_v2,26.541021288911832,154.9101004202547,-0.7337114977517648,-0.8339900882218972,0.802103667027797,36.173647776051894,75,14.267310162067398
astro_volatility_score,10,1.0,-0.5,long_short_balanced_v2,26.43103351197877,154.9101004202547,-0.7322693662156745,-0.8339900882218972,0.7908475179857138,36.094686916336286,87,14.192182394731663
astro_volatility_score,10,1.0,-1.0,long_short_balanced_v2,26.43103351197877,154.9101004202547,-0.7322693662156745,-0.8339900882218972,0.7908475179857138,36.094686916336286,87,14.192182394731663
astro_volatility_score,10,1.0,-1.5,long_short_balanced_v2,26.43103351197877,154.9101004202547,-0.7322693662156745,-0.8339900882218972,0.7908475179857138,36.094686916336286,87,14.192182394731663
astro_volatility_score,10,1.0,-2.0,long_short_balanced_v2,26.43103351197877,154.9101004202547,-0.7322693662156745,-0.8339900882218972,0.7908475179857138,36.094686916336286,87,14.192182394731663
astro_reversal_score,5,2.0,-1.0,long_short_balanced_v2,20.58620406231773,154.9101004202547,-0.4899086655462611,-0.8339900882218972,0.8718306294820675,42.02049383911911,68,14.057829239992579
astro_reversal_score,5,2.0,-1.5,long_short_balanced_v2,20.58620406231773,154.9101004202547,-0.4899086655462611,-0.8339900882218972,0.8718306294820675,42.02049383911911,68,14.057829239992579
astro_reversal_score,5,2.0,-2.0,long_short_balanced_v2,20.58620406231773,154.9101004202547,-0.4899086655462611,-0.8339900882218972,0.8718306294820675,42.02049383911911,68,14.057829239992579
astro_reversal_score,5,2.0,-2.5,long_short_balanced_v2,20.58620406231773,154.9101004202547,-0.4899086655462611,-0.8339900882218972,0.8718306294820675,42.02049383911911,68,14.057829239992579
astro_reversal_score,5,2.0,-3.0,long_short_balanced_v2,20.58620406231773,154.9101004202547,-0.4899086655462611,-0.8339900882218972,0.8718306294820675,42.02049383911911,68,14.057829239992579
astro_trend_start_score,8,2.0,-1.0,long_short_balanced_v2,17.82083949060449,154.9101004202547,-0.40133547832344785,-0.8339900882218972,1.0922170172206376,44.40384778602146,64,13.933904993788724
astro_trend_start_score,8,2.0,-1.5,long_short_balanced_v2,17.82083949060449,154.9101004202547,-0.40133547832344785,-0.8339900882218972,1.0922170172206376,44.40384778602146,64,13.933904993788724
astro_trend_start_score,8,2.0,-2.0,long_short_balanced_v2,17.82083949060449,154.9101004202547,-0.40133547832344785,-0.8339900882218972,1.0922170172206376,44.40384778602146,64,13.933904993788724
astro_trend_start_score,8,2.0,-2.5,long_short_balanced_v2,17.82083949060449,154.9101004202547,-0.40133547832344785,-0.8339900882218972,1.0922170172206376,44.40384778602146,64,13.933904993788724
astro_trend_start_score,8,2.0,-3.0,long_short_balanced_v2,17.82083949060449,154.9101004202547,-0.40133547832344785,-0.8339900882218972,1.0922170172206376,44.40384778602146,64,13.933904993788724
astro_volatility_score,8,0.5,-0.5,long_short_balanced_v2,26.93555585322124,154.9101004202547,-0.8339900882218972,-0.8339900882218972,0.7733298787642865,32.29721340052015,58,13.482456255243273
astro_volatility_score,8,0.5,-1.0,long_short_balanced_v2,26.93555585322124,154.9101004202547,-0.8339900882218972,-0.8339900882218972,0.7733298787642865,32.29721340052015,58,13.482456255243273
astro_volatility_score,8,0.5,-1.5,long_short_balanced_v2,26.93555585322124,154.9101004202547,-0.8339900882218972,-0.8339900882218972,0.7733298787642865,32.29721340052015,58,13.482456255243273
astro_bullish_score,21,1.0,-0.5,long_short_balanced_v2,25.504170515113373,154.9101004202547,-0.8153271113852913,-0.8339900882218972,0.7779830540777133,31.280905735834303,41,12.91363485625402
astro_bullish_score,21,1.0,-1.0,long_short_balanced_v2,25.504170515113373,154.9101004202547,-0.8153271113852913,-0.8339900882218972,0.7779830540777133,31.280905735834303,41,12.91363485625402
astro_bullish_score,21,1.0,-1.5,long_short_balanced_v2,25.504170515113373,154.9101004202547,-0.8153271113852913,-0.8339900882218972,0.7779830540777133,31.280905735834303,41,12.91363485625402
astro_bullish_score,21,1.0,-2.0,long_short_balanced_v2,25.504170515113373,154.9101004202547,-0.8153271113852913,-0.8339900882218972,0.7779830540777133,31.280905735834303,41,12.91363485625402
astro_trend_end_score,21,0.5,-0.5,long_short_balanced_v2,23.458161659117042,154.9101004202547,-0.7033590312464962,-0.8339900882218972,0.7761228532285099,33.35161790351135,34,12.895182672859043
astro_trend_end_score,21,0.5,-1.0,long_short_balanced_v2,23.458161659117042,154.9101004202547,-0.7033590312464962,-0.8339900882218972,0.7761228532285099,33.35161790351135,34,12.895182672859043
astro_trend_end_score,21,0.5,-1.5,long_short_balanced_v2,23.458161659117042,154.9101004202547,-0.7033590312464962,-0.8339900882218972,0.7761228532285099,33.35161790351135,34,12.895182672859043
astro_bearish_score,3,0.5,-0.5,long_short_balanced_v2,24.250082021403262,154.9101004202547,-0.7566347459411208,-0.8339900882218972,0.8037672129171666,32.0499186053641,117,12.637563093748984
astro_bearish_score,3,0.5,-1.0,long_short_balanced_v2,24.250082021403262,154.9101004202547,-0.7566347459411208,-0.8339900882218972,0.8037672129171666,32.0499186053641,117,12.637563093748984
astro_bearish_score,3,0.5,-1.5,long_short_balanced_v2,24.250082021403262,154.9101004202547,-0.7566347459411208,-0.8339900882218972,0.8037672129171666,32.0499186053641,117,12.637563093748984
astro_compression_score,21,0.5,-0.5,long_short_balanced_v2,23.8683265865287,154.9101004202547,-0.753659674609175,-0.8339900882218972,0.8810787645798037,31.669900076458365,51,12.614419985168443
astro_compression_score,21,0.5,-1.0,long_short_balanced_v2,23.8683265865287,154.9101004202547,-0.753659674609175,-0.8339900882218972,0.8810787645798037,31.669900076458365,51,12.614419985168443
astro_compression_score,21,0.5,-1.5,long_short_balanced_v2,23.8683265865287,154.9101004202547,-0.753659674609175,-0.8339900882218972,0.8810787645798037,31.669900076458365,51,12.614419985168443
astro_trend_end_score,14,1.0,-0.5,long_short_balanced_v2,16.625898122167403,154.9101004202547,-0.426583607422763,-0.8339900882218972,0.8075732622429623,38.974535900744094,67,12.331830510562078
astro_trend_end_score,14,1.0,-1.0,long_short_balanced_v2,16.625898122167403,154.9101004202547,-0.426583607422763,-0.8339900882218972,0.8075732622429623,38.974535900744094,67,12.331830510562078
astro_trend_end_score,14,1.0,-1.5,long_short_balanced_v2,16.625898122167403,154.9101004202547,-0.426583607422763,-0.8339900882218972,0.8075732622429623,38.974535900744094,67,12.331830510562078
astro_trend_end_score,14,1.0,-2.0,long_short_balanced_v2,16.625898122167403,154.9101004202547,-0.426583607422763,-0.8339900882218972,0.8075732622429623,38.974535900744094,67,12.331830510562078
astro_trend_start_score,21,2.0,-1.0,long_short_balanced_v2,15.576589010626627,154.9101004202547,-0.39545179444637024,-0.8339900882218972,1.0039206348262422,39.38934967391852,36,12.287237200232633
astro_trend_start_score,21,2.0,-1.5,long_short_balanced_v2,15.576589010626627,154.9101004202547,-0.39545179444637024,-0.8339900882218972,1.0039206348262422,39.38934967391852,36,12.287237200232633
astro_trend_start_score,21,2.0,-2.0,long_short_balanced_v2,15.576589010626627,154.9101004202547,-0.39545179444637024,-0.8339900882218972,1.0039206348262422,39.38934967391852,36,12.287237200232633
astro_trend_start_score,21,2.0,-2.5,long_short_balanced_v2,15.576589010626627,154.9101004202547,-0.39545179444637024,-0.8339900882218972,1.0039206348262422,39.38934967391852,36,12.287237200232633
astro_trend_start_score,21,2.0,-3.0,long_short_balanced_v2,15.576589010626627,154.9101004202547,-0.39545179444637024,-0.8339900882218972,1.0039206348262422,39.38934967391852,36,12.287237200232633
astro_bullish_score,3,1.0,-0.5,long_short_balanced_v2,23.83591996702496,154.9101004202547,-0.8339900882218974,-0.8339900882218972,0.7670879486559385,28.580579438113183,75,11.772741924859654
astro_bullish_score,3,1.0,-1.0,long_short_balanced_v2,23.83591996702496,154.9101004202547,-0.8339900882218974,-0.8339900882218972,0.7670879486559385,28.580579438113183,75,11.772741924859654
astro_bullish_score,3,1.0,-1.5,long_short_balanced_v2,23.83591996702496,154.9101004202547,-0.8339900882218974,-0.8339900882218972,0.7670879486559385,28.580579438113183,75,11.772741924859654
astro_bullish_score,3,1.0,-2.0,long_short_balanced_v2,23.83591996702496,154.9101004202547,-0.8339900882218974,-0.8339900882218972,0.7670879486559385,28.580579438113183,75,11.772741924859654
astro_reversal_score,8,2.0,-1.0,long_short_balanced_v2,16.68644265264243,154.9101004202547,-0.4899086655462608,-0.8339900882218972,0.834496594213187,34.060313332152674,62,11.292931101589147
astro_reversal_score,8,2.0,-1.5,long_short_balanced_v2,16.68644265264243,154.9101004202547,-0.4899086655462608,-0.8339900882218972,0.834496594213187,34.060313332152674,62,11.292931101589147
astro_reversal_score,8,2.0,-2.0,long_short_balanced_v2,16.68644265264243,154.9101004202547,-0.4899086655462608,-0.8339900882218972,0.834496594213187,34.060313332152674,62,11.292931101589147
astro_reversal_score,8,2.0,-2.5,long_short_balanced_v2,16.68644265264243,154.9101004202547,-0.4899086655462608,-0.8339900882218972,0.834496594213187,34.060313332152674,62,11.292931101589147
astro_reversal_score,8,2.0,-3.0,long_short_balanced_v2,16.68644265264243,154.9101004202547,-0.4899086655462608,-0.8339900882218972,0.834496594213187,34.060313332152674,62,11.292931101589147
astro_trend_start_score,5,2.5,-1.5,long_short_balanced_v2,10.206996983781613,154.9101004202547,-0.2601529640482819,-0.8339900882218972,1.2049607734638128,39.23459808010218,24,10.952773574468022
astro_trend_start_score,5,2.5,-2.0,long_short_balanced_v2,10.206996983781613,154.9101004202547,-0.2601529640482819,-0.8339900882218972,1.2049607734638128,39.23459808010218,24,10.952773574468022
astro_trend_start_score,5,2.5,-2.5,long_short_balanced_v2,10.206996983781613,154.9101004202547,-0.2601529640482819,-0.8339900882218972,1.2049607734638128,39.23459808010218,24,10.952773574468022
astro_trend_start_score,5,2.5,-3.0,long_short_balanced_v2,10.206996983781613,154.9101004202547,-0.2601529640482819,-0.8339900882218972,1.2049607734638128,39.23459808010218,24,10.952773574468022
astro_volatility_score,8,1.0,-0.5,long_short_balanced_v2,20.634874502891172,154.9101004202547,-0.7355643772900644,-0.8339900882218972,0.754628744147539,28.05311831292499,105,10.789590945176268
astro_volatility_score,8,1.0,-1.0,long_short_balanced_v2,20.634874502891172,154.9101004202547,-0.7355643772900644,-0.8339900882218972,0.754628744147539,28.05311831292499,105,10.789590945176268
astro_volatility_score,8,1.0,-1.5,long_short_balanced_v2,20.634874502891172,154.9101004202547,-0.7355643772900644,-0.8339900882218972,0.754628744147539,28.05311831292499,105,10.789590945176268
astro_volatility_score,8,1.0,-2.0,long_short_balanced_v2,20.634874502891172,154.9101004202547,-0.7355643772900644,-0.8339900882218972,0.754628744147539,28.05311831292499,105,10.789590945176268
astro_trend_start_score,8,2.5,-1.5,long_short_balanced_v2,9.631348820925139,154.9101004202547,-0.2601529640482816,-0.8339900882218972,1.1768380831043777,37.02186848479521,20,10.334284130405914
astro_trend_start_score,8,2.5,-2.0,long_short_balanced_v2,9.631348820925139,154.9101004202547,-0.2601529640482816,-0.8339900882218972,1.1768380831043777,37.02186848479521,20,10.334284130405914
astro_trend_start_score,8,2.5,-2.5,long_short_balanced_v2,9.631348820925139,154.9101004202547,-0.2601529640482816,-0.8339900882218972,1.1768380831043777,37.02186848479521,20,10.334284130405914
astro_trend_start_score,8,2.5,-3.0,long_short_balanced_v2,9.631348820925139,154.9101004202547,-0.2601529640482816,-0.8339900882218972,1.1768380831043777,37.02186848479521,20,10.334284130405914
astro_bullish_score,30,1.0,-0.5,long_short_balanced_v2,20.61815338165217,154.9101004202547,-0.8153271113852909,-0.8339900882218972,0.747272535181375,25.288197943792966,39,10.24100395024886
astro_bullish_score,30,1.0,-1.0,long_short_balanced_v2,20.61815338165217,154.9101004202547,-0.8153271113852909,-0.8339900882218972,0.747272535181375,25.288197943792966,39,10.24100395024886
astro_bullish_score,30,1.0,-1.5,long_short_balanced_v2,20.61815338165217,154.9101004202547,-0.8153271113852909,-0.8339900882218972,0.747272535181375,25.288197943792966,39,10.24100395024886
astro_bullish_score,30,1.0,-2.0,long_short_balanced_v2,20.61815338165217,154.9101004202547,-0.8153271113852909,-0.8339900882218972,0.747272535181375,25.288197943792966,39,10.24100395024886
astro_trend_start_score,30,2.0,-1.0,long_short_balanced_v2,12.047255926471342,154.9101004202547,-0.3674558419125614,-0.8339900882218972,0.9258538573067542,32.785588232226466,32,9.926452204440556
astro_trend_start_score,30,2.0,-1.5,long_short_balanced_v2,12.047255926471342,154.9101004202547,-0.3674558419125614,-0.8339900882218972,0.9258538573067542,32.785588232226466,32,9.926452204440556
astro_trend_start_score,30,2.0,-2.0,long_short_balanced_v2,12.047255926471342,154.9101004202547,-0.3674558419125614,-0.8339900882218972,0.9258538573067542,32.785588232226466,32,9.926452204440556
astro_trend_start_score,30,2.0,-2.5,long_short_balanced_v2,12.047255926471342,154.9101004202547,-0.3674558419125614,-0.8339900882218972,0.9258538573067542,32.785588232226466,32,9.926452204440556
astro_trend_start_score,30,2.0,-3.0,long_short_balanced_v2,12.047255926471342,154.9101004202547,-0.3674558419125614,-0.8339900882218972,0.9258538573067542,32.785588232226466,32,9.926452204440556
astro_bullish_score,14,1.0,-0.5,long_short_balanced_v2,20.11602501243861,154.9101004202547,-0.8210491611021057,-0.8339900882218972,0.7441526982930072,24.500390433913346,47,9.906972928178297
astro_bullish_score,14,1.0,-1.0,long_short_balanced_v2,20.11602501243861,154.9101004202547,-0.8210491611021057,-0.8339900882218972,0.7441526982930072,24.500390433913346,47,9.906972928178297
astro_bullish_score,14,1.0,-1.5,long_short_balanced_v2,20.11602501243861,154.9101004202547,-0.8210491611021057,-0.8339900882218972,0.7441526982930072,24.500390433913346,47,9.906972928178297
astro_bullish_score,14,1.0,-2.0,long_short_balanced_v2,20.11602501243861,154.9101004202547,-0.8210491611021057,-0.8339900882218972,0.7441526982930072,24.500390433913346,47,9.906972928178297
astro_trend_start_score,10,2.5,-1.5,long_short_balanced_v2,8.910076571488151,154.9101004202547,-0.26015296404828214,-0.8339900882218972,1.1467224784661567,34.24937557057592,20,9.55135763087567
astro_trend_start_score,10,2.5,-2.0,long_short_balanced_v2,8.910076571488151,154.9101004202547,-0.26015296404828214,-0.8339900882218972,1.1467224784661567,34.24937557057592,20,9.55135763087567
astro_trend_start_score,10,2.5,-2.5,long_short_balanced_v2,8.910076571488151,154.9101004202547,-0.26015296404828214,-0.8339900882218972,1.1467224784661567,34.24937557057592,20,9.55135763087567
astro_trend_start_score,10,2.5,-3.0,long_short_balanced_v2,8.910076571488151,154.9101004202547,-0.26015296404828214,-0.8339900882218972,1.1467224784661567,34.24937557057592,20,9.55135763087567
astro_reversal_score,10,2.0,-1.0,long_short_balanced_v2,14.13060409171304,154.9101004202547,-0.4899086655462611,-0.8339900882218972,0.7988946914175923,28.843343842381405,56,9.48054487423784
astro_reversal_score,10,2.0,-1.5,long_short_balanced_v2,14.13060409171304,154.9101004202547,-0.4899086655462611,-0.8339900882218972,0.7988946914175923,28.843343842381405,56,9.48054487423784
astro_reversal_score,10,2.0,-2.0,long_short_balanced_v2,14.13060409171304,154.9101004202547,-0.4899086655462611,-0.8339900882218972,0.7988946914175923,28.843343842381405,56,9.48054487423784
astro_reversal_score,10,2.0,-2.5,long_short_balanced_v2,14.13060409171304,154.9101004202547,-0.4899086655462611,-0.8339900882218972,0.7988946914175923,28.843343842381405,56,9.48054487423784
astro_reversal_score,10,2.0,-3.0,long_short_balanced_v2,14.13060409171304,154.9101004202547,-0.4899086655462611,-0.8339900882218972,0.7988946914175923,28.843343842381405,56,9.48054487423784
astro_trend_end_score,8,1.0,-0.5,long_short_balanced_v2,13.808895086460593,154.9101004202547,-0.4981023505371308,-0.8339900882218972,0.769586465414609,27.72300727264128,79,9.089951040826582
astro_trend_end_score,8,1.0,-1.0,long_short_balanced_v2,13.808895086460593,154.9101004202547,-0.4981023505371308,-0.8339900882218972,0.769586465414609,27.72300727264128,79,9.089951040826582
astro_trend_end_score,8,1.0,-1.5,long_short_balanced_v2,13.808895086460593,154.9101004202547,-0.4981023505371308,-0.8339900882218972,0.769586465414609,27.72300727264128,79,9.089951040826582
astro_trend_end_score,8,1.0,-2.0,long_short_balanced_v2,13.808895086460593,154.9101004202547,-0.4981023505371308,-0.8339900882218972,0.769586465414609,27.72300727264128,79,9.089951040826582
astro_trend_start_score,14,2.5,-1.5,long_short_balanced_v2,8.388782881639875,154.9101004202547,-0.2601529640482816,-0.8339900882218972,1.1295905725701192,32.24557872069067,20,8.987357391585723
astro_trend_start_score,14,2.5,-2.0,long_short_balanced_v2,8.388782881639875,154.9101004202547,-0.2601529640482816,-0.8339900882218972,1.1295905725701192,32.24557872069067,20,8.987357391585723
astro_trend_start_score,14,2.5,-2.5,long_short_balanced_v2,8.388782881639875,154.9101004202547,-0.2601529640482816,-0.8339900882218972,1.1295905725701192,32.24557872069067,20,8.987357391585723
astro_trend_start_score,14,2.5,-3.0,long_short_balanced_v2,8.388782881639875,154.9101004202547,-0.2601529640482816,-0.8339900882218972,1.1295905725701192,32.24557872069067,20,8.987357391585723
astro_trend_end_score,5,1.0,-0.5,long_short_balanced_v2,13.856809441599388,154.9101004202547,-0.5178453510161254,-0.8339900882218972,0.7718740968097365,26.758586157835172,85,8.870741676246558
astro_trend_end_score,5,1.0,-1.0,long_short_balanced_v2,13.856809441599388,154.9101004202547,-0.5178453510161254,-0.8339900882218972,0.7718740968097365,26.758586157835172,85,8.870741676246558
astro_trend_end_score,5,1.0,-1.5,long_short_balanced_v2,13.856809441599388,154.9101004202547,-0.5178453510161254,-0.8339900882218972,0.7718740968097365,26.758586157835172,85,8.870741676246558
astro_trend_end_score,5,1.0,-2.0,long_short_balanced_v2,13.856809441599388,154.9101004202547,-0.5178453510161254,-0.8339900882218972,0.7718740968097365,26.758586157835172,85,8.870741676246558
astro_trend_start_score,3,2.5,-1.5,long_short_balanced_v2,8.23394410241879,154.9101004202547,-0.2692031307721482,-0.8339900882218972,1.115650347946144,30.586360859926057,28,8.573910845731085
astro_trend_start_score,3,2.5,-2.0,long_short_balanced_v2,8.23394410241879,154.9101004202547,-0.2692031307721482,-0.8339900882218972,1.115650347946144,30.586360859926057,28,8.573910845731085
astro_trend_start_score,3,2.5,-2.5,long_short_balanced_v2,8.23394410241879,154.9101004202547,-0.2692031307721482,-0.8339900882218972,1.115650347946144,30.586360859926057,28,8.573910845731085
astro_trend_start_score,3,2.5,-3.0,long_short_balanced_v2,8.23394410241879,154.9101004202547,-0.2692031307721482,-0.8339900882218972,1.115650347946144,30.586360859926057,28,8.573910845731085
astro_bearish_score,14,1.0,-0.5,long_short_balanced_v2,15.384116394733336,154.9101004202547,-0.66765741924115,-0.8339900882218972,0.8311422321470386,23.04193131294595,49,8.456591945006283
astro_bearish_score,14,1.0,-1.0,long_short_balanced_v2,15.384116394733336,154.9101004202547,-0.66765741924115,-0.8339900882218972,0.8311422321470386,23.04193131294595,49,8.456591945006283
astro_bearish_score,14,1.0,-1.5,long_short_balanced_v2,15.384116394733336,154.9101004202547,-0.66765741924115,-0.8339900882218972,0.8311422321470386,23.04193131294595,49,8.456591945006283
astro_bearish_score,14,1.0,-2.0,long_short_balanced_v2,15.384116394733336,154.9101004202547,-0.66765741924115,-0.8339900882218972,0.8311422321470386,23.04193131294595,49,8.456591945006283
astro_trend_end_score,30,0.5,-0.5,long_short_balanced_v2,16.162238217342047,154.9101004202547,-0.7473370596493257,-0.8339900882218972,0.7192589706338779,21.62643750722851,34,8.27265696542788
astro_trend_end_score,30,0.5,-1.0,long_short_balanced_v2,16.162238217342047,154.9101004202547,-0.7473370596493257,-0.8339900882218972,0.7192589706338779,21.62643750722851,34,8.27265696542788
astro_trend_end_score,30,0.5,-1.5,long_short_balanced_v2,16.162238217342047,154.9101004202547,-0.7473370596493257,-0.8339900882218972,0.7192589706338779,21.62643750722851,34,8.27265696542788
astro_trend_end_score,10,1.0,-0.5,long_short_balanced_v2,13.127498247143638,154.9101004202547,-0.5424604841004447,-0.8339900882218972,0.760310269558611,24.199916181752485,73,8.122666092166366
astro_trend_end_score,10,1.0,-1.0,long_short_balanced_v2,13.127498247143638,154.9101004202547,-0.5424604841004447,-0.8339900882218972,0.760310269558611,24.199916181752485,73,8.122666092166366
astro_trend_end_score,10,1.0,-1.5,long_short_balanced_v2,13.127498247143638,154.9101004202547,-0.5424604841004447,-0.8339900882218972,0.760310269558611,24.199916181752485,73,8.122666092166366
astro_trend_end_score,10,1.0,-2.0,long_short_balanced_v2,13.127498247143638,154.9101004202547,-0.5424604841004447,-0.8339900882218972,0.760310269558611,24.199916181752485,73,8.122666092166366
astro_trend_start_score,3,2.0,-1.0,long_short_balanced_v2,11.325940871676625,154.9101004202547,-0.4433890004878883,-0.8339900882218972,0.9656641675468243,25.544027612804992,82,8.063769950350885
astro_trend_start_score,3,2.0,-1.5,long_short_balanced_v2,11.325940871676625,154.9101004202547,-0.4433890004878883,-0.8339900882218972,0.9656641675468243,25.544027612804992,82,8.063769950350885
astro_trend_start_score,3,2.0,-2.0,long_short_balanced_v2,11.325940871676625,154.9101004202547,-0.4433890004878883,-0.8339900882218972,0.9656641675468243,25.544027612804992,82,8.063769950350885
astro_trend_start_score,3,2.0,-2.5,long_short_balanced_v2,11.325940871676625,154.9101004202547,-0.4433890004878883,-0.8339900882218972,0.9656641675468243,25.544027612804992,82,8.063769950350885
astro_trend_start_score,3,2.0,-3.0,long_short_balanced_v2,11.325940871676625,154.9101004202547,-0.4433890004878883,-0.8339900882218972,0.9656641675468243,25.544027612804992,82,8.063769950350885
astro_bullish_score,5,1.0,-0.5,long_short_balanced_v2,16.199035211700558,154.9101004202547,-0.8339900882218972,-0.8339900882218972,0.7130531753950572,19.42353445259475,63,7.652653591854294
astro_bullish_score,5,1.0,-1.0,long_short_balanced_v2,16.199035211700558,154.9101004202547,-0.8339900882218972,-0.8339900882218972,0.7130531753950572,19.42353445259475,63,7.652653591854294
astro_bullish_score,5,1.0,-1.5,long_short_balanced_v2,16.199035211700558,154.9101004202547,-0.8339900882218972,-0.8339900882218972,0.7130531753950572,19.42353445259475,63,7.652653591854294
astro_bullish_score,5,1.0,-2.0,long_short_balanced_v2,16.199035211700558,154.9101004202547,-0.8339900882218972,-0.8339900882218972,0.7130531753950572,19.42353445259475,63,7.652653591854294
astro_bearish_score,21,1.0,-0.5,long_short_balanced_v2,13.909536224439158,154.9101004202547,-0.6673961608979896,-0.8339900882218972,0.8121771136847515,20.841498707040373,35,7.594937212866738
astro_bearish_score,21,1.0,-1.0,long_short_balanced_v2,13.909536224439158,154.9101004202547,-0.6673961608979896,-0.8339900882218972,0.8121771136847515,20.841498707040373,35,7.594937212866738
astro_bearish_score,21,1.0,-1.5,long_short_balanced_v2,13.909536224439158,154.9101004202547,-0.6673961608979896,-0.8339900882218972,0.8121771136847515,20.841498707040373,35,7.594937212866738
astro_bearish_score,21,1.0,-2.0,long_short_balanced_v2,13.909536224439158,154.9101004202547,-0.6673961608979896,-0.8339900882218972,0.8121771136847515,20.841498707040373,35,7.594937212866738
astro_trend_start_score,5,2.0,-1.0,long_short_balanced_v2,10.234705491196728,154.9101004202547,-0.43649950892114686,-0.8339900882218972,0.9227950613843428,23.44723254441419,70,7.334226917413873
astro_trend_start_score,5,2.0,-1.5,long_short_balanced_v2,10.234705491196728,154.9101004202547,-0.43649950892114686,-0.8339900882218972,0.9227950613843428,23.44723254441419,70,7.334226917413873
astro_trend_start_score,5,2.0,-2.0,long_short_balanced_v2,10.234705491196728,154.9101004202547,-0.43649950892114686,-0.8339900882218972,0.9227950613843428,23.44723254441419,70,7.334226917413873
astro_trend_start_score,5,2.0,-2.5,long_short_balanced_v2,10.234705491196728,154.9101004202547,-0.43649950892114686,-0.8339900882218972,0.9227950613843428,23.44723254441419,70,7.334226917413873
astro_trend_start_score,5,2.0,-3.0,long_short_balanced_v2,10.234705491196728,154.9101004202547,-0.43649950892114686,-0.8339900882218972,0.9227950613843428,23.44723254441419,70,7.334226917413873
astro_volatility_score,14,1.0,-0.5,long_short_balanced_v2,15.11001380276111,154.9101004202547,-0.7913024997954504,-0.8339900882218972,0.7082875578720692,19.095116983286427,67,7.314388810941271
astro_volatility_score,14,1.0,-1.0,long_short_balanced_v2,15.11001380276111,154.9101004202547,-0.7913024997954504,-0.8339900882218972,0.7082875578720692,19.095116983286427,67,7.314388810941271
astro_volatility_score,14,1.0,-1.5,long_short_balanced_v2,15.11001380276111,154.9101004202547,-0.7913024997954504,-0.8339900882218972,0.7082875578720692,19.095116983286427,67,7.314388810941271
astro_volatility_score,14,1.0,-2.0,long_short_balanced_v2,15.11001380276111,154.9101004202547,-0.7913024997954504,-0.8339900882218972,0.7082875578720692,19.095116983286427,67,7.314388810941271
astro_bearish_score,30,1.0,-0.5,long_short_balanced_v2,12.740619672603355,154.9101004202547,-0.6941046839928009,-0.8339900882218972,0.7900034735152867,18.355472836335878,31,6.706124832465095
astro_bearish_score,30,1.0,-1.0,long_short_balanced_v2,12.740619672603355,154.9101004202547,-0.6941046839928009,-0.8339900882218972,0.7900034735152867,18.355472836335878,31,6.706124832465095
astro_bearish_score,30,1.0,-1.5,long_short_balanced_v2,12.740619672603355,154.9101004202547,-0.6941046839928009,-0.8339900882218972,0.7900034735152867,18.355472836335878,31,6.706124832465095
astro_bearish_score,30,1.0,-2.0,long_short_balanced_v2,12.740619672603355,154.9101004202547,-0.6941046839928009,-0.8339900882218972,0.7900034735152867,18.355472836335878,31,6.706124832465095
astro_momentum_v2,10,0.5,-1.5,long_short_balanced_v2,14.300977999728113,154.9101004202547,-0.8581900252626489,-0.8339900882218972,0.7019066549720275,16.664115847013374,63,6.490594193415945
astro_compression_score,5,1.0,-0.5,long_short_balanced_v2,7.227570230921305,154.9101004202547,-0.3251083263632373,-0.8339900882218972,0.8239121380098396,22.231267687823166,35,6.386426972500105
astro_compression_score,5,1.0,-1.0,long_short_balanced_v2,7.227570230921305,154.9101004202547,-0.3251083263632373,-0.8339900882218972,0.8239121380098396,22.231267687823166,35,6.386426972500105
astro_compression_score,5,1.0,-1.5,long_short_balanced_v2,7.227570230921305,154.9101004202547,-0.3251083263632373,-0.8339900882218972,0.8239121380098396,22.231267687823166,35,6.386426972500105
astro_compression_score,5,1.0,-2.0,long_short_balanced_v2,7.227570230921305,154.9101004202547,-0.3251083263632373,-0.8339900882218972,0.8239121380098396,22.231267687823166,35,6.386426972500105
astro_bullish_score,8,1.0,-0.5,long_short_balanced_v2,13.6085398199503,154.9101004202547,-0.8315494763819562,-0.8339900882218972,0.6891486934675364,16.365279765625733,51,6.281953161924315
astro_bullish_score,8,1.0,-1.0,long_short_balanced_v2,13.6085398199503,154.9101004202547,-0.8315494763819562,-0.8339900882218972,0.6891486934675364,16.365279765625733,51,6.281953161924315
astro_bullish_score,8,1.0,-1.5,long_short_balanced_v2,13.6085398199503,154.9101004202547,-0.8315494763819562,-0.8339900882218972,0.6891486934675364,16.365279765625733,51,6.281953161924315
astro_bullish_score,8,1.0,-2.0,long_short_balanced_v2,13.6085398199503,154.9101004202547,-0.8315494763819562,-0.8339900882218972,0.6891486934675364,16.365279765625733,51,6.281953161924315
astro_momentum_v2_smooth,5,0.5,-1.5,long_short_balanced_v2,13.89986092206457,154.9101004202547,-0.8600791735597056,-0.8339900882218972,0.6976846336499167,16.161141147663958,68,6.255141599272572
astro_trend_end_score,3,1.0,-0.5,long_short_balanced_v2,10.595842822878781,154.9101004202547,-0.5608435299773249,-0.8339900882218972,0.7195238377782228,18.892689772684324,89,6.225835041545801
astro_trend_end_score,3,1.0,-1.0,long_short_balanced_v2,10.595842822878781,154.9101004202547,-0.5608435299773249,-0.8339900882218972,0.7195238377782228,18.892689772684324,89,6.225835041545801
astro_trend_end_score,3,1.0,-1.5,long_short_balanced_v2,10.595842822878781,154.9101004202547,-0.5608435299773249,-0.8339900882218972,0.7195238377782228,18.892689772684324,89,6.225835041545801
astro_trend_end_score,3,1.0,-2.0,long_short_balanced_v2,10.595842822878781,154.9101004202547,-0.5608435299773249,-0.8339900882218972,0.7195238377782228,18.892689772684324,89,6.225835041545801
astro_bullish_score,10,3.0,-2.0,long_short_balanced_v2,6.088192815128388,154.9101004202547,-0.28545329823286014,-0.8339900882218972,0.9301650255027145,21.328157190049037,32,5.97197534540012
astro_bullish_score,10,3.0,-2.5,long_short_balanced_v2,6.088192815128388,154.9101004202547,-0.28545329823286014,-0.8339900882218972,0.9301650255027145,21.328157190049037,32,5.97197534540012
astro_bullish_score,10,3.0,-3.0,long_short_balanced_v2,6.088192815128388,154.9101004202547,-0.28545329823286014,-0.8339900882218972,0.9301650255027145,21.328157190049037,32,5.97197534540012
astro_compression_score,30,1.0,-0.5,long_short_balanced_v2,7.629089595112715,154.9101004202547,-0.39091540721601636,-0.8339900882218972,0.8280586526424787,19.515960369648333,27,5.882769302696448
astro_compression_score,30,1.0,-1.0,long_short_balanced_v2,7.629089595112715,154.9101004202547,-0.39091540721601636,-0.8339900882218972,0.8280586526424787,19.515960369648333,27,5.882769302696448
astro_compression_score,30,1.0,-1.5,long_short_balanced_v2,7.629089595112715,154.9101004202547,-0.39091540721601636,-0.8339900882218972,0.8280586526424787,19.515960369648333,27,5.882769302696448
astro_compression_score,30,1.0,-2.0,long_short_balanced_v2,7.629089595112715,154.9101004202547,-0.39091540721601636,-0.8339900882218972,0.8280586526424787,19.515960369648333,27,5.882769302696448
astro_bullish_score,10,1.0,-0.5,long_short_balanced_v2,12.614611957282111,154.9101004202547,-0.8281239488180063,-0.8339900882218972,0.6789485484460533,15.232758303013862,49,5.762328743938817
astro_bullish_score,10,1.0,-1.0,long_short_balanced_v2,12.614611957282111,154.9101004202547,-0.8281239488180063,-0.8339900882218972,0.6789485484460533,15.232758303013862,49,5.762328743938817
astro_bullish_score,10,1.0,-1.5,long_short_balanced_v2,12.614611957282111,154.9101004202547,-0.8281239488180063,-0.8339900882218972,0.6789485484460533,15.232758303013862,49,5.762328743938817
astro_bullish_score,10,1.0,-2.0,long_short_balanced_v2,12.614611957282111,154.9101004202547,-0.8281239488180063,-0.8339900882218972,0.6789485484460533,15.232758303013862,49,5.762328743938817
astro_compression_score,10,1.0,-0.5,long_short_balanced_v2,6.869181026422172,154.9101004202547,-0.3479750755565415,-0.8339900882218972,0.7938730631320696,19.740439787061757,29,5.746428877257019
astro_compression_score,10,1.0,-1.0,long_short_balanced_v2,6.869181026422172,154.9101004202547,-0.3479750755565415,-0.8339900882218972,0.7938730631320696,19.740439787061757,29,5.746428877257019
astro_compression_score,10,1.0,-1.5,long_short_balanced_v2,6.869181026422172,154.9101004202547,-0.3479750755565415,-0.8339900882218972,0.7938730631320696,19.740439787061757,29,5.746428877257019
astro_compression_score,10,1.0,-2.0,long_short_balanced_v2,6.869181026422172,154.9101004202547,-0.3479750755565415,-0.8339900882218972,0.7938730631320696,19.740439787061757,29,5.746428877257019
astro_volatility_score,21,1.0,-0.5,long_short_balanced_v2,12.320268573771887,154.9101004202547,-0.8085880614918173,-0.8339900882218972,0.6785065371472863,15.236767843246923,57,5.687954663402139
astro_volatility_score,21,1.0,-1.0,long_short_balanced_v2,12.320268573771887,154.9101004202547,-0.8085880614918173,-0.8339900882218972,0.6785065371472863,15.236767843246923,57,5.687954663402139
astro_volatility_score,21,1.0,-1.5,long_short_balanced_v2,12.320268573771887,154.9101004202547,-0.8085880614918173,-0.8339900882218972,0.6785065371472863,15.236767843246923,57,5.687954663402139
astro_volatility_score,21,1.0,-2.0,long_short_balanced_v2,12.320268573771887,154.9101004202547,-0.8085880614918173,-0.8339900882218972,0.6785065371472863,15.236767843246923,57,5.687954663402139
astro_trend_start_score,3,1.0,-0.5,long_short_balanced_v2,12.031007762353132,154.9101004202547,-0.8061726277812078,-0.8339900882218972,0.6796552501495368,14.923612322915908,76,5.504627951677124
astro_trend_start_score,3,1.0,-1.0,long_short_balanced_v2,12.031007762353132,154.9101004202547,-0.8061726277812078,-0.8339900882218972,0.6796552501495368,14.923612322915908,76,5.504627951677124
astro_trend_start_score,3,1.0,-1.5,long_short_balanced_v2,12.031007762353132,154.9101004202547,-0.8061726277812078,-0.8339900882218972,0.6796552501495368,14.923612322915908,76,5.504627951677124
astro_trend_start_score,3,1.0,-2.0,long_short_balanced_v2,12.031007762353132,154.9101004202547,-0.8061726277812078,-0.8339900882218972,0.6796552501495368,14.923612322915908,76,5.504627951677124
astro_volatility_score,30,1.0,-0.5,long_short_balanced_v2,12.060505708961658,154.9101004202547,-0.8243690889199435,-0.8339900882218972,0.6753418664433725,14.62998294218293,42,5.493731414322517
astro_volatility_score,30,1.0,-1.0,long_short_balanced_v2,12.060505708961658,154.9101004202547,-0.8243690889199435,-0.8339900882218972,0.6753418664433725,14.62998294218293,42,5.493731414322517
astro_volatility_score,30,1.0,-1.5,long_short_balanced_v2,12.060505708961658,154.9101004202547,-0.8243690889199435,-0.8339900882218972,0.6753418664433725,14.62998294218293,42,5.493731414322517
astro_volatility_score,30,1.0,-2.0,long_short_balanced_v2,12.060505708961658,154.9101004202547,-0.8243690889199435,-0.8339900882218972,0.6753418664433725,14.62998294218293,42,5.493731414322517
astro_momentum_v2_smooth,8,0.5,-1.5,long_short_balanced_v2,12.4484436768617,154.9101004202547,-0.8666376497942767,-0.8339900882218972,0.6816477602848376,14.364069781432557,58,5.464049688767542
astro_momentum_v2,10,0.5,-1.0,long_short_balanced_v2,11.80228705339584,154.9101004202547,-0.8596357748102962,-0.8339900882218972,0.6721593416306039,13.729404242163328,74,5.117977038888216
astro_compression_score,8,1.0,-0.5,long_short_balanced_v2,6.136886722993302,154.9101004202547,-0.3572189132157111,-0.8339900882218972,0.769971191733232,17.179624303059974,33,4.983150984379712
astro_compression_score,8,1.0,-1.0,long_short_balanced_v2,6.136886722993302,154.9101004202547,-0.3572189132157111,-0.8339900882218972,0.769971191733232,17.179624303059974,33,4.983150984379712
astro_compression_score,8,1.0,-1.5,long_short_balanced_v2,6.136886722993302,154.9101004202547,-0.3572189132157111,-0.8339900882218972,0.769971191733232,17.179624303059974,33,4.983150984379712
astro_compression_score,8,1.0,-2.0,long_short_balanced_v2,6.136886722993302,154.9101004202547,-0.3572189132157111,-0.8339900882218972,0.769971191733232,17.179624303059974,33,4.983150984379712
astro_bearish_score,10,1.0,-0.5,long_short_balanced_v2,9.298256104844127,154.9101004202547,-0.6373708294065739,-0.8339900882218972,0.7234292414791357,14.588455693055952,57,4.926483422546222
astro_bearish_score,10,1.0,-1.0,long_short_balanced_v2,9.298256104844127,154.9101004202547,-0.6373708294065739,-0.8339900882218972,0.7234292414791357,14.588455693055952,57,4.926483422546222
astro_bearish_score,10,1.0,-1.5,long_short_balanced_v2,9.298256104844127,154.9101004202547,-0.6373708294065739,-0.8339900882218972,0.7234292414791357,14.588455693055952,57,4.926483422546222
astro_bearish_score,10,1.0,-2.0,long_short_balanced_v2,9.298256104844127,154.9101004202547,-0.6373708294065739,-0.8339900882218972,0.7234292414791357,14.588455693055952,57,4.926483422546222
astro_momentum_v2,8,0.5,-1.5,long_short_balanced_v2,11.521502639894502,154.9101004202547,-0.8703883712815801,-0.8339900882218972,0.6712782503571908,13.237197347811499,71,4.924819004751156
astro_reversal_score,3,1.5,-0.5,long_short_balanced_v2,10.557024130424505,154.9101004202547,-0.780328018302501,-0.8339900882218972,0.6899838727298738,13.528956903777333,77,4.824400141521016
astro_reversal_score,3,1.5,-1.0,long_short_balanced_v2,10.557024130424505,154.9101004202547,-0.780328018302501,-0.8339900882218972,0.6899838727298738,13.528956903777333,77,4.824400141521016
astro_reversal_score,3,1.5,-1.5,long_short_balanced_v2,10.557024130424505,154.9101004202547,-0.780328018302501,-0.8339900882218972,0.6899838727298738,13.528956903777333,77,4.824400141521016
astro_reversal_score,3,1.5,-2.0,long_short_balanced_v2,10.557024130424505,154.9101004202547,-0.780328018302501,-0.8339900882218972,0.6899838727298738,13.528956903777333,77,4.824400141521016
astro_reversal_score,3,1.5,-2.5,long_short_balanced_v2,10.557024130424505,154.9101004202547,-0.780328018302501,-0.8339900882218972,0.6899838727298738,13.528956903777333,77,4.824400141521016
astro_bullish_score,14,3.0,-2.0,long_short_balanced_v2,5.274729362092295,154.9101004202547,-0.3110082487023963,-0.8339900882218972,0.8785154957416063,16.960094737357533,28,4.803331581342244
astro_bullish_score,14,3.0,-2.5,long_short_balanced_v2,5.274729362092295,154.9101004202547,-0.3110082487023963,-0.8339900882218972,0.8785154957416063,16.960094737357533,28,4.803331581342244
astro_bullish_score,14,3.0,-3.0,long_short_balanced_v2,5.274729362092295,154.9101004202547,-0.3110082487023963,-0.8339900882218972,0.8785154957416063,16.960094737357533,28,4.803331581342244
astro_momentum_v2_smooth,8,0.5,-1.0,long_short_balanced_v2,11.119693826279011,154.9101004202547,-0.8719390945534228,-0.8339900882218972,0.663915826067376,12.752833191834501,70,4.7041324748474205
astro_reversal_score,8,1.5,-0.5,long_short_balanced_v2,10.034647670780194,154.9101004202547,-0.7517053194900922,-0.8339900882218972,0.6807017492069498,13.349177411152342,61,4.702952503912169
astro_reversal_score,8,1.5,-1.0,long_short_balanced_v2,10.034647670780194,154.9101004202547,-0.7517053194900922,-0.8339900882218972,0.6807017492069498,13.349177411152342,61,4.702952503912169
astro_reversal_score,8,1.5,-1.5,long_short_balanced_v2,10.034647670780194,154.9101004202547,-0.7517053194900922,-0.8339900882218972,0.6807017492069498,13.349177411152342,61,4.702952503912169
astro_reversal_score,8,1.5,-2.0,long_short_balanced_v2,10.034647670780194,154.9101004202547,-0.7517053194900922,-0.8339900882218972,0.6807017492069498,13.349177411152342,61,4.702952503912169
astro_reversal_score,8,1.5,-2.5,long_short_balanced_v2,10.034647670780194,154.9101004202547,-0.7517053194900922,-0.8339900882218972,0.6807017492069498,13.349177411152342,61,4.702952503912169
astro_bullish_score,8,3.0,-2.0,long_short_balanced_v2,5.315097250516238,154.9101004202547,-0.3290335748901625,-0.8339900882218972,0.882489137177955,16.153662288994415,36,4.612706925489692
astro_bullish_score,8,3.0,-2.5,long_short_balanced_v2,5.315097250516238,154.9101004202547,-0.3290335748901625,-0.8339900882218972,0.882489137177955,16.153662288994415,36,4.612706925489692
astro_bullish_score,8,3.0,-3.0,long_short_balanced_v2,5.315097250516238,154.9101004202547,-0.3290335748901625,-0.8339900882218972,0.882489137177955,16.153662288994415,36,4.612706925489692
astro_momentum_v2_smooth,3,0.5,-1.5,long_short_balanced_v2,10.672570889709187,154.9101004202547,-0.8571956008361368,-0.8339900882218972,0.6604734100022227,12.450566567652482,78,4.514280543189937
astro_compression_score,3,1.0,-0.5,long_short_balanced_v2,6.103584167519378,154.9101004202547,-0.3993330547935793,-0.8339900882218972,0.779219776458515,15.28444513734132,47,4.506652606117115
astro_compression_score,3,1.0,-1.0,long_short_balanced_v2,6.103584167519378,154.9101004202547,-0.3993330547935793,-0.8339900882218972,0.779219776458515,15.28444513734132,47,4.506652606117115
astro_compression_score,3,1.0,-1.5,long_short_balanced_v2,6.103584167519378,154.9101004202547,-0.3993330547935793,-0.8339900882218972,0.779219776458515,15.28444513734132,47,4.506652606117115
astro_compression_score,3,1.0,-2.0,long_short_balanced_v2,6.103584167519378,154.9101004202547,-0.3993330547935793,-0.8339900882218972,0.779219776458515,15.28444513734132,47,4.506652606117115
astro_momentum_v2,3,0.5,-1.5,long_short_balanced_v2,10.430923576768214,154.9101004202547,-0.8279519772606995,-0.8339900882218972,0.6572776783974261,12.598464480125037,111,4.447953074523393
astro_volatility_score,3,1.5,-0.5,long_short_balanced_v2,9.639157284146334,154.9101004202547,-0.7342492566511641,-0.8339900882218972,0.6823003551737771,13.127908808664712,158,4.372875204069607
astro_volatility_score,3,1.5,-1.0,long_short_balanced_v2,9.639157284146334,154.9101004202547,-0.7342492566511641,-0.8339900882218972,0.6823003551737771,13.127908808664712,158,4.372875204069607
astro_volatility_score,3,1.5,-1.5,long_short_balanced_v2,9.639157284146334,154.9101004202547,-0.7342492566511641,-0.8339900882218972,0.6823003551737771,13.127908808664712,158,4.372875204069607
astro_volatility_score,3,1.5,-2.0,long_short_balanced_v2,9.639157284146334,154.9101004202547,-0.7342492566511641,-0.8339900882218972,0.6823003551737771,13.127908808664712,158,4.372875204069607
astro_volatility_score,3,1.5,-2.5,long_short_balanced_v2,9.639157284146334,154.9101004202547,-0.7342492566511641,-0.8339900882218972,0.6823003551737771,13.127908808664712,158,4.372875204069607
astro_bearish_score,3,1.5,-0.5,long_short_balanced_v2,5.652014877016998,154.9101004202547,-0.3691374426489342,-0.8339900882218972,0.7471725276415299,15.311410396241788,75,4.353049389436667
astro_bearish_score,3,1.5,-1.0,long_short_balanced_v2,5.652014877016998,154.9101004202547,-0.3691374426489342,-0.8339900882218972,0.7471725276415299,15.311410396241788,75,4.353049389436667
astro_bearish_score,3,1.5,-1.5,long_short_balanced_v2,5.652014877016998,154.9101004202547,-0.3691374426489342,-0.8339900882218972,0.7471725276415299,15.311410396241788,75,4.353049389436667
astro_bearish_score,3,1.5,-2.0,long_short_balanced_v2,5.652014877016998,154.9101004202547,-0.3691374426489342,-0.8339900882218972,0.7471725276415299,15.311410396241788,75,4.353049389436667
astro_bearish_score,3,1.5,-2.5,long_short_balanced_v2,5.652014877016998,154.9101004202547,-0.3691374426489342,-0.8339900882218972,0.7471725276415299,15.311410396241788,75,4.353049389436667
astro_compression_score,14,1.0,-0.5,long_short_balanced_v2,5.461282951587932,154.9101004202547,-0.36904497852234663,-0.8339900882218972,0.7360702162420913,14.798420976908746,29,4.280929699571446
astro_compression_score,14,1.0,-1.0,long_short_balanced_v2,5.461282951587932,154.9101004202547,-0.36904497852234663,-0.8339900882218972,0.7360702162420913,14.798420976908746,29,4.280929699571446
astro_compression_score,14,1.0,-1.5,long_short_balanced_v2,5.461282951587932,154.9101004202547,-0.36904497852234663,-0.8339900882218972,0.7360702162420913,14.798420976908746,29,4.280929699571446
astro_compression_score,14,1.0,-2.0,long_short_balanced_v2,5.461282951587932,154.9101004202547,-0.36904497852234663,-0.8339900882218972,0.7360702162420913,14.798420976908746,29,4.280929699571446
astro_reversal_score,21,1.5,-0.5,long_short_balanced_v2,8.86733721874508,154.9101004202547,-0.7126021141107948,-0.8339900882218972,0.6582903089561485,12.443602177366532,35,4.273334553513098
astro_reversal_score,21,1.5,-1.0,long_short_balanced_v2,8.86733721874508,154.9101004202547,-0.7126021141107948,-0.8339900882218972,0.6582903089561485,12.443602177366532,35,4.273334553513098
astro_reversal_score,21,1.5,-1.5,long_short_balanced_v2,8.86733721874508,154.9101004202547,-0.7126021141107948,-0.8339900882218972,0.6582903089561485,12.443602177366532,35,4.273334553513098
astro_reversal_score,21,1.5,-2.0,long_short_balanced_v2,8.86733721874508,154.9101004202547,-0.7126021141107948,-0.8339900882218972,0.6582903089561485,12.443602177366532,35,4.273334553513098
astro_reversal_score,21,1.5,-2.5,long_short_balanced_v2,8.86733721874508,154.9101004202547,-0.7126021141107948,-0.8339900882218972,0.6582903089561485,12.443602177366532,35,4.273334553513098
astro_trend_start_score,21,2.5,-1.5,long_short_balanced_v2,5.01711569844926,154.9101004202547,-0.35621577615622524,-0.8339900882218972,0.9426393002188999,14.084484838338287,18,4.128763733055658
astro_trend_start_score,21,2.5,-2.0,long_short_balanced_v2,5.01711569844926,154.9101004202547,-0.35621577615622524,-0.8339900882218972,0.9426393002188999,14.084484838338287,18,4.128763733055658
astro_trend_start_score,21,2.5,-2.5,long_short_balanced_v2,5.01711569844926,154.9101004202547,-0.35621577615622524,-0.8339900882218972,0.9426393002188999,14.084484838338287,18,4.128763733055658
astro_trend_start_score,21,2.5,-3.0,long_short_balanced_v2,5.01711569844926,154.9101004202547,-0.35621577615622524,-0.8339900882218972,0.9426393002188999,14.084484838338287,18,4.128763733055658
astro_momentum_v2,5,0.5,-1.5,long_short_balanced_v2,9.834106132925713,154.9101004202547,-0.8399345534354734,-0.8339900882218972,0.6492759138422034,11.708181420448257,89,4.113676659351037
astro_trend_start_score,5,1.0,-0.5,long_short_balanced_v2,9.445665175870307,154.9101004202547,-0.8061726277812075,-0.8339900882218972,0.6448681981624653,11.716678103878552,68,4.089723511129978
astro_trend_start_score,5,1.0,-1.0,long_short_balanced_v2,9.445665175870307,154.9101004202547,-0.8061726277812075,-0.8339900882218972,0.6448681981624653,11.716678103878552,68,4.089723511129978
astro_trend_start_score,5,1.0,-1.5,long_short_balanced_v2,9.445665175870307,154.9101004202547,-0.8061726277812075,-0.8339900882218972,0.6448681981624653,11.716678103878552,68,4.089723511129978
astro_trend_start_score,5,1.0,-2.0,long_short_balanced_v2,9.445665175870307,154.9101004202547,-0.8061726277812075,-0.8339900882218972,0.6448681981624653,11.716678103878552,68,4.089723511129978
astro_compression_score,10,1.5,-0.5,long_short_balanced_v2,2.955147622815838,154.9101004202547,-0.18739492382138834,-0.8339900882218972,0.9034119755665584,15.76962471850346,22,4.076741635039984
astro_compression_score,10,1.5,-1.0,long_short_balanced_v2,2.955147622815838,154.9101004202547,-0.18739492382138834,-0.8339900882218972,0.9034119755665584,15.76962471850346,22,4.076741635039984
astro_compression_score,10,1.5,-1.5,long_short_balanced_v2,2.955147622815838,154.9101004202547,-0.18739492382138834,-0.8339900882218972,0.9034119755665584,15.76962471850346,22,4.076741635039984
astro_compression_score,10,1.5,-2.0,long_short_balanced_v2,2.955147622815838,154.9101004202547,-0.18739492382138834,-0.8339900882218972,0.9034119755665584,15.76962471850346,22,4.076741635039984
astro_compression_score,10,1.5,-2.5,long_short_balanced_v2,2.955147622815838,154.9101004202547,-0.18739492382138834,-0.8339900882218972,0.9034119755665584,15.76962471850346,22,4.076741635039984
astro_momentum_v2_smooth,10,0.5,-1.5,long_short_balanced_v2,9.776099620967097,154.9101004202547,-0.8703431093816006,-0.8339900882218972,0.6474910682533551,11.232466271736495,54,4.024804903866369
astro_bullish_score,5,3.0,-2.0,long_short_balanced_v2,4.987453662668392,154.9101004202547,-0.3579479401622405,-0.8339900882218972,0.8734612605779394,13.933460995495098,44,4.0073908918873515
astro_bullish_score,5,3.0,-2.5,long_short_balanced_v2,4.987453662668392,154.9101004202547,-0.3579479401622405,-0.8339900882218972,0.8734612605779394,13.933460995495098,44,4.0073908918873515
astro_bullish_score,5,3.0,-3.0,long_short_balanced_v2,4.987453662668392,154.9101004202547,-0.3579479401622405,-0.8339900882218972,0.8734612605779394,13.933460995495098,44,4.0073908918873515
astro_compression_score,21,1.0,-0.5,long_short_balanced_v2,5.040523621357884,154.9101004202547,-0.3726488445928018,-0.8339900882218972,0.7128901100850465,13.526202199461343,25,3.8935803034444496
astro_compression_score,21,1.0,-1.0,long_short_balanced_v2,5.040523621357884,154.9101004202547,-0.3726488445928018,-0.8339900882218972,0.7128901100850465,13.526202199461343,25,3.8935803034444496
astro_compression_score,21,1.0,-1.5,long_short_balanced_v2,5.040523621357884,154.9101004202547,-0.3726488445928018,-0.8339900882218972,0.7128901100850465,13.526202199461343,25,3.8935803034444496
astro_compression_score,21,1.0,-2.0,long_short_balanced_v2,5.040523621357884,154.9101004202547,-0.3726488445928018,-0.8339900882218972,0.7128901100850465,13.526202199461343,25,3.8935803034444496
astro_volatility_score,5,1.5,-0.5,long_short_balanced_v2,8.772180490065635,154.9101004202547,-0.7488943151279854,-0.8339900882218972,0.6642382154995037,11.713509253393754,128,3.8607098112062648
astro_volatility_score,5,1.5,-1.0,long_short_balanced_v2,8.772180490065635,154.9101004202547,-0.7488943151279854,-0.8339900882218972,0.6642382154995037,11.713509253393754,128,3.8607098112062648
astro_volatility_score,5,1.5,-1.5,long_short_balanced_v2,8.772180490065635,154.9101004202547,-0.7488943151279854,-0.8339900882218972,0.6642382154995037,11.713509253393754,128,3.8607098112062648
astro_volatility_score,5,1.5,-2.0,long_short_balanced_v2,8.772180490065635,154.9101004202547,-0.7488943151279854,-0.8339900882218972,0.6642382154995037,11.713509253393754,128,3.8607098112062648
astro_volatility_score,5,1.5,-2.5,long_short_balanced_v2,8.772180490065635,154.9101004202547,-0.7488943151279854,-0.8339900882218972,0.6642382154995037,11.713509253393754,128,3.8607098112062648
astro_bearish_score,3,2.5,-1.5,long_short_balanced_v2,2.5342848598425296,154.9101004202547,-0.16850615864057583,-0.8339900882218972,0.9469778151720348,15.0397165319528,26,3.842260652451269
astro_bearish_score,3,2.5,-2.0,long_short_balanced_v2,2.5342848598425296,154.9101004202547,-0.16850615864057583,-0.8339900882218972,0.9469778151720348,15.0397165319528,26,3.842260652451269
astro_bearish_score,3,2.5,-2.5,long_short_balanced_v2,2.5342848598425296,154.9101004202547,-0.16850615864057583,-0.8339900882218972,0.9469778151720348,15.0397165319528,26,3.842260652451269
astro_bearish_score,3,2.5,-3.0,long_short_balanced_v2,2.5342848598425296,154.9101004202547,-0.16850615864057583,-0.8339900882218972,0.9469778151720348,15.0397165319528,26,3.842260652451269
astro_bearish_score,3,1.0,-0.5,long_short_balanced_v2,7.740016308599671,154.9101004202547,-0.6589615351493747,-0.8339900882218972,0.689533630313881,11.745778616418253,79,3.800531765265043
astro_bearish_score,3,1.0,-1.0,long_short_balanced_v2,7.740016308599671,154.9101004202547,-0.6589615351493747,-0.8339900882218972,0.689533630313881,11.745778616418253,79,3.800531765265043
astro_bearish_score,3,1.0,-1.5,long_short_balanced_v2,7.740016308599671,154.9101004202547,-0.6589615351493747,-0.8339900882218972,0.689533630313881,11.745778616418253,79,3.800531765265043
astro_bearish_score,3,1.0,-2.0,long_short_balanced_v2,7.740016308599671,154.9101004202547,-0.6589615351493747,-0.8339900882218972,0.689533630313881,11.745778616418253,79,3.800531765265043
astro_momentum_v2_smooth,10,0.5,-1.0,long_short_balanced_v2,9.328116632810069,154.9101004202547,-0.8698080988433963,-0.8339900882218972,0.6397038995299326,10.724338673339417,64,3.7664721360577826
astro_momentum_v2,8,0.5,-1.0,long_short_balanced_v2,9.25911716485526,154.9101004202547,-0.8541310313316602,-0.8339900882218972,0.6386810667239733,10.840394301585716,82,3.75608988946582
astro_bearish_score,5,2.5,-1.5,long_short_balanced_v2,2.374854658201853,154.9101004202547,-0.16850615864057605,-0.8339900882218972,0.9551168784243502,14.093577809624291,20,3.6204594727942903
astro_bearish_score,5,2.5,-2.0,long_short_balanced_v2,2.374854658201853,154.9101004202547,-0.16850615864057605,-0.8339900882218972,0.9551168784243502,14.093577809624291,20,3.6204594727942903
astro_bearish_score,5,2.5,-2.5,long_short_balanced_v2,2.374854658201853,154.9101004202547,-0.16850615864057605,-0.8339900882218972,0.9551168784243502,14.093577809624291,20,3.6204594727942903
astro_bearish_score,5,2.5,-3.0,long_short_balanced_v2,2.374854658201853,154.9101004202547,-0.16850615864057605,-0.8339900882218972,0.9551168784243502,14.093577809624291,20,3.6204594727942903
astro_momentum_v2_smooth,5,0.5,-1.0,long_short_balanced_v2,8.95874065614806,154.9101004202547,-0.8529576452906479,-0.8339900882218972,0.6340183263133495,10.503148316462234,78,3.606422722726233
astro_bearish_score,8,1.5,-0.5,long_short_balanced_v2,4.851825793375216,154.9101004202547,-0.3861833233333899,-0.8339900882218972,0.7154645111771716,12.563530065193058,39,3.59716457052196
astro_bearish_score,8,1.5,-1.0,long_short_balanced_v2,4.851825793375216,154.9101004202547,-0.3861833233333899,-0.8339900882218972,0.7154645111771716,12.563530065193058,39,3.59716457052196
astro_bearish_score,8,1.5,-1.5,long_short_balanced_v2,4.851825793375216,154.9101004202547,-0.3861833233333899,-0.8339900882218972,0.7154645111771716,12.563530065193058,39,3.59716457052196
astro_bearish_score,8,1.5,-2.0,long_short_balanced_v2,4.851825793375216,154.9101004202547,-0.3861833233333899,-0.8339900882218972,0.7154645111771716,12.563530065193058,39,3.59716457052196
astro_bearish_score,8,1.5,-2.5,long_short_balanced_v2,4.851825793375216,154.9101004202547,-0.3861833233333899,-0.8339900882218972,0.7154645111771716,12.563530065193058,39,3.59716457052196
astro_reversal_score,14,2.0,-1.0,long_short_balanced_v2,5.968527620915789,154.9101004202547,-0.5073918572254478,-0.8339900882218972,0.626163867114912,11.763152159266546,44,3.5445664791358387
astro_reversal_score,14,2.0,-1.5,long_short_balanced_v2,5.968527620915789,154.9101004202547,-0.5073918572254478,-0.8339900882218972,0.626163867114912,11.763152159266546,44,3.5445664791358387
astro_reversal_score,14,2.0,-2.0,long_short_balanced_v2,5.968527620915789,154.9101004202547,-0.5073918572254478,-0.8339900882218972,0.626163867114912,11.763152159266546,44,3.5445664791358387
astro_reversal_score,14,2.0,-2.5,long_short_balanced_v2,5.968527620915789,154.9101004202547,-0.5073918572254478,-0.8339900882218972,0.626163867114912,11.763152159266546,44,3.5445664791358387
astro_reversal_score,14,2.0,-3.0,long_short_balanced_v2,5.968527620915789,154.9101004202547,-0.5073918572254478,-0.8339900882218972,0.626163867114912,11.763152159266546,44,3.5445664791358387
astro_momentum_v2_smooth,21,1.0,-1.5,long_short_balanced_v2,8.241293023493665,154.9101004202547,-0.784382388154704,-0.8339900882218972,0.636896118547926,10.506728794461702,68,3.5159185311275545
astro_bearish_score,5,1.5,-0.5,long_short_balanced_v2,4.983384517654318,154.9101004202547,-0.4126149867047536,-0.8339900882218972,0.7222670456384256,12.07756547442174,51,3.478512788378884
astro_bearish_score,5,1.5,-1.0,long_short_balanced_v2,4.983384517654318,154.9101004202547,-0.4126149867047536,-0.8339900882218972,0.7222670456384256,12.07756547442174,51,3.478512788378884
astro_bearish_score,5,1.5,-1.5,long_short_balanced_v2,4.983384517654318,154.9101004202547,-0.4126149867047536,-0.8339900882218972,0.7222670456384256,12.07756547442174,51,3.478512788378884
astro_bearish_score,5,1.5,-2.0,long_short_balanced_v2,4.983384517654318,154.9101004202547,-0.4126149867047536,-0.8339900882218972,0.7222670456384256,12.07756547442174,51,3.478512788378884
astro_bearish_score,5,1.5,-2.5,long_short_balanced_v2,4.983384517654318,154.9101004202547,-0.4126149867047536,-0.8339900882218972,0.7222670456384256,12.07756547442174,51,3.478512788378884
astro_reversal_score,10,1.5,-0.5,long_short_balanced_v2,7.842648464873788,154.9101004202547,-0.7567297683642678,-0.8339900882218972,0.6382064525519218,10.363869366241932,57,3.43175634118489
astro_reversal_score,10,1.5,-1.0,long_short_balanced_v2,7.842648464873788,154.9101004202547,-0.7567297683642678,-0.8339900882218972,0.6382064525519218,10.363869366241932,57,3.43175634118489
astro_reversal_score,10,1.5,-1.5,long_short_balanced_v2,7.842648464873788,154.9101004202547,-0.7567297683642678,-0.8339900882218972,0.6382064525519218,10.363869366241932,57,3.43175634118489
astro_reversal_score,10,1.5,-2.0,long_short_balanced_v2,7.842648464873788,154.9101004202547,-0.7567297683642678,-0.8339900882218972,0.6382064525519218,10.363869366241932,57,3.43175634118489
astro_reversal_score,10,1.5,-2.5,long_short_balanced_v2,7.842648464873788,154.9101004202547,-0.7567297683642678,-0.8339900882218972,0.6382064525519218,10.363869366241932,57,3.43175634118489
astro_momentum_v2,21,0.5,-1.0,long_short_balanced_v2,8.557915702757743,154.9101004202547,-0.8533336872602829,-0.8339900882218972,0.6277010707127746,10.028803304641384,58,3.4282152691502854
astro_momentum_v2,14,0.5,-1.5,long_short_balanced_v2,8.62577579767647,154.9101004202547,-0.8689806197710472,-0.8339900882218972,0.6300933380819488,9.926315502811935,59,3.4035622454415373
astro_bearish_score,8,1.0,-0.5,long_short_balanced_v2,6.704933628783484,154.9101004202547,-0.6445632348055556,-0.8339900882218972,0.657433698650489,10.402289902256296,59,3.270066696338167
astro_bearish_score,8,1.0,-1.0,long_short_balanced_v2,6.704933628783484,154.9101004202547,-0.6445632348055556,-0.8339900882218972,0.657433698650489,10.402289902256296,59,3.270066696338167
astro_bearish_score,8,1.0,-1.5,long_short_balanced_v2,6.704933628783484,154.9101004202547,-0.6445632348055556,-0.8339900882218972,0.657433698650489,10.402289902256296,59,3.270066696338167
astro_bearish_score,8,1.0,-2.0,long_short_balanced_v2,6.704933628783484,154.9101004202547,-0.6445632348055556,-0.8339900882218972,0.657433698650489,10.402289902256296,59,3.270066696338167
astro_bullish_score,30,3.0,-2.0,long_short_balanced_v2,3.9663412830197133,154.9101004202547,-0.34784711398840795,-0.8339900882218972,0.8189028539812446,11.402541874048413,20,3.2362012303254826
astro_bullish_score,30,3.0,-2.5,long_short_balanced_v2,3.9663412830197133,154.9101004202547,-0.34784711398840795,-0.8339900882218972,0.8189028539812446,11.402541874048413,20,3.2362012303254826
astro_bullish_score,30,3.0,-3.0,long_short_balanced_v2,3.9663412830197133,154.9101004202547,-0.34784711398840795,-0.8339900882218972,0.8189028539812446,11.402541874048413,20,3.2362012303254826
astro_trend_start_score,30,1.0,-0.5,long_short_balanced_v2,7.937091202771754,154.9101004202547,-0.8339900882218975,-0.8339900882218972,0.6191714815002114,9.51700903267804,36,3.209212627634373
astro_trend_start_score,30,1.0,-1.0,long_short_balanced_v2,7.937091202771754,154.9101004202547,-0.8339900882218975,-0.8339900882218972,0.6191714815002114,9.51700903267804,36,3.209212627634373
astro_trend_start_score,30,1.0,-1.5,long_short_balanced_v2,7.937091202771754,154.9101004202547,-0.8339900882218975,-0.8339900882218972,0.6191714815002114,9.51700903267804,36,3.209212627634373
astro_trend_start_score,30,1.0,-2.0,long_short_balanced_v2,7.937091202771754,154.9101004202547,-0.8339900882218975,-0.8339900882218972,0.6191714815002114,9.51700903267804,36,3.209212627634373
astro_bearish_score,8,2.5,-1.5,long_short_balanced_v2,2.0890476366474346,154.9101004202547,-0.16850615864057583,-0.8339900882218972,0.9031773145397223,12.397455698360437,16,3.182717118521343
astro_bearish_score,8,2.5,-2.0,long_short_balanced_v2,2.0890476366474346,154.9101004202547,-0.16850615864057583,-0.8339900882218972,0.9031773145397223,12.397455698360437,16,3.182717118521343
astro_bearish_score,8,2.5,-2.5,long_short_balanced_v2,2.0890476366474346,154.9101004202547,-0.16850615864057583,-0.8339900882218972,0.9031773145397223,12.397455698360437,16,3.182717118521343
astro_bearish_score,8,2.5,-3.0,long_short_balanced_v2,2.0890476366474346,154.9101004202547,-0.16850615864057583,-0.8339900882218972,0.9031773145397223,12.397455698360437,16,3.182717118521343
astro_bullish_score,8,2.5,-1.5,long_short_balanced_v2,4.985849069751433,154.9101004202547,-0.4721923220083134,-0.8339900882218972,0.6643264040416528,10.558937190138497,44,3.0769842375573204
astro_bullish_score,8,2.5,-2.0,long_short_balanced_v2,4.985849069751433,154.9101004202547,-0.4721923220083134,-0.8339900882218972,0.6643264040416528,10.558937190138497,44,3.0769842375573204
astro_bullish_score,8,2.5,-2.5,long_short_balanced_v2,4.985849069751433,154.9101004202547,-0.4721923220083134,-0.8339900882218972,0.6643264040416528,10.558937190138497,44,3.0769842375573204
astro_bullish_score,8,2.5,-3.0,long_short_balanced_v2,4.985849069751433,154.9101004202547,-0.4721923220083134,-0.8339900882218972,0.6643264040416528,10.558937190138497,44,3.0769842375573204
astro_momentum_v2_smooth,30,0.5,-1.5,long_short_balanced_v2,7.623703045237695,154.9101004202547,-0.8335651679072391,-0.8339900882218972,0.6126653169886366,9.145899251498086,42,3.027009138805522
astro_momentum_v2,30,0.5,-1.0,long_short_balanced_v2,7.788751030813497,154.9101004202547,-0.8611661609173099,-0.8339900882218972,0.6151731992321614,9.044422997899684,48,3.0038299471408854
astro_reversal_score,5,1.5,-0.5,long_short_balanced_v2,7.292426924036008,154.9101004202547,-0.7886308941103257,-0.8339900882218972,0.6266371839605569,9.24694553370595,65,2.974825716370727
astro_reversal_score,5,1.5,-1.0,long_short_balanced_v2,7.292426924036008,154.9101004202547,-0.7886308941103257,-0.8339900882218972,0.6266371839605569,9.24694553370595,65,2.974825716370727
astro_reversal_score,5,1.5,-1.5,long_short_balanced_v2,7.292426924036008,154.9101004202547,-0.7886308941103257,-0.8339900882218972,0.6266371839605569,9.24694553370595,65,2.974825716370727
astro_reversal_score,5,1.5,-2.0,long_short_balanced_v2,7.292426924036008,154.9101004202547,-0.7886308941103257,-0.8339900882218972,0.6266371839605569,9.24694553370595,65,2.974825716370727
astro_reversal_score,5,1.5,-2.5,long_short_balanced_v2,7.292426924036008,154.9101004202547,-0.7886308941103257,-0.8339900882218972,0.6266371839605569,9.24694553370595,65,2.974825716370727
astro_momentum_v2_smooth,21,1.0,-2.0,long_short_balanced_v2,7.158555341718779,154.9101004202547,-0.7843823881547041,-0.8339900882218972,0.6178300891415152,9.126359094522268,63,2.9173968748446377
astro_trend_start_score,8,1.5,-0.5,long_short_balanced_v2,6.240167858145682,154.9101004202547,-0.6454009864791563,-0.8339900882218972,0.6136319292203565,9.668667989163684,84,2.9151352472458494
astro_trend_start_score,8,1.5,-1.0,long_short_balanced_v2,6.240167858145682,154.9101004202547,-0.6454009864791563,-0.8339900882218972,0.6136319292203565,9.668667989163684,84,2.9151352472458494
astro_trend_start_score,8,1.5,-1.5,long_short_balanced_v2,6.240167858145682,154.9101004202547,-0.6454009864791563,-0.8339900882218972,0.6136319292203565,9.668667989163684,84,2.9151352472458494
astro_trend_start_score,8,1.5,-2.0,long_short_balanced_v2,6.240167858145682,154.9101004202547,-0.6454009864791563,-0.8339900882218972,0.6136319292203565,9.668667989163684,84,2.9151352472458494
astro_trend_start_score,8,1.5,-2.5,long_short_balanced_v2,6.240167858145682,154.9101004202547,-0.6454009864791563,-0.8339900882218972,0.6136319292203565,9.668667989163684,84,2.9151352472458494
astro_trend_start_score,5,1.5,-0.5,long_short_balanced_v2,6.582952350358677,154.9101004202547,-0.7001966442393608,-0.8339900882218972,0.6214674506087905,9.401576549270505,90,2.8734930288461786
astro_trend_start_score,5,1.5,-1.0,long_short_balanced_v2,6.582952350358677,154.9101004202547,-0.7001966442393608,-0.8339900882218972,0.6214674506087905,9.401576549270505,90,2.8734930288461786
astro_trend_start_score,5,1.5,-1.5,long_short_balanced_v2,6.582952350358677,154.9101004202547,-0.7001966442393608,-0.8339900882218972,0.6214674506087905,9.401576549270505,90,2.8734930288461786
astro_trend_start_score,5,1.5,-2.0,long_short_balanced_v2,6.582952350358677,154.9101004202547,-0.7001966442393608,-0.8339900882218972,0.6214674506087905,9.401576549270505,90,2.8734930288461786
astro_trend_start_score,5,1.5,-2.5,long_short_balanced_v2,6.582952350358677,154.9101004202547,-0.7001966442393608,-0.8339900882218972,0.6214674506087905,9.401576549270505,90,2.8734930288461786
astro_momentum_v2,30,0.5,-1.5,long_short_balanced_v2,7.49745242302733,154.9101004202547,-0.86116616091731,-0.8339900882218972,0.6107826568255266,8.706162368294963,45,2.853032021921438
astro_momentum_v2,14,0.5,-1.0,long_short_balanced_v2,7.5232216886465135,154.9101004202547,-0.868408726533564,-0.8339900882218972,0.6104558406892145,8.663226725826483,70,2.7911810982345906
astro_trend_start_score,30,2.5,-1.5,long_short_balanced_v2,3.550598360892054,154.9101004202547,-0.3617138867272064,-0.8339900882218972,0.8331022048374479,9.81604105116873,14,2.7910577703455313
astro_trend_start_score,30,2.5,-2.0,long_short_balanced_v2,3.550598360892054,154.9101004202547,-0.3617138867272064,-0.8339900882218972,0.8331022048374479,9.81604105116873,14,2.7910577703455313
astro_trend_start_score,30,2.5,-2.5,long_short_balanced_v2,3.550598360892054,154.9101004202547,-0.3617138867272064,-0.8339900882218972,0.8331022048374479,9.81604105116873,14,2.7910577703455313
astro_trend_start_score,30,2.5,-3.0,long_short_balanced_v2,3.550598360892054,154.9101004202547,-0.3617138867272064,-0.8339900882218972,0.8331022048374479,9.81604105116873,14,2.7910577703455313
astro_momentum_v2_smooth,30,0.5,-1.0,long_short_balanced_v2,7.193538695310032,154.9101004202547,-0.8335651679072391,-0.8339900882218972,0.6043797286084498,8.629845598479402,46,2.7834348678714114
astro_momentum_v2_smooth,30,2.0,-1.5,long_short_balanced_v2,4.536513894379832,154.9101004202547,-0.4706492960495787,-0.8339900882218972,0.6960066908043073,9.638841346321593,39,2.783151169825623
astro_momentum_v2,21,0.5,-1.5,long_short_balanced_v2,7.299339177249635,154.9101004202547,-0.8505621172948258,-0.8339900882218972,0.6071415896191452,8.581782598624134,53,2.767171732805137
astro_compression_score,8,1.5,-0.5,long_short_balanced_v2,2.453198694913124,154.9101004202547,-0.23644078946306035,-0.8339900882218972,0.8090360215290856,10.375530806186859,24,2.732018994128353
astro_compression_score,8,1.5,-1.0,long_short_balanced_v2,2.453198694913124,154.9101004202547,-0.23644078946306035,-0.8339900882218972,0.8090360215290856,10.375530806186859,24,2.732018994128353
astro_compression_score,8,1.5,-1.5,long_short_balanced_v2,2.453198694913124,154.9101004202547,-0.23644078946306035,-0.8339900882218972,0.8090360215290856,10.375530806186859,24,2.732018994128353
astro_compression_score,8,1.5,-2.0,long_short_balanced_v2,2.453198694913124,154.9101004202547,-0.23644078946306035,-0.8339900882218972,0.8090360215290856,10.375530806186859,24,2.732018994128353
astro_compression_score,8,1.5,-2.5,long_short_balanced_v2,2.453198694913124,154.9101004202547,-0.23644078946306035,-0.8339900882218972,0.8090360215290856,10.375530806186859,24,2.732018994128353
astro_bullish_score,21,3.0,-2.0,long_short_balanced_v2,3.248835657663906,154.9101004202547,-0.32960043571546005,-0.8339900882218972,0.7588342328587743,9.856891270825217,24,2.707161991034535
astro_bullish_score,21,3.0,-2.5,long_short_balanced_v2,3.248835657663906,154.9101004202547,-0.32960043571546005,-0.8339900882218972,0.7588342328587743,9.856891270825217,24,2.707161991034535
astro_bullish_score,21,3.0,-3.0,long_short_balanced_v2,3.248835657663906,154.9101004202547,-0.32960043571546005,-0.8339900882218972,0.7588342328587743,9.856891270825217,24,2.707161991034535
astro_momentum_v2_smooth,30,2.0,-2.0,long_short_balanced_v2,4.405196438074374,154.9101004202547,-0.4706492960495783,-0.8339900882218972,0.7105717638989258,9.359827954805503,36,2.699779283868616
astro_momentum_v2_smooth,30,2.0,-2.5,long_short_balanced_v2,4.405196438074374,154.9101004202547,-0.4706492960495783,-0.8339900882218972,0.7105717638989258,9.359827954805503,36,2.699779283868616
astro_momentum_v2_smooth,30,2.0,-3.0,long_short_balanced_v2,4.405196438074374,154.9101004202547,-0.4706492960495783,-0.8339900882218972,0.7105717638989258,9.359827954805503,36,2.699779283868616
astro_bearish_score,10,2.5,-1.5,long_short_balanced_v2,1.7832569822504802,154.9101004202547,-0.16850615864057594,-0.8339900882218972,0.8289235694807061,10.582740694090427,16,2.698335423324648
astro_bearish_score,10,2.5,-2.0,long_short_balanced_v2,1.7832569822504802,154.9101004202547,-0.16850615864057594,-0.8339900882218972,0.8289235694807061,10.582740694090427,16,2.698335423324648
astro_bearish_score,10,2.5,-2.5,long_short_balanced_v2,1.7832569822504802,154.9101004202547,-0.16850615864057594,-0.8339900882218972,0.8289235694807061,10.582740694090427,16,2.698335423324648
astro_bearish_score,10,2.5,-3.0,long_short_balanced_v2,1.7832569822504802,154.9101004202547,-0.16850615864057594,-0.8339900882218972,0.8289235694807061,10.582740694090427,16,2.698335423324648
astro_trend_start_score,14,1.0,-0.5,long_short_balanced_v2,6.9605808865869125,154.9101004202547,-0.8339900882218975,-0.8339900882218972,0.6016827380283415,8.34611943821439,48,2.651086116497442
astro_trend_start_score,14,1.0,-1.0,long_short_balanced_v2,6.9605808865869125,154.9101004202547,-0.8339900882218975,-0.8339900882218972,0.6016827380283415,8.34611943821439,48,2.651086116497442
astro_trend_start_score,14,1.0,-1.5,long_short_balanced_v2,6.9605808865869125,154.9101004202547,-0.8339900882218975,-0.8339900882218972,0.6016827380283415,8.34611943821439,48,2.651086116497442
astro_trend_start_score,14,1.0,-2.0,long_short_balanced_v2,6.9605808865869125,154.9101004202547,-0.8339900882218975,-0.8339900882218972,0.6016827380283415,8.34611943821439,48,2.651086116497442
astro_bearish_score,14,2.0,-1.0,long_short_balanced_v2,2.4721235939472774,154.9101004202547,-0.24442388436516072,-0.8339900882218972,0.727490277454082,10.114083573984985,22,2.644814077415072
astro_bearish_score,14,2.0,-1.5,long_short_balanced_v2,2.4721235939472774,154.9101004202547,-0.24442388436516072,-0.8339900882218972,0.727490277454082,10.114083573984985,22,2.644814077415072
astro_bearish_score,14,2.0,-2.0,long_short_balanced_v2,2.4721235939472774,154.9101004202547,-0.24442388436516072,-0.8339900882218972,0.727490277454082,10.114083573984985,22,2.644814077415072
astro_bearish_score,14,2.0,-2.5,long_short_balanced_v2,2.4721235939472774,154.9101004202547,-0.24442388436516072,-0.8339900882218972,0.727490277454082,10.114083573984985,22,2.644814077415072
astro_bearish_score,14,2.0,-3.0,long_short_balanced_v2,2.4721235939472774,154.9101004202547,-0.24442388436516072,-0.8339900882218972,0.727490277454082,10.114083573984985,22,2.644814077415072
astro_bearish_score,10,2.0,-1.0,long_short_balanced_v2,2.4612454122976755,154.9101004202547,-0.24320637425150826,-0.8339900882218972,0.7304718782730887,10.119987273657618,26,2.6377502683527996
astro_bearish_score,10,2.0,-1.5,long_short_balanced_v2,2.4612454122976755,154.9101004202547,-0.24320637425150826,-0.8339900882218972,0.7304718782730887,10.119987273657618,26,2.6377502683527996
astro_bearish_score,10,2.0,-2.0,long_short_balanced_v2,2.4612454122976755,154.9101004202547,-0.24320637425150826,-0.8339900882218972,0.7304718782730887,10.119987273657618,26,2.6377502683527996
astro_bearish_score,10,2.0,-2.5,long_short_balanced_v2,2.4612454122976755,154.9101004202547,-0.24320637425150826,-0.8339900882218972,0.7304718782730887,10.119987273657618,26,2.6377502683527996
astro_bearish_score,10,2.0,-3.0,long_short_balanced_v2,2.4612454122976755,154.9101004202547,-0.24320637425150826,-0.8339900882218972,0.7304718782730887,10.119987273657618,26,2.6377502683527996
astro_bullish_score,10,2.5,-1.5,long_short_balanced_v2,4.561819550996921,154.9101004202547,-0.5010584112459302,-0.8339900882218972,0.6439204493188915,9.104366773633268,42,2.611399782884391
astro_bullish_score,10,2.5,-2.0,long_short_balanced_v2,4.561819550996921,154.9101004202547,-0.5010584112459302,-0.8339900882218972,0.6439204493188915,9.104366773633268,42,2.611399782884391
astro_bullish_score,10,2.5,-2.5,long_short_balanced_v2,4.561819550996921,154.9101004202547,-0.5010584112459302,-0.8339900882218972,0.6439204493188915,9.104366773633268,42,2.611399782884391
astro_bullish_score,10,2.5,-3.0,long_short_balanced_v2,4.561819550996921,154.9101004202547,-0.5010584112459302,-0.8339900882218972,0.6439204493188915,9.104366773633268,42,2.611399782884391
astro_bearish_score,10,1.5,-0.5,long_short_balanced_v2,4.089282599865306,154.9101004202547,-0.44557961338533847,-0.8339900882218972,0.6693020401474676,9.177445459850702,39,2.583625267910712
astro_bearish_score,10,1.5,-1.0,long_short_balanced_v2,4.089282599865306,154.9101004202547,-0.44557961338533847,-0.8339900882218972,0.6693020401474676,9.177445459850702,39,2.583625267910712
astro_bearish_score,10,1.5,-1.5,long_short_balanced_v2,4.089282599865306,154.9101004202547,-0.44557961338533847,-0.8339900882218972,0.6693020401474676,9.177445459850702,39,2.583625267910712
astro_bearish_score,10,1.5,-2.0,long_short_balanced_v2,4.089282599865306,154.9101004202547,-0.44557961338533847,-0.8339900882218972,0.6693020401474676,9.177445459850702,39,2.583625267910712
astro_bearish_score,10,1.5,-2.5,long_short_balanced_v2,4.089282599865306,154.9101004202547,-0.44557961338533847,-0.8339900882218972,0.6693020401474676,9.177445459850702,39,2.583625267910712
astro_reversal_score,21,2.0,-1.0,long_short_balanced_v2,4.508100566237934,154.9101004202547,-0.49542507202721386,-0.8339900882218972,0.5736657239503952,9.099459879556322,44,2.5706508273219817
astro_reversal_score,21,2.0,-1.5,long_short_balanced_v2,4.508100566237934,154.9101004202547,-0.49542507202721386,-0.8339900882218972,0.5736657239503952,9.099459879556322,44,2.5706508273219817
astro_reversal_score,21,2.0,-2.0,long_short_balanced_v2,4.508100566237934,154.9101004202547,-0.49542507202721386,-0.8339900882218972,0.5736657239503952,9.099459879556322,44,2.5706508273219817
astro_reversal_score,21,2.0,-2.5,long_short_balanced_v2,4.508100566237934,154.9101004202547,-0.49542507202721386,-0.8339900882218972,0.5736657239503952,9.099459879556322,44,2.5706508273219817
astro_reversal_score,21,2.0,-3.0,long_short_balanced_v2,4.508100566237934,154.9101004202547,-0.49542507202721386,-0.8339900882218972,0.5736657239503952,9.099459879556322,44,2.5706508273219817
astro_momentum_v2_smooth,30,2.0,-1.0,long_short_balanced_v2,4.260343566186951,154.9101004202547,-0.4706492960495786,-0.8339900882218972,0.6494264797794145,9.052055536779477,43,2.5563108250493785
astro_bullish_score,14,2.5,-1.5,long_short_balanced_v2,4.170517708842284,154.9101004202547,-0.46304990817251357,-0.8339900882218972,0.6254675255321739,9.006626791703235,36,2.5360928189474317
astro_bullish_score,14,2.5,-2.0,long_short_balanced_v2,4.170517708842284,154.9101004202547,-0.46304990817251357,-0.8339900882218972,0.6254675255321739,9.006626791703235,36,2.5360928189474317
astro_bullish_score,14,2.5,-2.5,long_short_balanced_v2,4.170517708842284,154.9101004202547,-0.46304990817251357,-0.8339900882218972,0.6254675255321739,9.006626791703235,36,2.5360928189474317
astro_bullish_score,14,2.5,-3.0,long_short_balanced_v2,4.170517708842284,154.9101004202547,-0.46304990817251357,-0.8339900882218972,0.6254675255321739,9.006626791703235,36,2.5360928189474317
astro_reversal_score,14,1.5,-0.5,long_short_balanced_v2,5.693294200825532,154.9101004202547,-0.6758695050935271,-0.8339900882218972,0.5862140467754248,8.423658942916344,39,2.5354014099008073
astro_reversal_score,14,1.5,-1.0,long_short_balanced_v2,5.693294200825532,154.9101004202547,-0.6758695050935271,-0.8339900882218972,0.5862140467754248,8.423658942916344,39,2.5354014099008073
astro_reversal_score,14,1.5,-1.5,long_short_balanced_v2,5.693294200825532,154.9101004202547,-0.6758695050935271,-0.8339900882218972,0.5862140467754248,8.423658942916344,39,2.5354014099008073
astro_reversal_score,14,1.5,-2.0,long_short_balanced_v2,5.693294200825532,154.9101004202547,-0.6758695050935271,-0.8339900882218972,0.5862140467754248,8.423658942916344,39,2.5354014099008073
astro_reversal_score,14,1.5,-2.5,long_short_balanced_v2,5.693294200825532,154.9101004202547,-0.6758695050935271,-0.8339900882218972,0.5862140467754248,8.423658942916344,39,2.5354014099008073
astro_bearish_score,5,2.0,-1.0,long_short_balanced_v2,2.4284827200503853,154.9101004202547,-0.25096074995067497,-0.8339900882218972,0.7205537122214483,9.676743158153979,26,2.5236738076084784
astro_bearish_score,5,2.0,-1.5,long_short_balanced_v2,2.4284827200503853,154.9101004202547,-0.25096074995067497,-0.8339900882218972,0.7205537122214483,9.676743158153979,26,2.5236738076084784
astro_bearish_score,5,2.0,-2.0,long_short_balanced_v2,2.4284827200503853,154.9101004202547,-0.25096074995067497,-0.8339900882218972,0.7205537122214483,9.676743158153979,26,2.5236738076084784
astro_bearish_score,5,2.0,-2.5,long_short_balanced_v2,2.4284827200503853,154.9101004202547,-0.25096074995067497,-0.8339900882218972,0.7205537122214483,9.676743158153979,26,2.5236738076084784
astro_bearish_score,5,2.0,-3.0,long_short_balanced_v2,2.4284827200503853,154.9101004202547,-0.25096074995067497,-0.8339900882218972,0.7205537122214483,9.676743158153979,26,2.5236738076084784
astro_compression_score,5,1.5,-0.5,long_short_balanced_v2,2.3573408352356635,154.9101004202547,-0.24480037003356725,-0.8339900882218972,0.7735564840104019,9.629645718723475,28,2.519353432869204
astro_compression_score,5,1.5,-1.0,long_short_balanced_v2,2.3573408352356635,154.9101004202547,-0.24480037003356725,-0.8339900882218972,0.7735564840104019,9.629645718723475,28,2.519353432869204
astro_compression_score,5,1.5,-1.5,long_short_balanced_v2,2.3573408352356635,154.9101004202547,-0.24480037003356725,-0.8339900882218972,0.7735564840104019,9.629645718723475,28,2.519353432869204
astro_compression_score,5,1.5,-2.0,long_short_balanced_v2,2.3573408352356635,154.9101004202547,-0.24480037003356725,-0.8339900882218972,0.7735564840104019,9.629645718723475,28,2.519353432869204
astro_compression_score,5,1.5,-2.5,long_short_balanced_v2,2.3573408352356635,154.9101004202547,-0.24480037003356725,-0.8339900882218972,0.7735564840104019,9.629645718723475,28,2.519353432869204
astro_bearish_score,30,1.5,-0.5,long_short_balanced_v2,3.9419804080076286,154.9101004202547,-0.44378109791883913,-0.8339900882218972,0.6503026158388713,8.88271363177473,27,2.4995862482145244
astro_bearish_score,30,1.5,-1.0,long_short_balanced_v2,3.9419804080076286,154.9101004202547,-0.44378109791883913,-0.8339900882218972,0.6503026158388713,8.88271363177473,27,2.4995862482145244
astro_bearish_score,30,1.5,-1.5,long_short_balanced_v2,3.9419804080076286,154.9101004202547,-0.44378109791883913,-0.8339900882218972,0.6503026158388713,8.88271363177473,27,2.4995862482145244
astro_bearish_score,30,1.5,-2.0,long_short_balanced_v2,3.9419804080076286,154.9101004202547,-0.44378109791883913,-0.8339900882218972,0.6503026158388713,8.88271363177473,27,2.4995862482145244
astro_bearish_score,30,1.5,-2.5,long_short_balanced_v2,3.9419804080076286,154.9101004202547,-0.44378109791883913,-0.8339900882218972,0.6503026158388713,8.88271363177473,27,2.4995862482145244
astro_momentum_v2_smooth,14,0.5,-1.5,long_short_balanced_v2,6.910656126727393,154.9101004202547,-0.8773147142027975,-0.8339900882218972,0.5995630751857542,7.877054852553113,52,2.4684609672989457
astro_momentum_v2,30,1.0,-2.0,long_short_balanced_v2,6.3092906154309825,154.9101004202547,-0.7863833555270898,-0.8339900882218972,0.5965187028253517,8.023174156836076,53,2.4504544638360155
astro_reversal_score,30,2.0,-1.0,long_short_balanced_v2,4.8622874053654215,154.9101004202547,-0.5840915306377052,-0.8339900882218972,0.5894239260684672,8.324529890130105,38,2.4072244741064766
astro_reversal_score,30,2.0,-1.5,long_short_balanced_v2,4.8622874053654215,154.9101004202547,-0.5840915306377052,-0.8339900882218972,0.5894239260684672,8.324529890130105,38,2.4072244741064766
astro_reversal_score,30,2.0,-2.0,long_short_balanced_v2,4.8622874053654215,154.9101004202547,-0.5840915306377052,-0.8339900882218972,0.5894239260684672,8.324529890130105,38,2.4072244741064766
astro_reversal_score,30,2.0,-2.5,long_short_balanced_v2,4.8622874053654215,154.9101004202547,-0.5840915306377052,-0.8339900882218972,0.5894239260684672,8.324529890130105,38,2.4072244741064766
astro_reversal_score,30,2.0,-3.0,long_short_balanced_v2,4.8622874053654215,154.9101004202547,-0.5840915306377052,-0.8339900882218972,0.5894239260684672,8.324529890130105,38,2.4072244741064766
astro_bullish_score,5,2.5,-1.5,long_short_balanced_v2,4.370843280304187,154.9101004202547,-0.5206907196430963,-0.8339900882218972,0.633181918405646,8.394317615839494,54,2.3543531951567687
astro_bullish_score,5,2.5,-2.0,long_short_balanced_v2,4.370843280304187,154.9101004202547,-0.5206907196430963,-0.8339900882218972,0.633181918405646,8.394317615839494,54,2.3543531951567687
astro_bullish_score,5,2.5,-2.5,long_short_balanced_v2,4.370843280304187,154.9101004202547,-0.5206907196430963,-0.8339900882218972,0.633181918405646,8.394317615839494,54,2.3543531951567687
astro_bullish_score,5,2.5,-3.0,long_short_balanced_v2,4.370843280304187,154.9101004202547,-0.5206907196430963,-0.8339900882218972,0.633181918405646,8.394317615839494,54,2.3543531951567687
astro_bearish_score,5,1.0,-0.5,long_short_balanced_v2,5.515281190580716,154.9101004202547,-0.6856733832674484,-0.8339900882218972,0.6168037109482157,8.04359819874978,67,2.3475154064022847
astro_bearish_score,5,1.0,-1.0,long_short_balanced_v2,5.515281190580716,154.9101004202547,-0.6856733832674484,-0.8339900882218972,0.6168037109482157,8.04359819874978,67,2.3475154064022847
astro_bearish_score,5,1.0,-1.5,long_short_balanced_v2,5.515281190580716,154.9101004202547,-0.6856733832674484,-0.8339900882218972,0.6168037109482157,8.04359819874978,67,2.3475154064022847
astro_bearish_score,5,1.0,-2.0,long_short_balanced_v2,5.515281190580716,154.9101004202547,-0.6856733832674484,-0.8339900882218972,0.6168037109482157,8.04359819874978,67,2.3475154064022847
astro_bearish_score,21,2.0,-1.0,long_short_balanced_v2,2.2675625608609304,154.9101004202547,-0.25821016344524383,-0.8339900882218972,0.6898611580875939,8.781848594204506,16,2.293267705166352
astro_bearish_score,21,2.0,-1.5,long_short_balanced_v2,2.2675625608609304,154.9101004202547,-0.25821016344524383,-0.8339900882218972,0.6898611580875939,8.781848594204506,16,2.293267705166352
astro_bearish_score,21,2.0,-2.0,long_short_balanced_v2,2.2675625608609304,154.9101004202547,-0.25821016344524383,-0.8339900882218972,0.6898611580875939,8.781848594204506,16,2.293267705166352
astro_bearish_score,21,2.0,-2.5,long_short_balanced_v2,2.2675625608609304,154.9101004202547,-0.25821016344524383,-0.8339900882218972,0.6898611580875939,8.781848594204506,16,2.293267705166352
astro_bearish_score,21,2.0,-3.0,long_short_balanced_v2,2.2675625608609304,154.9101004202547,-0.25821016344524383,-0.8339900882218972,0.6898611580875939,8.781848594204506,16,2.293267705166352
astro_bearish_score,8,2.0,-1.0,long_short_balanced_v2,2.137673638246965,154.9101004202547,-0.24472242373799835,-0.8339900882218972,0.6753494323167542,8.735095074636783,26,2.2393772437211505
astro_bearish_score,8,2.0,-1.5,long_short_balanced_v2,2.137673638246965,154.9101004202547,-0.24472242373799835,-0.8339900882218972,0.6753494323167542,8.735095074636783,26,2.2393772437211505
astro_bearish_score,8,2.0,-2.0,long_short_balanced_v2,2.137673638246965,154.9101004202547,-0.24472242373799835,-0.8339900882218972,0.6753494323167542,8.735095074636783,26,2.2393772437211505
astro_bearish_score,8,2.0,-2.5,long_short_balanced_v2,2.137673638246965,154.9101004202547,-0.24472242373799835,-0.8339900882218972,0.6753494323167542,8.735095074636783,26,2.2393772437211505
astro_bearish_score,8,2.0,-3.0,long_short_balanced_v2,2.137673638246965,154.9101004202547,-0.24472242373799835,-0.8339900882218972,0.6753494323167542,8.735095074636783,26,2.2393772437211505
astro_compression_score,14,1.5,-0.5,long_short_balanced_v2,1.6487234900807701,154.9101004202547,-0.18739492382138834,-0.8339900882218972,0.7366902948152941,8.798122470234132,18,2.231825273265093
astro_compression_score,14,1.5,-1.0,long_short_balanced_v2,1.6487234900807701,154.9101004202547,-0.18739492382138834,-0.8339900882218972,0.7366902948152941,8.798122470234132,18,2.231825273265093
astro_compression_score,14,1.5,-1.5,long_short_balanced_v2,1.6487234900807701,154.9101004202547,-0.18739492382138834,-0.8339900882218972,0.7366902948152941,8.798122470234132,18,2.231825273265093
astro_compression_score,14,1.5,-2.0,long_short_balanced_v2,1.6487234900807701,154.9101004202547,-0.18739492382138834,-0.8339900882218972,0.7366902948152941,8.798122470234132,18,2.231825273265093
astro_compression_score,14,1.5,-2.5,long_short_balanced_v2,1.6487234900807701,154.9101004202547,-0.18739492382138834,-0.8339900882218972,0.7366902948152941,8.798122470234132,18,2.231825273265093
astro_trend_start_score,8,1.0,-0.5,long_short_balanced_v2,6.016525368359544,154.9101004202547,-0.8164028318641535,-0.8339900882218972,0.5819620366522162,7.3695547510798844,60,2.1670491275884967
astro_trend_start_score,8,1.0,-1.0,long_short_balanced_v2,6.016525368359544,154.9101004202547,-0.8164028318641535,-0.8339900882218972,0.5819620366522162,7.3695547510798844,60,2.1670491275884967
astro_trend_start_score,8,1.0,-1.5,long_short_balanced_v2,6.016525368359544,154.9101004202547,-0.8164028318641535,-0.8339900882218972,0.5819620366522162,7.3695547510798844,60,2.1670491275884967
astro_trend_start_score,8,1.0,-2.0,long_short_balanced_v2,6.016525368359544,154.9101004202547,-0.8164028318641535,-0.8339900882218972,0.5819620366522162,7.3695547510798844,60,2.1670491275884967
astro_bearish_score,21,1.5,-0.5,long_short_balanced_v2,2.9106060644943037,154.9101004202547,-0.3536720866306243,-0.8339900882218972,0.5816587339268915,8.229674250583832,35,2.151272033089878
astro_bearish_score,21,1.5,-1.0,long_short_balanced_v2,2.9106060644943037,154.9101004202547,-0.3536720866306243,-0.8339900882218972,0.5816587339268915,8.229674250583832,35,2.151272033089878
astro_bearish_score,21,1.5,-1.5,long_short_balanced_v2,2.9106060644943037,154.9101004202547,-0.3536720866306243,-0.8339900882218972,0.5816587339268915,8.229674250583832,35,2.151272033089878
astro_bearish_score,21,1.5,-2.0,long_short_balanced_v2,2.9106060644943037,154.9101004202547,-0.3536720866306243,-0.8339900882218972,0.5816587339268915,8.229674250583832,35,2.151272033089878
astro_bearish_score,21,1.5,-2.5,long_short_balanced_v2,2.9106060644943037,154.9101004202547,-0.3536720866306243,-0.8339900882218972,0.5816587339268915,8.229674250583832,35,2.151272033089878
astro_momentum_v2,30,1.0,-1.0,long_short_balanced_v2,5.8049037918560185,154.9101004202547,-0.7863833555270899,-0.8339900882218972,0.5813410106269581,7.381773470987518,60,2.1507872027144574
astro_momentum_v2,30,2.0,-2.0,long_short_balanced_v2,4.1836511290181235,154.9101004202547,-0.5519217276681623,-0.8339900882218972,0.6883732561717616,7.580152980557243,36,2.146592645783347
astro_momentum_v2,30,2.0,-2.5,long_short_balanced_v2,4.1836511290181235,154.9101004202547,-0.5519217276681623,-0.8339900882218972,0.6883732561717616,7.580152980557243,36,2.146592645783347
astro_momentum_v2,30,2.0,-3.0,long_short_balanced_v2,4.1836511290181235,154.9101004202547,-0.5519217276681623,-0.8339900882218972,0.6883732561717616,7.580152980557243,36,2.146592645783347
astro_momentum_v2_smooth,21,2.5,-1.5,long_short_balanced_v2,2.2362839605241365,154.9101004202547,-0.274160097777554,-0.8339900882218972,0.6785981115418815,8.156854256517649,27,2.108455137411193
astro_trend_start_score,10,1.0,-0.5,long_short_balanced_v2,5.868972686129909,154.9101004202547,-0.8230098441020265,-0.8339900882218972,0.5785322325280118,7.1311087324033835,56,2.0718116791778147
astro_trend_start_score,10,1.0,-1.0,long_short_balanced_v2,5.868972686129909,154.9101004202547,-0.8230098441020265,-0.8339900882218972,0.5785322325280118,7.1311087324033835,56,2.0718116791778147
astro_trend_start_score,10,1.0,-1.5,long_short_balanced_v2,5.868972686129909,154.9101004202547,-0.8230098441020265,-0.8339900882218972,0.5785322325280118,7.1311087324033835,56,2.0718116791778147
astro_trend_start_score,10,1.0,-2.0,long_short_balanced_v2,5.868972686129909,154.9101004202547,-0.8230098441020265,-0.8339900882218972,0.5785322325280118,7.1311087324033835,56,2.0718116791778147
astro_momentum_v2,5,1.0,-1.5,long_short_balanced_v2,5.633792163733496,154.9101004202547,-0.7479126146212812,-0.8339900882218972,0.5805402151000897,7.53268771457514,119,2.0690223561431904
astro_momentum_v2,30,1.0,-1.5,long_short_balanced_v2,5.5793587748522775,154.9101004202547,-0.7863833555270898,-0.8339900882218972,0.5771718030731714,7.094960410387369,57,2.030093402471791
astro_bearish_score,5,3.0,-2.0,long_short_balanced_v2,0.5285685684651551,154.9101004202547,-0.06320674914218216,-0.8339900882218972,0.6381221656389601,8.362533679372625,8,1.9755160489563823
astro_bearish_score,5,3.0,-2.5,long_short_balanced_v2,0.5285685684651551,154.9101004202547,-0.06320674914218216,-0.8339900882218972,0.6381221656389601,8.362533679372625,8,1.9755160489563823
astro_bearish_score,5,3.0,-3.0,long_short_balanced_v2,0.5285685684651551,154.9101004202547,-0.06320674914218216,-0.8339900882218972,0.6381221656389601,8.362533679372625,8,1.9755160489563823
astro_momentum_v2_smooth,21,2.0,-1.5,long_short_balanced_v2,3.602824674979834,154.9101004202547,-0.49353578754124117,-0.8339900882218972,0.6031830863814664,7.300027203556687,43,1.9558223964460117
astro_momentum_v2_smooth,21,0.5,-1.5,long_short_balanced_v2,5.913048928355057,154.9101004202547,-0.8741572186027592,-0.8339900882218972,0.5789605564437296,6.764285419739933,48,1.951120157127857
astro_momentum_v2_smooth,21,1.0,-1.0,long_short_balanced_v2,5.584711312453699,154.9101004202547,-0.8006088908073796,-0.8339900882218972,0.576595542888838,6.975579932445863,76,1.9482542611697478
astro_bearish_score,3,2.0,-1.0,long_short_balanced_v2,1.7819768554021675,154.9101004202547,-0.2264333978883174,-0.8339900882218972,0.594510172678132,7.869761581200504,30,1.9466993450995278
astro_bearish_score,3,2.0,-1.5,long_short_balanced_v2,1.7819768554021675,154.9101004202547,-0.2264333978883174,-0.8339900882218972,0.594510172678132,7.869761581200504,30,1.9466993450995278
astro_bearish_score,3,2.0,-2.0,long_short_balanced_v2,1.7819768554021675,154.9101004202547,-0.2264333978883174,-0.8339900882218972,0.594510172678132,7.869761581200504,30,1.9466993450995278
astro_bearish_score,3,2.0,-2.5,long_short_balanced_v2,1.7819768554021675,154.9101004202547,-0.2264333978883174,-0.8339900882218972,0.594510172678132,7.869761581200504,30,1.9466993450995278
astro_bearish_score,3,2.0,-3.0,long_short_balanced_v2,1.7819768554021675,154.9101004202547,-0.2264333978883174,-0.8339900882218972,0.594510172678132,7.869761581200504,30,1.9466993450995278
astro_bearish_score,3,3.0,-2.0,long_short_balanced_v2,0.5212033465215162,154.9101004202547,-0.06320674914218205,-0.8339900882218972,0.6320863814721895,8.246007801304287,10,1.943586993092915
astro_bearish_score,3,3.0,-2.5,long_short_balanced_v2,0.5212033465215162,154.9101004202547,-0.06320674914218205,-0.8339900882218972,0.6320863814721895,8.246007801304287,10,1.943586993092915
astro_bearish_score,3,3.0,-3.0,long_short_balanced_v2,0.5212033465215162,154.9101004202547,-0.06320674914218205,-0.8339900882218972,0.6320863814721895,8.246007801304287,10,1.943586993092915
astro_bearish_score,14,1.5,-0.5,long_short_balanced_v2,3.284613398519153,154.9101004202547,-0.4506544558505746,-0.8339900882218972,0.613211491694776,7.288540822967578,37,1.9383950970513097
astro_bearish_score,14,1.5,-1.0,long_short_balanced_v2,3.284613398519153,154.9101004202547,-0.4506544558505746,-0.8339900882218972,0.613211491694776,7.288540822967578,37,1.9383950970513097
astro_bearish_score,14,1.5,-1.5,long_short_balanced_v2,3.284613398519153,154.9101004202547,-0.4506544558505746,-0.8339900882218972,0.613211491694776,7.288540822967578,37,1.9383950970513097
astro_bearish_score,14,1.5,-2.0,long_short_balanced_v2,3.284613398519153,154.9101004202547,-0.4506544558505746,-0.8339900882218972,0.613211491694776,7.288540822967578,37,1.9383950970513097
astro_bearish_score,14,1.5,-2.5,long_short_balanced_v2,3.284613398519153,154.9101004202547,-0.4506544558505746,-0.8339900882218972,0.613211491694776,7.288540822967578,37,1.9383950970513097
astro_momentum_v2,10,0.5,-0.5,long_short_balanced_v2,5.9909449470262555,154.9101004202547,-0.8812222904981271,-0.8339900882218972,0.580589787075781,6.798449167280782,84,1.8993757966471552
astro_momentum_v2,30,2.0,-1.0,long_short_balanced_v2,3.825946740856782,154.9101004202547,-0.551921727668162,-0.8339900882218972,0.6196353632223914,6.932045884515527,43,1.8681647529468537
astro_momentum_v2_smooth,3,0.5,-1.0,long_short_balanced_v2,5.745261533251928,154.9101004202547,-0.849708703344513,-0.8339900882218972,0.5750779729459892,6.761448377118154,88,1.8553362695608355
astro_volatility_score,10,2.5,-1.5,long_short_balanced_v2,2.858871621180881,154.9101004202547,-0.38936083516208475,-0.8339900882218972,0.6361074288098276,7.342473518146164,72,1.8525579087643012
astro_volatility_score,10,2.5,-2.0,long_short_balanced_v2,2.858871621180881,154.9101004202547,-0.38936083516208475,-0.8339900882218972,0.6361074288098276,7.342473518146164,72,1.8525579087643012
astro_volatility_score,10,2.5,-2.5,long_short_balanced_v2,2.858871621180881,154.9101004202547,-0.38936083516208475,-0.8339900882218972,0.6361074288098276,7.342473518146164,72,1.8525579087643012
astro_volatility_score,10,2.5,-3.0,long_short_balanced_v2,2.858871621180881,154.9101004202547,-0.38936083516208475,-0.8339900882218972,0.6361074288098276,7.342473518146164,72,1.8525579087643012
astro_momentum_v2,5,0.5,-1.0,long_short_balanced_v2,5.649893053189239,154.9101004202547,-0.8336767057001145,-0.8339900882218972,0.5729861559967516,6.777079189761585,102,1.8250631577576175
astro_volatility_score,14,1.5,-0.5,long_short_balanced_v2,5.022759438496875,154.9101004202547,-0.7423402360078917,-0.8339900882218972,0.5674544423623941,6.766115043834804,80,1.8135222632491435
astro_volatility_score,14,1.5,-1.0,long_short_balanced_v2,5.022759438496875,154.9101004202547,-0.7423402360078917,-0.8339900882218972,0.5674544423623941,6.766115043834804,80,1.8135222632491435
astro_volatility_score,14,1.5,-1.5,long_short_balanced_v2,5.022759438496875,154.9101004202547,-0.7423402360078917,-0.8339900882218972,0.5674544423623941,6.766115043834804,80,1.8135222632491435
astro_volatility_score,14,1.5,-2.0,long_short_balanced_v2,5.022759438496875,154.9101004202547,-0.7423402360078917,-0.8339900882218972,0.5674544423623941,6.766115043834804,80,1.8135222632491435
astro_volatility_score,14,1.5,-2.5,long_short_balanced_v2,5.022759438496875,154.9101004202547,-0.7423402360078917,-0.8339900882218972,0.5674544423623941,6.766115043834804,80,1.8135222632491435
astro_momentum_v2_smooth,21,2.5,-2.0,long_short_balanced_v2,1.857111199301766,154.9101004202547,-0.26468440794667747,-0.8339900882218972,0.7217101842196407,7.016322622509347,22,1.808055346060239
astro_momentum_v2_smooth,21,2.5,-2.5,long_short_balanced_v2,1.857111199301766,154.9101004202547,-0.26468440794667747,-0.8339900882218972,0.7217101842196407,7.016322622509347,22,1.808055346060239
astro_momentum_v2_smooth,21,2.5,-3.0,long_short_balanced_v2,1.857111199301766,154.9101004202547,-0.26468440794667747,-0.8339900882218972,0.7217101842196407,7.016322622509347,22,1.808055346060239
astro_momentum_v2,30,2.0,-1.5,long_short_balanced_v2,3.6659932318845776,154.9101004202547,-0.5519217276681625,-0.8339900882218972,0.6360852052571698,6.642233940260311,40,1.7747962482180593
astro_bullish_score,3,1.5,-0.5,long_short_balanced_v2,5.32362204849714,154.9101004202547,-0.7957696337057756,-0.8339900882218972,0.5700506285017118,6.6899034884076425,100,1.7694331130726921
astro_bullish_score,3,1.5,-1.0,long_short_balanced_v2,5.32362204849714,154.9101004202547,-0.7957696337057756,-0.8339900882218972,0.5700506285017118,6.6899034884076425,100,1.7694331130726921
astro_bullish_score,3,1.5,-1.5,long_short_balanced_v2,5.32362204849714,154.9101004202547,-0.7957696337057756,-0.8339900882218972,0.5700506285017118,6.6899034884076425,100,1.7694331130726921
astro_bullish_score,3,1.5,-2.0,long_short_balanced_v2,5.32362204849714,154.9101004202547,-0.7957696337057756,-0.8339900882218972,0.5700506285017118,6.6899034884076425,100,1.7694331130726921
astro_bullish_score,3,1.5,-2.5,long_short_balanced_v2,5.32362204849714,154.9101004202547,-0.7957696337057756,-0.8339900882218972,0.5700506285017118,6.6899034884076425,100,1.7694331130726921
astro_bullish_score,30,1.5,-0.5,long_short_balanced_v2,4.994632051245502,154.9101004202547,-0.7713762791581472,-0.8339900882218972,0.5600936435368995,6.474961942952754,49,1.7623550426417403
astro_bullish_score,30,1.5,-1.0,long_short_balanced_v2,4.994632051245502,154.9101004202547,-0.7713762791581472,-0.8339900882218972,0.5600936435368995,6.474961942952754,49,1.7623550426417403
astro_bullish_score,30,1.5,-1.5,long_short_balanced_v2,4.994632051245502,154.9101004202547,-0.7713762791581472,-0.8339900882218972,0.5600936435368995,6.474961942952754,49,1.7623550426417403
astro_bullish_score,30,1.5,-2.0,long_short_balanced_v2,4.994632051245502,154.9101004202547,-0.7713762791581472,-0.8339900882218972,0.5600936435368995,6.474961942952754,49,1.7623550426417403
astro_bullish_score,30,1.5,-2.5,long_short_balanced_v2,4.994632051245502,154.9101004202547,-0.7713762791581472,-0.8339900882218972,0.5600936435368995,6.474961942952754,49,1.7623550426417403
astro_bearish_score,30,2.0,-1.0,long_short_balanced_v2,1.7798278446683176,154.9101004202547,-0.2582101634452436,-0.8339900882218972,0.6322794054093741,6.8929426360312505,14,1.7501333976026296
astro_bearish_score,30,2.0,-1.5,long_short_balanced_v2,1.7798278446683176,154.9101004202547,-0.2582101634452436,-0.8339900882218972,0.6322794054093741,6.8929426360312505,14,1.7501333976026296
astro_bearish_score,30,2.0,-2.0,long_short_balanced_v2,1.7798278446683176,154.9101004202547,-0.2582101634452436,-0.8339900882218972,0.6322794054093741,6.8929426360312505,14,1.7501333976026296
astro_bearish_score,30,2.0,-2.5,long_short_balanced_v2,1.7798278446683176,154.9101004202547,-0.2582101634452436,-0.8339900882218972,0.6322794054093741,6.8929426360312505,14,1.7501333976026296
astro_bearish_score,30,2.0,-3.0,long_short_balanced_v2,1.7798278446683176,154.9101004202547,-0.2582101634452436,-0.8339900882218972,0.6322794054093741,6.8929426360312505,14,1.7501333976026296
astro_momentum_v2_smooth,30,1.0,-1.5,long_short_balanced_v2,5.146775456549995,154.9101004202547,-0.812173624177358,-0.8339900882218972,0.5651828644819603,6.337038415601232,44,1.7312530296119921
astro_compression_score,21,1.5,-0.5,long_short_balanced_v2,1.286139627392357,154.9101004202547,-0.18739492382138823,-0.8339900882218972,0.6774624183576072,6.863257558770459,14,1.7203859815827593
astro_compression_score,21,1.5,-1.0,long_short_balanced_v2,1.286139627392357,154.9101004202547,-0.18739492382138823,-0.8339900882218972,0.6774624183576072,6.863257558770459,14,1.7203859815827593
astro_compression_score,21,1.5,-1.5,long_short_balanced_v2,1.286139627392357,154.9101004202547,-0.18739492382138823,-0.8339900882218972,0.6774624183576072,6.863257558770459,14,1.7203859815827593
astro_compression_score,21,1.5,-2.0,long_short_balanced_v2,1.286139627392357,154.9101004202547,-0.18739492382138823,-0.8339900882218972,0.6774624183576072,6.863257558770459,14,1.7203859815827593
astro_compression_score,21,1.5,-2.5,long_short_balanced_v2,1.286139627392357,154.9101004202547,-0.18739492382138823,-0.8339900882218972,0.6774624183576072,6.863257558770459,14,1.7203859815827593
astro_momentum_v2_smooth,14,0.5,-1.0,long_short_balanced_v2,5.5623923575037235,154.9101004202547,-0.89148579233696,-0.8339900882218972,0.5708490887022019,6.239462709688675,64,1.6797211961642926
astro_bullish_score,3,2.5,-1.5,long_short_balanced_v2,3.4733188629258427,154.9101004202547,-0.5242648200467709,-0.8339900882218972,0.5802831224807001,6.625122896127151,70,1.6727362570253068
astro_bullish_score,3,2.5,-2.0,long_short_balanced_v2,3.4733188629258427,154.9101004202547,-0.5242648200467709,-0.8339900882218972,0.5802831224807001,6.625122896127151,70,1.6727362570253068
astro_bullish_score,3,2.5,-2.5,long_short_balanced_v2,3.4733188629258427,154.9101004202547,-0.5242648200467709,-0.8339900882218972,0.5802831224807001,6.625122896127151,70,1.6727362570253068
astro_bullish_score,3,2.5,-3.0,long_short_balanced_v2,3.4733188629258427,154.9101004202547,-0.5242648200467709,-0.8339900882218972,0.5802831224807001,6.625122896127151,70,1.6727362570253068
astro_momentum_v2_smooth,30,1.0,-2.0,long_short_balanced_v2,5.00098354979541,154.9101004202547,-0.812173624177358,-0.8339900882218972,0.5619511270742211,6.1575301153874005,41,1.6563211025797544
astro_compression_score,3,1.5,-0.5,long_short_balanced_v2,1.5697168313446297,154.9101004202547,-0.23421302506413766,-0.8339900882218972,0.6264340256800166,6.702090248459808,36,1.6385871717711509
astro_compression_score,3,1.5,-1.0,long_short_balanced_v2,1.5697168313446297,154.9101004202547,-0.23421302506413766,-0.8339900882218972,0.6264340256800166,6.702090248459808,36,1.6385871717711509
astro_compression_score,3,1.5,-1.5,long_short_balanced_v2,1.5697168313446297,154.9101004202547,-0.23421302506413766,-0.8339900882218972,0.6264340256800166,6.702090248459808,36,1.6385871717711509
astro_compression_score,3,1.5,-2.0,long_short_balanced_v2,1.5697168313446297,154.9101004202547,-0.23421302506413766,-0.8339900882218972,0.6264340256800166,6.702090248459808,36,1.6385871717711509
astro_compression_score,3,1.5,-2.5,long_short_balanced_v2,1.5697168313446297,154.9101004202547,-0.23421302506413766,-0.8339900882218972,0.6264340256800166,6.702090248459808,36,1.6385871717711509
astro_bullish_score,21,2.0,-1.0,long_short_balanced_v2,4.298781334709752,154.9101004202547,-0.6945697573880996,-0.8339900882218972,0.5664364883464537,6.189128289828137,54,1.604180017634985
astro_bullish_score,21,2.0,-1.5,long_short_balanced_v2,4.298781334709752,154.9101004202547,-0.6945697573880996,-0.8339900882218972,0.5664364883464537,6.189128289828137,54,1.604180017634985
astro_bullish_score,21,2.0,-2.0,long_short_balanced_v2,4.298781334709752,154.9101004202547,-0.6945697573880996,-0.8339900882218972,0.5664364883464537,6.189128289828137,54,1.604180017634985
astro_bullish_score,21,2.0,-2.5,long_short_balanced_v2,4.298781334709752,154.9101004202547,-0.6945697573880996,-0.8339900882218972,0.5664364883464537,6.189128289828137,54,1.604180017634985
astro_bullish_score,21,2.0,-3.0,long_short_balanced_v2,4.298781334709752,154.9101004202547,-0.6945697573880996,-0.8339900882218972,0.5664364883464537,6.189128289828137,54,1.604180017634985
astro_momentum_v2,5,1.0,-2.0,long_short_balanced_v2,4.788997482899613,154.9101004202547,-0.7479126146212809,-0.8339900882218972,0.5579891639718491,6.4031511025183185,111,1.596656209030366
astro_momentum_v2_smooth,5,2.5,-2.5,long_short_balanced_v2,1.803631641840687,154.9101004202547,-0.280529794025678,-0.8339900882218972,0.6480522897514702,6.429376416522779,40,1.585391000718833
astro_momentum_v2_smooth,5,2.5,-3.0,long_short_balanced_v2,1.803631641840687,154.9101004202547,-0.280529794025678,-0.8339900882218972,0.6480522897514702,6.429376416522779,40,1.585391000718833
astro_momentum_v2_smooth,21,2.0,-2.0,long_short_balanced_v2,3.063543894083235,154.9101004202547,-0.4935357875412414,-0.8339900882218972,0.5844956094782057,6.20733890311295,38,1.5780255113269805
astro_momentum_v2_smooth,21,2.0,-2.5,long_short_balanced_v2,3.063543894083235,154.9101004202547,-0.4935357875412414,-0.8339900882218972,0.5844956094782057,6.20733890311295,38,1.5780255113269805
astro_momentum_v2_smooth,21,2.0,-3.0,long_short_balanced_v2,3.063543894083235,154.9101004202547,-0.4935357875412414,-0.8339900882218972,0.5844956094782057,6.20733890311295,38,1.5780255113269805
astro_momentum_v2_smooth,30,1.0,-1.0,long_short_balanced_v2,4.840164287943249,154.9101004202547,-0.8121736241773578,-0.8339900882218972,0.5553635539831386,5.9595191765132745,48,1.5518381070128482
astro_momentum_v2,30,2.5,-2.0,long_short_balanced_v2,1.6138081268652913,154.9101004202547,-0.26468440794667747,-0.8339900882218972,0.691116593568179,6.097103110019251,18,1.5469830855706932
astro_momentum_v2,30,2.5,-2.5,long_short_balanced_v2,1.6138081268652913,154.9101004202547,-0.26468440794667747,-0.8339900882218972,0.691116593568179,6.097103110019251,18,1.5469830855706932
astro_momentum_v2,30,2.5,-3.0,long_short_balanced_v2,1.6138081268652913,154.9101004202547,-0.26468440794667747,-0.8339900882218972,0.691116593568179,6.097103110019251,18,1.5469830855706932
astro_momentum_v2_smooth,30,2.5,-1.5,long_short_balanced_v2,1.6284756161626333,154.9101004202547,-0.26468440794667747,-0.8339900882218972,0.6190091263866235,6.1525181207149195,15,1.5396233476264072
astro_bearish_score,8,3.0,-2.0,long_short_balanced_v2,0.542941998747263,154.9101004202547,-0.0872482891554236,-0.8339900882218972,0.6162493923699669,6.222952954184228,6,1.511100513675876
astro_bearish_score,8,3.0,-2.5,long_short_balanced_v2,0.542941998747263,154.9101004202547,-0.0872482891554236,-0.8339900882218972,0.6162493923699669,6.222952954184228,6,1.511100513675876
astro_bearish_score,8,3.0,-3.0,long_short_balanced_v2,0.542941998747263,154.9101004202547,-0.0872482891554236,-0.8339900882218972,0.6162493923699669,6.222952954184228,6,1.511100513675876
astro_momentum_v2_smooth,30,2.5,-2.0,long_short_balanced_v2,1.5661322827112771,154.9101004202547,-0.26468440794667714,-0.8339900882218972,0.6861220597578565,5.91697975283375,12,1.5066578473632601
astro_momentum_v2_smooth,30,2.5,-2.5,long_short_balanced_v2,1.5661322827112771,154.9101004202547,-0.26468440794667714,-0.8339900882218972,0.6861220597578565,5.91697975283375,12,1.5066578473632601
astro_momentum_v2_smooth,30,2.5,-3.0,long_short_balanced_v2,1.5661322827112771,154.9101004202547,-0.26468440794667714,-0.8339900882218972,0.6861220597578565,5.91697975283375,12,1.5066578473632601
astro_momentum_v2_smooth,14,2.5,-2.5,long_short_balanced_v2,1.5966248842140511,154.9101004202547,-0.26468440794667725,-0.8339900882218972,0.6268519695460022,6.032183371132703,30,1.4791383153891409
astro_momentum_v2_smooth,14,2.5,-3.0,long_short_balanced_v2,1.5966248842140511,154.9101004202547,-0.26468440794667725,-0.8339900882218972,0.6268519695460022,6.032183371132703,30,1.4791383153891409
astro_bearish_score,14,2.5,-1.5,long_short_balanced_v2,1.0116950874405353,154.9101004202547,-0.16850615864057605,-0.8339900882218972,0.6345749168672555,6.003905706488051,14,1.4773603963158088
astro_bearish_score,14,2.5,-2.0,long_short_balanced_v2,1.0116950874405353,154.9101004202547,-0.16850615864057605,-0.8339900882218972,0.6345749168672555,6.003905706488051,14,1.4773603963158088
astro_bearish_score,14,2.5,-2.5,long_short_balanced_v2,1.0116950874405353,154.9101004202547,-0.16850615864057605,-0.8339900882218972,0.6345749168672555,6.003905706488051,14,1.4773603963158088
astro_bearish_score,14,2.5,-3.0,long_short_balanced_v2,1.0116950874405353,154.9101004202547,-0.16850615864057605,-0.8339900882218972,0.6345749168672555,6.003905706488051,14,1.4773603963158088
astro_momentum_v2,3,0.5,-1.0,long_short_balanced_v2,5.057483235506788,154.9101004202547,-0.8250476198709759,-0.8339900882218972,0.5592074918554227,6.129928883738488,126,1.4773423143354398
astro_momentum_v2,3,1.0,-1.5,long_short_balanced_v2,4.660284357695492,154.9101004202547,-0.7597056215351398,-0.8339900882218972,0.5524164293789279,6.134329173816615,145,1.416359281520832
astro_volatility_score,5,3.0,-2.0,long_short_balanced_v2,1.5376610928274808,154.9101004202547,-0.2601529640482826,-0.8339900882218972,0.5980384157053702,5.910603780559277,54,1.384405004169824
astro_volatility_score,5,3.0,-2.5,long_short_balanced_v2,1.5376610928274808,154.9101004202547,-0.2601529640482826,-0.8339900882218972,0.5980384157053702,5.910603780559277,54,1.384405004169824
astro_volatility_score,5,3.0,-3.0,long_short_balanced_v2,1.5376610928274808,154.9101004202547,-0.2601529640482826,-0.8339900882218972,0.5980384157053702,5.910603780559277,54,1.384405004169824
astro_bullish_score,3,3.0,-2.0,long_short_balanced_v2,2.305783176730651,154.9101004202547,-0.40355598575158314,-0.8339900882218972,0.6115173109103453,5.713663675280042,50,1.373740633811967
astro_bullish_score,3,3.0,-2.5,long_short_balanced_v2,2.305783176730651,154.9101004202547,-0.40355598575158314,-0.8339900882218972,0.6115173109103453,5.713663675280042,50,1.373740633811967
astro_bullish_score,3,3.0,-3.0,long_short_balanced_v2,2.305783176730651,154.9101004202547,-0.40355598575158314,-0.8339900882218972,0.6115173109103453,5.713663675280042,50,1.373740633811967
astro_momentum_v2,14,2.5,-2.5,long_short_balanced_v2,1.4950110007905608,154.9101004202547,-0.2646844079466769,-0.8339900882218972,0.6077778202053126,5.648277555857179,32,1.3602433275707138
astro_momentum_v2,14,2.5,-3.0,long_short_balanced_v2,1.4950110007905608,154.9101004202547,-0.2646844079466769,-0.8339900882218972,0.6077778202053126,5.648277555857179,32,1.3602433275707138
astro_momentum_v2,14,1.0,-2.0,long_short_balanced_v2,4.24131909256841,154.9101004202547,-0.7448381632899157,-0.8339900882218972,0.5401251051611013,5.6942827336272615,81,1.3480450716255419
astro_momentum_v2,3,1.0,-2.0,long_short_balanced_v2,4.467699580795976,154.9101004202547,-0.7597056215351402,-0.8339900882218972,0.5479677667961876,5.880829961173747,135,1.3261045408893068
astro_momentum_v2,14,1.0,-1.5,long_short_balanced_v2,4.31062482564719,154.9101004202547,-0.7664147523273013,-0.8339900882218972,0.5412347231124668,5.624402208539843,89,1.3069396501561608
astro_trend_start_score,3,1.5,-0.5,long_short_balanced_v2,4.341189156774081,154.9101004202547,-0.7680694082204966,-0.8339900882218972,0.5520614455246964,5.652079239598899,98,1.3054930608311377
astro_trend_start_score,3,1.5,-1.0,long_short_balanced_v2,4.341189156774081,154.9101004202547,-0.7680694082204966,-0.8339900882218972,0.5520614455246964,5.652079239598899,98,1.3054930608311377
astro_trend_start_score,3,1.5,-1.5,long_short_balanced_v2,4.341189156774081,154.9101004202547,-0.7680694082204966,-0.8339900882218972,0.5520614455246964,5.652079239598899,98,1.3054930608311377
astro_trend_start_score,3,1.5,-2.0,long_short_balanced_v2,4.341189156774081,154.9101004202547,-0.7680694082204966,-0.8339900882218972,0.5520614455246964,5.652079239598899,98,1.3054930608311377
astro_trend_start_score,3,1.5,-2.5,long_short_balanced_v2,4.341189156774081,154.9101004202547,-0.7680694082204966,-0.8339900882218972,0.5520614455246964,5.652079239598899,98,1.3054930608311377
astro_trend_start_score,14,3.0,-2.0,long_short_balanced_v2,1.5506927077154558,154.9101004202547,-0.30053395602834654,-0.8339900882218972,0.6796825022895825,5.159792018873214,12,1.2942382829625925
astro_trend_start_score,14,3.0,-2.5,long_short_balanced_v2,1.5506927077154558,154.9101004202547,-0.30053395602834654,-0.8339900882218972,0.6796825022895825,5.159792018873214,12,1.2942382829625925
astro_trend_start_score,14,3.0,-3.0,long_short_balanced_v2,1.5506927077154558,154.9101004202547,-0.30053395602834654,-0.8339900882218972,0.6796825022895825,5.159792018873214,12,1.2942382829625925
astro_momentum_v2_smooth,14,2.5,-2.0,long_short_balanced_v2,1.4316623582205819,154.9101004202547,-0.26468440794667725,-0.8339900882218972,0.584021540597271,5.408941045401517,32,1.2838689208653704
astro_momentum_v2,10,2.5,-2.5,long_short_balanced_v2,1.46133843733283,154.9101004202547,-0.27626548292707354,-0.8339900882218972,0.5915609698727804,5.289616429275687,36,1.246550980613488
astro_momentum_v2,10,2.5,-3.0,long_short_balanced_v2,1.46133843733283,154.9101004202547,-0.27626548292707354,-0.8339900882218972,0.5915609698727804,5.289616429275687,36,1.246550980613488
astro_momentum_v2_smooth,5,0.5,-0.5,long_short_balanced_v2,4.769639799822251,154.9101004202547,-0.8777751348808175,-0.8339900882218972,0.5528204474233349,5.4337832211092,90,1.2421140608166232
astro_momentum_v2,8,2.5,-2.5,long_short_balanced_v2,1.643957950215324,154.9101004202547,-0.31391266272431984,-0.8339900882218972,0.6256388698426066,5.2369915120597055,40,1.2399722413271013
astro_momentum_v2,8,2.5,-3.0,long_short_balanced_v2,1.643957950215324,154.9101004202547,-0.31391266272431984,-0.8339900882218972,0.6256388698426066,5.2369915120597055,40,1.2399722413271013
astro_volatility_score,8,2.5,-1.5,long_short_balanced_v2,2.1719772295402002,154.9101004202547,-0.39137625982340196,-0.8339900882218972,0.5428156027324892,5.549588599268251,80,1.2315727400736032
astro_volatility_score,8,2.5,-2.0,long_short_balanced_v2,2.1719772295402002,154.9101004202547,-0.39137625982340196,-0.8339900882218972,0.5428156027324892,5.549588599268251,80,1.2315727400736032
astro_volatility_score,8,2.5,-2.5,long_short_balanced_v2,2.1719772295402002,154.9101004202547,-0.39137625982340196,-0.8339900882218972,0.5428156027324892,5.549588599268251,80,1.2315727400736032
astro_volatility_score,8,2.5,-3.0,long_short_balanced_v2,2.1719772295402002,154.9101004202547,-0.39137625982340196,-0.8339900882218972,0.5428156027324892,5.549588599268251,80,1.2315727400736032
astro_momentum_v2_smooth,8,2.5,-2.5,long_short_balanced_v2,1.390763595201022,154.9101004202547,-0.26468440794667725,-0.8339900882218972,0.5779724803587268,5.254422071893265,36,1.2302758731624344
astro_momentum_v2_smooth,8,2.5,-3.0,long_short_balanced_v2,1.390763595201022,154.9101004202547,-0.26468440794667725,-0.8339900882218972,0.5779724803587268,5.254422071893265,36,1.2302758731624344
astro_momentum_v2_smooth,14,2.5,-1.5,long_short_balanced_v2,1.6443559150838967,154.9101004202547,-0.3131258656085617,-0.8339900882218972,0.5550174342595581,5.2514215390289865,37,1.2219092576219468
astro_momentum_v2,30,2.5,-1.5,long_short_balanced_v2,1.352783921187315,154.9101004202547,-0.26468440794667714,-0.8339900882218972,0.5618153235959641,5.110931662660857,22,1.211721026406736
astro_momentum_v2_smooth,8,2.0,-2.5,long_short_balanced_v2,2.8899335198636553,154.9101004202547,-0.5537730599566235,-0.8339900882218972,0.5639651536589149,5.218624250320196,48,1.2096313775517662
astro_momentum_v2_smooth,8,2.0,-3.0,long_short_balanced_v2,2.8899335198636553,154.9101004202547,-0.5537730599566235,-0.8339900882218972,0.5639651536589149,5.218624250320196,48,1.2096313775517662
astro_volatility_score,3,3.0,-2.0,long_short_balanced_v2,1.4330481933848325,154.9101004202547,-0.26015296404828203,-0.8339900882218972,0.5649340409571805,5.508483051989643,84,1.1993552387238278
astro_volatility_score,3,3.0,-2.5,long_short_balanced_v2,1.4330481933848325,154.9101004202547,-0.26015296404828203,-0.8339900882218972,0.5649340409571805,5.508483051989643,84,1.1993552387238278
astro_volatility_score,3,3.0,-3.0,long_short_balanced_v2,1.4330481933848325,154.9101004202547,-0.26015296404828203,-0.8339900882218972,0.5649340409571805,5.508483051989643,84,1.1993552387238278
astro_volatility_score,30,2.0,-1.0,long_short_balanced_v2,2.5908769520826236,154.9101004202547,-0.5016861860830526,-0.8339900882218972,0.5069918942865912,5.164337834994149,36,1.1883981312136744
astro_volatility_score,30,2.0,-1.5,long_short_balanced_v2,2.5908769520826236,154.9101004202547,-0.5016861860830526,-0.8339900882218972,0.5069918942865912,5.164337834994149,36,1.1883981312136744
astro_volatility_score,30,2.0,-2.0,long_short_balanced_v2,2.5908769520826236,154.9101004202547,-0.5016861860830526,-0.8339900882218972,0.5069918942865912,5.164337834994149,36,1.1883981312136744
astro_volatility_score,30,2.0,-2.5,long_short_balanced_v2,2.5908769520826236,154.9101004202547,-0.5016861860830526,-0.8339900882218972,0.5069918942865912,5.164337834994149,36,1.1883981312136744
astro_volatility_score,30,2.0,-3.0,long_short_balanced_v2,2.5908769520826236,154.9101004202547,-0.5016861860830526,-0.8339900882218972,0.5069918942865912,5.164337834994149,36,1.1883981312136744
astro_momentum_v2_smooth,3,1.0,-1.5,long_short_balanced_v2,4.089277582502993,154.9101004202547,-0.7520828413784153,-0.8339900882218972,0.5339061573076226,5.4372701483365535,110,1.1796755052736347
astro_momentum_v2_smooth,8,2.0,-1.5,long_short_balanced_v2,2.838639770580291,154.9101004202547,-0.5537730599566234,-0.8339900882218972,0.5425171969533881,5.125998312020883,55,1.1531388824246838
astro_momentum_v2,21,1.0,-2.0,long_short_balanced_v2,4.013069686891784,154.9101004202547,-0.7843823881547041,-0.8339900882218972,0.5313806244225355,5.1162159521871935,71,1.1211427640419318
astro_momentum_v2,21,1.0,-1.0,long_short_balanced_v2,4.023234670969204,154.9101004202547,-0.784382388154704,-0.8339900882218972,0.5302460026958153,5.129175172372305,84,1.1003302546114924
astro_compression_score,30,1.5,-0.5,long_short_balanced_v2,0.8612906278649266,154.9101004202547,-0.18739492382138823,-0.8339900882218972,0.5529444445689194,4.596125713020107,12,1.0936977230589848
astro_compression_score,30,1.5,-1.0,long_short_balanced_v2,0.8612906278649266,154.9101004202547,-0.18739492382138823,-0.8339900882218972,0.5529444445689194,4.596125713020107,12,1.0936977230589848
astro_compression_score,30,1.5,-1.5,long_short_balanced_v2,0.8612906278649266,154.9101004202547,-0.18739492382138823,-0.8339900882218972,0.5529444445689194,4.596125713020107,12,1.0936977230589848
astro_compression_score,30,1.5,-2.0,long_short_balanced_v2,0.8612906278649266,154.9101004202547,-0.18739492382138823,-0.8339900882218972,0.5529444445689194,4.596125713020107,12,1.0936977230589848
astro_compression_score,30,1.5,-2.5,long_short_balanced_v2,0.8612906278649266,154.9101004202547,-0.18739492382138823,-0.8339900882218972,0.5529444445689194,4.596125713020107,12,1.0936977230589848
astro_momentum_v2,30,0.5,-0.5,long_short_balanced_v2,4.4139189394256935,154.9101004202547,-0.8865130603204393,-0.8339900882218972,0.5442305310939684,4.978966624394949,64,1.079891628663626
astro_trend_start_score,21,1.0,-0.5,long_short_balanced_v2,4.006863241684368,154.9101004202547,-0.8339900882218976,-0.8339900882218972,0.5285966450205081,4.8044494752056,42,1.039402393221787
astro_trend_start_score,21,1.0,-1.0,long_short_balanced_v2,4.006863241684368,154.9101004202547,-0.8339900882218976,-0.8339900882218972,0.5285966450205081,4.8044494752056,42,1.039402393221787
astro_trend_start_score,21,1.0,-1.5,long_short_balanced_v2,4.006863241684368,154.9101004202547,-0.8339900882218976,-0.8339900882218972,0.5285966450205081,4.8044494752056,42,1.039402393221787
astro_trend_start_score,21,1.0,-2.0,long_short_balanced_v2,4.006863241684368,154.9101004202547,-0.8339900882218976,-0.8339900882218972,0.5285966450205081,4.8044494752056,42,1.039402393221787
astro_momentum_v2,14,2.5,-2.0,long_short_balanced_v2,1.2202615009877795,154.9101004202547,-0.2646844079466769,-0.8339900882218972,0.5344805151188684,4.610250790570226,34,1.036894202537911
astro_volatility_score,21,3.0,-2.0,long_short_balanced_v2,1.1629952344666954,154.9101004202547,-0.2601529640482815,-0.8339900882218972,0.5324896759641727,4.470428537000473,22,1.02175070205335
astro_volatility_score,21,3.0,-2.5,long_short_balanced_v2,1.1629952344666954,154.9101004202547,-0.2601529640482815,-0.8339900882218972,0.5324896759641727,4.470428537000473,22,1.02175070205335
astro_volatility_score,21,3.0,-3.0,long_short_balanced_v2,1.1629952344666954,154.9101004202547,-0.2601529640482815,-0.8339900882218972,0.5324896759641727,4.470428537000473,22,1.02175070205335
astro_volatility_score,8,2.0,-1.0,long_short_balanced_v2,3.1573582427733022,154.9101004202547,-0.6410485355594393,-0.8339900882218972,0.535199377071419,4.925302949203205,90,1.0047750101620403
astro_volatility_score,8,2.0,-1.5,long_short_balanced_v2,3.1573582427733022,154.9101004202547,-0.6410485355594393,-0.8339900882218972,0.535199377071419,4.925302949203205,90,1.0047750101620403
astro_volatility_score,8,2.0,-2.0,long_short_balanced_v2,3.1573582427733022,154.9101004202547,-0.6410485355594393,-0.8339900882218972,0.535199377071419,4.925302949203205,90,1.0047750101620403
astro_volatility_score,8,2.0,-2.5,long_short_balanced_v2,3.1573582427733022,154.9101004202547,-0.6410485355594393,-0.8339900882218972,0.535199377071419,4.925302949203205,90,1.0047750101620403
astro_volatility_score,8,2.0,-3.0,long_short_balanced_v2,3.1573582427733022,154.9101004202547,-0.6410485355594393,-0.8339900882218972,0.535199377071419,4.925302949203205,90,1.0047750101620403
astro_bullish_score,14,2.0,-1.0,long_short_balanced_v2,3.489050779999899,154.9101004202547,-0.7279768664438332,-0.8339900882218972,0.5279831145540225,4.792804470619941,62,1.0005040742798172
astro_bullish_score,14,2.0,-1.5,long_short_balanced_v2,3.489050779999899,154.9101004202547,-0.7279768664438332,-0.8339900882218972,0.5279831145540225,4.792804470619941,62,1.0005040742798172
astro_bullish_score,14,2.0,-2.0,long_short_balanced_v2,3.489050779999899,154.9101004202547,-0.7279768664438332,-0.8339900882218972,0.5279831145540225,4.792804470619941,62,1.0005040742798172
astro_bullish_score,14,2.0,-2.5,long_short_balanced_v2,3.489050779999899,154.9101004202547,-0.7279768664438332,-0.8339900882218972,0.5279831145540225,4.792804470619941,62,1.0005040742798172
astro_bullish_score,14,2.0,-3.0,long_short_balanced_v2,3.489050779999899,154.9101004202547,-0.7279768664438332,-0.8339900882218972,0.5279831145540225,4.792804470619941,62,1.0005040742798172
astro_momentum_v2,21,2.5,-2.0,long_short_balanced_v2,1.159212977731813,154.9101004202547,-0.26468440794667725,-0.8339900882218972,0.5425326609890693,4.379604324729795,26,0.9916712107411145
astro_momentum_v2,21,2.5,-2.5,long_short_balanced_v2,1.159212977731813,154.9101004202547,-0.26468440794667725,-0.8339900882218972,0.5425326609890693,4.379604324729795,26,0.9916712107411145
astro_momentum_v2,21,2.5,-3.0,long_short_balanced_v2,1.159212977731813,154.9101004202547,-0.26468440794667725,-0.8339900882218972,0.5425326609890693,4.379604324729795,26,0.9916712107411145
astro_bullish_score,30,2.0,-1.0,long_short_balanced_v2,3.173455178328063,154.9101004202547,-0.6782869520608461,-0.8339900882218972,0.5135004230566846,4.678632205272595,46,0.9837327356843423
astro_bullish_score,30,2.0,-1.5,long_short_balanced_v2,3.173455178328063,154.9101004202547,-0.6782869520608461,-0.8339900882218972,0.5135004230566846,4.678632205272595,46,0.9837327356843423
astro_bullish_score,30,2.0,-2.0,long_short_balanced_v2,3.173455178328063,154.9101004202547,-0.6782869520608461,-0.8339900882218972,0.5135004230566846,4.678632205272595,46,0.9837327356843423
astro_bullish_score,30,2.0,-2.5,long_short_balanced_v2,3.173455178328063,154.9101004202547,-0.6782869520608461,-0.8339900882218972,0.5135004230566846,4.678632205272595,46,0.9837327356843423
astro_bullish_score,30,2.0,-3.0,long_short_balanced_v2,3.173455178328063,154.9101004202547,-0.6782869520608461,-0.8339900882218972,0.5135004230566846,4.678632205272595,46,0.9837327356843423
astro_momentum_v2_smooth,10,2.5,-2.5,long_short_balanced_v2,1.1696472675919338,154.9101004202547,-0.264684407946677,-0.8339900882218972,0.5217219078846196,4.4190259511907835,32,0.9823615217495694
astro_momentum_v2_smooth,10,2.5,-3.0,long_short_balanced_v2,1.1696472675919338,154.9101004202547,-0.264684407946677,-0.8339900882218972,0.5217219078846196,4.4190259511907835,32,0.9823615217495694
astro_momentum_v2_smooth,8,2.5,-2.0,long_short_balanced_v2,1.1837234359411979,154.9101004202547,-0.26468440794667725,-0.8339900882218972,0.5197276430215504,4.472206901509923,40,0.9804228563729483
astro_trend_start_score,21,3.0,-2.0,long_short_balanced_v2,1.2819575478671763,154.9101004202547,-0.30968318594359345,-0.8339900882218972,0.632956479486756,4.1395774974385455,12,0.9771605767271743
astro_trend_start_score,21,3.0,-2.5,long_short_balanced_v2,1.2819575478671763,154.9101004202547,-0.30968318594359345,-0.8339900882218972,0.632956479486756,4.1395774974385455,12,0.9771605767271743
astro_trend_start_score,21,3.0,-3.0,long_short_balanced_v2,1.2819575478671763,154.9101004202547,-0.30968318594359345,-0.8339900882218972,0.632956479486756,4.1395774974385455,12,0.9771605767271743
astro_momentum_v2_smooth,8,2.0,-2.0,long_short_balanced_v2,2.553065225114927,154.9101004202547,-0.5537730599566235,-0.8339900882218972,0.5348745925732585,4.610309546865472,52,0.9672717240019405
astro_volatility_score,21,1.5,-0.5,long_short_balanced_v2,3.446328456556797,154.9101004202547,-0.7297329794449312,-0.8339900882218972,0.5101524898423323,4.722725371653389,70,0.9479051380672531
astro_volatility_score,21,1.5,-1.0,long_short_balanced_v2,3.446328456556797,154.9101004202547,-0.7297329794449312,-0.8339900882218972,0.5101524898423323,4.722725371653389,70,0.9479051380672531
astro_volatility_score,21,1.5,-1.5,long_short_balanced_v2,3.446328456556797,154.9101004202547,-0.7297329794449312,-0.8339900882218972,0.5101524898423323,4.722725371653389,70,0.9479051380672531
astro_volatility_score,21,1.5,-2.0,long_short_balanced_v2,3.446328456556797,154.9101004202547,-0.7297329794449312,-0.8339900882218972,0.5101524898423323,4.722725371653389,70,0.9479051380672531
astro_volatility_score,21,1.5,-2.5,long_short_balanced_v2,3.446328456556797,154.9101004202547,-0.7297329794449312,-0.8339900882218972,0.5101524898423323,4.722725371653389,70,0.9479051380672531
astro_volatility_score,21,2.0,-1.0,long_short_balanced_v2,2.4067376701772334,154.9101004202547,-0.5285217932536435,-0.8339900882218972,0.4884314405254813,4.553715099165672,44,0.9473542072160318
astro_volatility_score,21,2.0,-1.5,long_short_balanced_v2,2.4067376701772334,154.9101004202547,-0.5285217932536435,-0.8339900882218972,0.4884314405254813,4.553715099165672,44,0.9473542072160318
astro_volatility_score,21,2.0,-2.0,long_short_balanced_v2,2.4067376701772334,154.9101004202547,-0.5285217932536435,-0.8339900882218972,0.4884314405254813,4.553715099165672,44,0.9473542072160318
astro_volatility_score,21,2.0,-2.5,long_short_balanced_v2,2.4067376701772334,154.9101004202547,-0.5285217932536435,-0.8339900882218972,0.4884314405254813,4.553715099165672,44,0.9473542072160318
astro_volatility_score,21,2.0,-3.0,long_short_balanced_v2,2.4067376701772334,154.9101004202547,-0.5285217932536435,-0.8339900882218972,0.4884314405254813,4.553715099165672,44,0.9473542072160318
astro_momentum_v2,14,1.0,-1.0,long_short_balanced_v2,3.702336065748253,154.9101004202547,-0.7653951640550447,-0.8339900882218972,0.5191161290557297,4.837156333903872,100,0.9376857920449753
astro_reversal_score,21,2.5,-1.5,long_short_balanced_v2,2.618908467567547,154.9101004202547,-0.5986215904424703,-0.8339900882218972,0.5358632558225689,4.374898114903916,32,0.9130650799163693
astro_reversal_score,21,2.5,-2.0,long_short_balanced_v2,2.618908467567547,154.9101004202547,-0.5986215904424703,-0.8339900882218972,0.5358632558225689,4.374898114903916,32,0.9130650799163693
astro_reversal_score,21,2.5,-2.5,long_short_balanced_v2,2.618908467567547,154.9101004202547,-0.5986215904424703,-0.8339900882218972,0.5358632558225689,4.374898114903916,32,0.9130650799163693
astro_reversal_score,21,2.5,-3.0,long_short_balanced_v2,2.618908467567547,154.9101004202547,-0.5986215904424703,-0.8339900882218972,0.5358632558225689,4.374898114903916,32,0.9130650799163693
astro_momentum_v2_smooth,5,2.5,-2.0,long_short_balanced_v2,1.2035789083889834,154.9101004202547,-0.280529794025678,-0.8339900882218972,0.5000526634614296,4.290378184496207,44,0.9103756837619915
astro_momentum_v2,21,2.0,-2.0,long_short_balanced_v2,2.476816809276656,154.9101004202547,-0.5705970606069704,-0.8339900882218972,0.530426544938112,4.340745826208694,42,0.8834692350895251
astro_momentum_v2,21,2.0,-2.5,long_short_balanced_v2,2.476816809276656,154.9101004202547,-0.5705970606069704,-0.8339900882218972,0.530426544938112,4.340745826208694,42,0.8834692350895251
astro_momentum_v2,21,2.0,-3.0,long_short_balanced_v2,2.476816809276656,154.9101004202547,-0.5705970606069704,-0.8339900882218972,0.530426544938112,4.340745826208694,42,0.8834692350895251
astro_volatility_score,30,3.0,-2.0,long_short_balanced_v2,1.0302239928518468,154.9101004202547,-0.26015296404828203,-0.8339900882218972,0.5015666739537628,3.9600701711038226,16,0.8794784555854006
astro_volatility_score,30,3.0,-2.5,long_short_balanced_v2,1.0302239928518468,154.9101004202547,-0.26015296404828203,-0.8339900882218972,0.5015666739537628,3.9600701711038226,16,0.8794784555854006
astro_volatility_score,30,3.0,-3.0,long_short_balanced_v2,1.0302239928518468,154.9101004202547,-0.26015296404828203,-0.8339900882218972,0.5015666739537628,3.9600701711038226,16,0.8794784555854006
astro_momentum_v2,5,2.5,-2.5,long_short_balanced_v2,1.3284217999244676,154.9101004202547,-0.3210290910175203,-0.8339900882218972,0.5463379481297724,4.138010657270834,44,0.8751202141571356
astro_momentum_v2,5,2.5,-3.0,long_short_balanced_v2,1.3284217999244676,154.9101004202547,-0.3210290910175203,-0.8339900882218972,0.5463379481297724,4.138010657270834,44,0.8751202141571356
astro_trend_start_score,10,1.5,-0.5,long_short_balanced_v2,3.089769195967463,154.9101004202547,-0.6821279593252338,-0.8339900882218972,0.4991612904432888,4.529603505805401,72,0.8653240371407841
astro_trend_start_score,10,1.5,-1.0,long_short_balanced_v2,3.089769195967463,154.9101004202547,-0.6821279593252338,-0.8339900882218972,0.4991612904432888,4.529603505805401,72,0.8653240371407841
astro_trend_start_score,10,1.5,-1.5,long_short_balanced_v2,3.089769195967463,154.9101004202547,-0.6821279593252338,-0.8339900882218972,0.4991612904432888,4.529603505805401,72,0.8653240371407841
astro_trend_start_score,10,1.5,-2.0,long_short_balanced_v2,3.089769195967463,154.9101004202547,-0.6821279593252338,-0.8339900882218972,0.4991612904432888,4.529603505805401,72,0.8653240371407841
astro_trend_start_score,10,1.5,-2.5,long_short_balanced_v2,3.089769195967463,154.9101004202547,-0.6821279593252338,-0.8339900882218972,0.4991612904432888,4.529603505805401,72,0.8653240371407841
astro_momentum_v2_smooth,8,2.0,-1.0,long_short_balanced_v2,2.4593697119656266,154.9101004202547,-0.5537730599566231,-0.8339900882218972,0.5012719969477507,4.441114763073286,67,0.8618830750485109
astro_momentum_v2,14,2.0,-2.5,long_short_balanced_v2,2.255895549545885,154.9101004202547,-0.5273570655101691,-0.8339900882218972,0.5082130784260879,4.277738361888666,42,0.8605659703466803
astro_momentum_v2,14,2.0,-3.0,long_short_balanced_v2,2.255895549545885,154.9101004202547,-0.5273570655101691,-0.8339900882218972,0.5082130784260879,4.277738361888666,42,0.8605659703466803
astro_momentum_v2,21,2.0,-1.0,long_short_balanced_v2,2.4838667387038917,154.9101004202547,-0.5705970606069704,-0.8339900882218972,0.5063194277022787,4.353101181526747,55,0.852412438086973
astro_reversal_score,30,1.5,-0.5,long_short_balanced_v2,3.2118922929602878,154.9101004202547,-0.7476087480977696,-0.8339900882218972,0.5007781627006885,4.2962208523277585,27,0.8477100012872594
astro_reversal_score,30,1.5,-1.0,long_short_balanced_v2,3.2118922929602878,154.9101004202547,-0.7476087480977696,-0.8339900882218972,0.5007781627006885,4.2962208523277585,27,0.8477100012872594
astro_reversal_score,30,1.5,-1.5,long_short_balanced_v2,3.2118922929602878,154.9101004202547,-0.7476087480977696,-0.8339900882218972,0.5007781627006885,4.2962208523277585,27,0.8477100012872594
astro_reversal_score,30,1.5,-2.0,long_short_balanced_v2,3.2118922929602878,154.9101004202547,-0.7476087480977696,-0.8339900882218972,0.5007781627006885,4.2962208523277585,27,0.8477100012872594
astro_reversal_score,30,1.5,-2.5,long_short_balanced_v2,3.2118922929602878,154.9101004202547,-0.7476087480977696,-0.8339900882218972,0.5007781627006885,4.2962208523277585,27,0.8477100012872594
astro_momentum_v2_smooth,21,0.5,-1.0,long_short_balanced_v2,3.925764323927538,154.9101004202547,-0.8816543004115596,-0.8339900882218972,0.5274329261397344,4.45272520317201,56,0.8447660576512176
astro_trend_start_score,30,1.5,-0.5,long_short_balanced_v2,2.6968444607166804,154.9101004202547,-0.6166491955320123,-0.8339900882218972,0.47850774309325417,4.373385192516121,54,0.8421596806575117
astro_trend_start_score,30,1.5,-1.0,long_short_balanced_v2,2.6968444607166804,154.9101004202547,-0.6166491955320123,-0.8339900882218972,0.47850774309325417,4.373385192516121,54,0.8421596806575117
astro_trend_start_score,30,1.5,-1.5,long_short_balanced_v2,2.6968444607166804,154.9101004202547,-0.6166491955320123,-0.8339900882218972,0.47850774309325417,4.373385192516121,54,0.8421596806575117
astro_trend_start_score,30,1.5,-2.0,long_short_balanced_v2,2.6968444607166804,154.9101004202547,-0.6166491955320123,-0.8339900882218972,0.47850774309325417,4.373385192516121,54,0.8421596806575117
astro_trend_start_score,30,1.5,-2.5,long_short_balanced_v2,2.6968444607166804,154.9101004202547,-0.6166491955320123,-0.8339900882218972,0.47850774309325417,4.373385192516121,54,0.8421596806575117
astro_bearish_score,21,2.5,-1.5,long_short_balanced_v2,0.6052071458023771,154.9101004202547,-0.16850615864057583,-0.8339900882218972,0.5152721938769409,3.591602530642728,10,0.8332322894591714
astro_bearish_score,21,2.5,-2.0,long_short_balanced_v2,0.6052071458023771,154.9101004202547,-0.16850615864057583,-0.8339900882218972,0.5152721938769409,3.591602530642728,10,0.8332322894591714
astro_bearish_score,21,2.5,-2.5,long_short_balanced_v2,0.6052071458023771,154.9101004202547,-0.16850615864057583,-0.8339900882218972,0.5152721938769409,3.591602530642728,10,0.8332322894591714
astro_bearish_score,21,2.5,-3.0,long_short_balanced_v2,0.6052071458023771,154.9101004202547,-0.16850615864057583,-0.8339900882218972,0.5152721938769409,3.591602530642728,10,0.8332322894591714
astro_momentum_v2_smooth,21,2.0,-1.0,long_short_balanced_v2,2.279657038201216,154.9101004202547,-0.5353000506318597,-0.8339900882218972,0.492001379637919,4.258652760279669,51,0.8274781394236765
astro_momentum_v2_smooth,8,0.5,-0.5,long_short_balanced_v2,4.011212394389911,154.9101004202547,-0.888162415264401,-0.8339900882218972,0.5328053194315597,4.516305042243649,82,0.8235032316417256
astro_momentum_v2_smooth,5,2.5,-1.5,long_short_balanced_v2,1.5860248206974417,154.9101004202547,-0.38986743163575943,-0.8339900882218972,0.5273386211742581,4.06811313795304,53,0.8095643748159048
astro_trend_start_score,10,3.0,-2.0,long_short_balanced_v2,1.2168026089231736,154.9101004202547,-0.3319971869969752,-0.8339900882218972,0.5915216864380335,3.665099153187282,14,0.8086735073941589
astro_trend_start_score,10,3.0,-2.5,long_short_balanced_v2,1.2168026089231736,154.9101004202547,-0.3319971869969752,-0.8339900882218972,0.5915216864380335,3.665099153187282,14,0.8086735073941589
astro_trend_start_score,10,3.0,-3.0,long_short_balanced_v2,1.2168026089231736,154.9101004202547,-0.3319971869969752,-0.8339900882218972,0.5915216864380335,3.665099153187282,14,0.8086735073941589
astro_momentum_v2_smooth,10,2.5,-2.0,long_short_balanced_v2,1.0011776458580588,154.9101004202547,-0.264684407946677,-0.8339900882218972,0.47043098106855,3.7825335221852385,34,0.7800057787018699
astro_volatility_score,14,3.0,-2.0,long_short_balanced_v2,0.9649205438435577,154.9101004202547,-0.2601529640482819,-0.8339900882218972,0.4700481463104269,3.709050740104109,26,0.7770761236256369
astro_volatility_score,14,3.0,-2.5,long_short_balanced_v2,0.9649205438435577,154.9101004202547,-0.2601529640482819,-0.8339900882218972,0.4700481463104269,3.709050740104109,26,0.7770761236256369
astro_volatility_score,14,3.0,-3.0,long_short_balanced_v2,0.9649205438435577,154.9101004202547,-0.2601529640482819,-0.8339900882218972,0.4700481463104269,3.709050740104109,26,0.7770761236256369
astro_momentum_v2,30,1.5,-2.0,long_short_balanced_v2,2.6606343354003634,154.9101004202547,-0.6385629648896802,-0.8339900882218972,0.489374059681862,4.166596689270919,47,0.7754148150125173
astro_momentum_v2,30,1.5,-2.5,long_short_balanced_v2,2.6606343354003634,154.9101004202547,-0.6385629648896802,-0.8339900882218972,0.489374059681862,4.166596689270919,47,0.7754148150125173
astro_volatility_score,10,2.0,-1.0,long_short_balanced_v2,2.616101942955381,154.9101004202547,-0.6111096887365115,-0.8339900882218972,0.4990070977214686,4.2809040523711115,76,0.7719496993446568
astro_volatility_score,10,2.0,-1.5,long_short_balanced_v2,2.616101942955381,154.9101004202547,-0.6111096887365115,-0.8339900882218972,0.4990070977214686,4.2809040523711115,76,0.7719496993446568
astro_volatility_score,10,2.0,-2.0,long_short_balanced_v2,2.616101942955381,154.9101004202547,-0.6111096887365115,-0.8339900882218972,0.4990070977214686,4.2809040523711115,76,0.7719496993446568
astro_volatility_score,10,2.0,-2.5,long_short_balanced_v2,2.616101942955381,154.9101004202547,-0.6111096887365115,-0.8339900882218972,0.4990070977214686,4.2809040523711115,76,0.7719496993446568
astro_volatility_score,10,2.0,-3.0,long_short_balanced_v2,2.616101942955381,154.9101004202547,-0.6111096887365115,-0.8339900882218972,0.4990070977214686,4.2809040523711115,76,0.7719496993446568
astro_momentum_v2_smooth,5,2.0,-2.5,long_short_balanced_v2,2.060716740923364,154.9101004202547,-0.5025947224460177,-0.8339900882218972,0.48718546296905996,4.10015594850322,54,0.7712283134962508
astro_momentum_v2_smooth,5,2.0,-3.0,long_short_balanced_v2,2.060716740923364,154.9101004202547,-0.5025947224460177,-0.8339900882218972,0.48718546296905996,4.10015594850322,54,0.7712283134962508
astro_momentum_v2_smooth,30,0.5,-0.5,long_short_balanced_v2,3.7572245281036105,154.9101004202547,-0.8738413760839736,-0.8339900882218972,0.5260131452057468,4.299664253644305,62,0.7627434031162822
astro_momentum_v2_smooth,3,2.5,-2.5,long_short_balanced_v2,1.3100070921952138,154.9101004202547,-0.347501183519776,-0.8339900882218972,0.5477724610575605,3.769791742653626,42,0.7608176853326497
astro_momentum_v2_smooth,3,2.5,-3.0,long_short_balanced_v2,1.3100070921952138,154.9101004202547,-0.347501183519776,-0.8339900882218972,0.5477724610575605,3.769791742653626,42,0.7608176853326497
astro_momentum_v2,21,1.0,-1.5,long_short_balanced_v2,3.36178028743908,154.9101004202547,-0.7843823881547043,-0.8339900882218972,0.5064262416186495,4.2858946582773525,79,0.7337099323025976
astro_volatility_score,10,1.5,-0.5,long_short_balanced_v2,3.408384971617086,154.9101004202547,-0.7871238631065105,-0.8339900882218972,0.5082499900297393,4.330176140468349,92,0.7271649209309259
astro_volatility_score,10,1.5,-1.0,long_short_balanced_v2,3.408384971617086,154.9101004202547,-0.7871238631065105,-0.8339900882218972,0.5082499900297393,4.330176140468349,92,0.7271649209309259
astro_volatility_score,10,1.5,-1.5,long_short_balanced_v2,3.408384971617086,154.9101004202547,-0.7871238631065105,-0.8339900882218972,0.5082499900297393,4.330176140468349,92,0.7271649209309259
astro_volatility_score,10,1.5,-2.0,long_short_balanced_v2,3.408384971617086,154.9101004202547,-0.7871238631065105,-0.8339900882218972,0.5082499900297393,4.330176140468349,92,0.7271649209309259
astro_volatility_score,10,1.5,-2.5,long_short_balanced_v2,3.408384971617086,154.9101004202547,-0.7871238631065105,-0.8339900882218972,0.5082499900297393,4.330176140468349,92,0.7271649209309259
astro_trend_start_score,5,3.0,-2.0,long_short_balanced_v2,1.141950835283804,154.9101004202547,-0.33288972072987577,-0.8339900882218972,0.5852966164791686,3.4304178356124218,20,0.7234528832044794
astro_trend_start_score,5,3.0,-2.5,long_short_balanced_v2,1.141950835283804,154.9101004202547,-0.33288972072987577,-0.8339900882218972,0.5852966164791686,3.4304178356124218,20,0.7234528832044794
astro_trend_start_score,5,3.0,-3.0,long_short_balanced_v2,1.141950835283804,154.9101004202547,-0.33288972072987577,-0.8339900882218972,0.5852966164791686,3.4304178356124218,20,0.7234528832044794
astro_trend_start_score,3,3.0,-2.0,long_short_balanced_v2,1.075066395229673,154.9101004202547,-0.3176423831273437,-0.8339900882218972,0.5790790429103625,3.384518100654962,22,0.7105915811730239
astro_trend_start_score,3,3.0,-2.5,long_short_balanced_v2,1.075066395229673,154.9101004202547,-0.3176423831273437,-0.8339900882218972,0.5790790429103625,3.384518100654962,22,0.7105915811730239
astro_trend_start_score,3,3.0,-3.0,long_short_balanced_v2,1.075066395229673,154.9101004202547,-0.3176423831273437,-0.8339900882218972,0.5790790429103625,3.384518100654962,22,0.7105915811730239
astro_volatility_score,14,2.5,-1.5,long_short_balanced_v2,1.5944121169338792,154.9101004202547,-0.41566834215241355,-0.8339900882218972,0.484643944914848,3.8357795272011703,56,0.7038346052577168
astro_volatility_score,14,2.5,-2.0,long_short_balanced_v2,1.5944121169338792,154.9101004202547,-0.41566834215241355,-0.8339900882218972,0.484643944914848,3.8357795272011703,56,0.7038346052577168
astro_volatility_score,14,2.5,-2.5,long_short_balanced_v2,1.5944121169338792,154.9101004202547,-0.41566834215241355,-0.8339900882218972,0.484643944914848,3.8357795272011703,56,0.7038346052577168
astro_volatility_score,14,2.5,-3.0,long_short_balanced_v2,1.5944121169338792,154.9101004202547,-0.41566834215241355,-0.8339900882218972,0.484643944914848,3.8357795272011703,56,0.7038346052577168
astro_volatility_score,3,2.5,-1.5,long_short_balanced_v2,1.840868553866129,154.9101004202547,-0.4290003486886039,-0.8339900882218972,0.489162614030592,4.291065402378845,132,0.6986381692149386
astro_volatility_score,3,2.5,-2.0,long_short_balanced_v2,1.840868553866129,154.9101004202547,-0.4290003486886039,-0.8339900882218972,0.489162614030592,4.291065402378845,132,0.6986381692149386
astro_volatility_score,3,2.5,-2.5,long_short_balanced_v2,1.840868553866129,154.9101004202547,-0.4290003486886039,-0.8339900882218972,0.489162614030592,4.291065402378845,132,0.6986381692149386
astro_volatility_score,3,2.5,-3.0,long_short_balanced_v2,1.840868553866129,154.9101004202547,-0.4290003486886039,-0.8339900882218972,0.489162614030592,4.291065402378845,132,0.6986381692149386
astro_trend_start_score,14,1.5,-0.5,long_short_balanced_v2,2.504406278637273,154.9101004202547,-0.6131453266914766,-0.8339900882218972,0.46775608457077983,4.084523145843765,70,0.695610956551032
astro_trend_start_score,14,1.5,-1.0,long_short_balanced_v2,2.504406278637273,154.9101004202547,-0.6131453266914766,-0.8339900882218972,0.46775608457077983,4.084523145843765,70,0.695610956551032
astro_trend_start_score,14,1.5,-1.5,long_short_balanced_v2,2.504406278637273,154.9101004202547,-0.6131453266914766,-0.8339900882218972,0.46775608457077983,4.084523145843765,70,0.695610956551032
astro_trend_start_score,14,1.5,-2.0,long_short_balanced_v2,2.504406278637273,154.9101004202547,-0.6131453266914766,-0.8339900882218972,0.46775608457077983,4.084523145843765,70,0.695610956551032
astro_trend_start_score,14,1.5,-2.5,long_short_balanced_v2,2.504406278637273,154.9101004202547,-0.6131453266914766,-0.8339900882218972,0.46775608457077983,4.084523145843765,70,0.695610956551032
astro_momentum_v2_smooth,8,2.5,-1.5,long_short_balanced_v2,1.3592383190435195,154.9101004202547,-0.37607227444616864,-0.8339900882218972,0.49639103977876087,3.614300791105201,43,0.6790796581763475
astro_momentum_v2,10,2.0,-2.5,long_short_balanced_v2,2.17691415299138,154.9101004202547,-0.569663240707021,-0.8339900882218972,0.4992252713471245,3.821405345181771,44,0.6745505624120867
astro_momentum_v2,10,2.0,-3.0,long_short_balanced_v2,2.17691415299138,154.9101004202547,-0.569663240707021,-0.8339900882218972,0.4992252713471245,3.821405345181771,44,0.6745505624120867
astro_bullish_score,8,2.0,-1.0,long_short_balanced_v2,2.9343238497718076,154.9101004202547,-0.7222348016799656,-0.8339900882218972,0.500330600783879,4.062839180480333,68,0.673645028821212
astro_bullish_score,8,2.0,-1.5,long_short_balanced_v2,2.9343238497718076,154.9101004202547,-0.7222348016799656,-0.8339900882218972,0.500330600783879,4.062839180480333,68,0.673645028821212
astro_bullish_score,8,2.0,-2.0,long_short_balanced_v2,2.9343238497718076,154.9101004202547,-0.7222348016799656,-0.8339900882218972,0.500330600783879,4.062839180480333,68,0.673645028821212
astro_bullish_score,8,2.0,-2.5,long_short_balanced_v2,2.9343238497718076,154.9101004202547,-0.7222348016799656,-0.8339900882218972,0.500330600783879,4.062839180480333,68,0.673645028821212
astro_bullish_score,8,2.0,-3.0,long_short_balanced_v2,2.9343238497718076,154.9101004202547,-0.7222348016799656,-0.8339900882218972,0.500330600783879,4.062839180480333,68,0.673645028821212
astro_momentum_v2,10,2.5,-2.0,long_short_balanced_v2,0.9573915523327705,154.9101004202547,-0.27626548292707354,-0.8339900882218972,0.44730888199106256,3.4654765488220454,40,0.6648381038700549
astro_bullish_score,30,2.5,-1.5,long_short_balanced_v2,1.9666043061718437,154.9101004202547,-0.5380000651335111,-0.8339900882218972,0.46729983349086496,3.6553978960649522,24,0.6529807067606229
astro_bullish_score,30,2.5,-2.0,long_short_balanced_v2,1.9666043061718437,154.9101004202547,-0.5380000651335111,-0.8339900882218972,0.46729983349086496,3.6553978960649522,24,0.6529807067606229
astro_bullish_score,30,2.5,-2.5,long_short_balanced_v2,1.9666043061718437,154.9101004202547,-0.5380000651335111,-0.8339900882218972,0.46729983349086496,3.6553978960649522,24,0.6529807067606229
astro_bullish_score,30,2.5,-3.0,long_short_balanced_v2,1.9666043061718437,154.9101004202547,-0.5380000651335111,-0.8339900882218972,0.46729983349086496,3.6553978960649522,24,0.6529807067606229
astro_momentum_v2_smooth,10,2.0,-2.5,long_short_balanced_v2,2.0956959551961685,154.9101004202547,-0.5666750148414713,-0.8339900882218972,0.4932769259064192,3.698232497126143,42,0.6316535340844399
astro_momentum_v2_smooth,10,2.0,-3.0,long_short_balanced_v2,2.0956959551961685,154.9101004202547,-0.5666750148414713,-0.8339900882218972,0.4932769259064192,3.698232497126143,42,0.6316535340844399
astro_momentum_v2,8,2.5,-2.0,long_short_balanced_v2,1.0525444211248245,154.9101004202547,-0.31391266272431984,-0.8339900882218972,0.46882959030552235,3.352984909847921,44,0.6150231503427608
astro_bullish_score,10,1.5,-0.5,long_short_balanced_v2,3.2154200747386463,154.9101004202547,-0.8112648959239815,-0.8339900882218972,0.4996576539137895,3.9634650665815854,69,0.6022847534174548
astro_bullish_score,10,1.5,-1.0,long_short_balanced_v2,3.2154200747386463,154.9101004202547,-0.8112648959239815,-0.8339900882218972,0.4996576539137895,3.9634650665815854,69,0.6022847534174548
astro_bullish_score,10,1.5,-1.5,long_short_balanced_v2,3.2154200747386463,154.9101004202547,-0.8112648959239815,-0.8339900882218972,0.4996576539137895,3.9634650665815854,69,0.6022847534174548
astro_bullish_score,10,1.5,-2.0,long_short_balanced_v2,3.2154200747386463,154.9101004202547,-0.8112648959239815,-0.8339900882218972,0.4996576539137895,3.9634650665815854,69,0.6022847534174548
astro_bullish_score,10,1.5,-2.5,long_short_balanced_v2,3.2154200747386463,154.9101004202547,-0.8112648959239815,-0.8339900882218972,0.4996576539137895,3.9634650665815854,69,0.6022847534174548
astro_bullish_score,10,2.0,-1.0,long_short_balanced_v2,2.8943016871620846,154.9101004202547,-0.7424440461745139,-0.8339900882218972,0.4976266429042074,3.898343184345194,66,0.6013437309175763
astro_bullish_score,10,2.0,-1.5,long_short_balanced_v2,2.8943016871620846,154.9101004202547,-0.7424440461745139,-0.8339900882218972,0.4976266429042074,3.898343184345194,66,0.6013437309175763
astro_bullish_score,10,2.0,-2.0,long_short_balanced_v2,2.8943016871620846,154.9101004202547,-0.7424440461745139,-0.8339900882218972,0.4976266429042074,3.898343184345194,66,0.6013437309175763
astro_bullish_score,10,2.0,-2.5,long_short_balanced_v2,2.8943016871620846,154.9101004202547,-0.7424440461745139,-0.8339900882218972,0.4976266429042074,3.898343184345194,66,0.6013437309175763
astro_bullish_score,10,2.0,-3.0,long_short_balanced_v2,2.8943016871620846,154.9101004202547,-0.7424440461745139,-0.8339900882218972,0.4976266429042074,3.898343184345194,66,0.6013437309175763
astro_momentum_v2,14,2.0,-2.0,long_short_balanced_v2,1.8973577822316732,154.9101004202547,-0.5273570655101691,-0.8339900882218972,0.4716570042513435,3.5978616886381434,44,0.5984068758324145
astro_momentum_v2,30,1.5,-1.0,long_short_balanced_v2,2.4080276431990586,154.9101004202547,-0.6385629648896802,-0.8339900882218972,0.46762547124136306,3.771010496380847,54,0.5978161333979117
astro_momentum_v2,14,2.5,-1.5,long_short_balanced_v2,1.2496199216896846,154.9101004202547,-0.3734156476216197,-0.8339900882218972,0.48040695213346907,3.346458375938007,42,0.5922169611154651
astro_bullish_score,5,1.5,-0.5,long_short_balanced_v2,3.2578197156287247,154.9101004202547,-0.8192986922366321,-0.8339900882218972,0.5017566002874672,3.9763516608760705,81,0.5823708486238705
astro_bullish_score,5,1.5,-1.0,long_short_balanced_v2,3.2578197156287247,154.9101004202547,-0.8192986922366321,-0.8339900882218972,0.5017566002874672,3.9763516608760705,81,0.5823708486238705
astro_bullish_score,5,1.5,-1.5,long_short_balanced_v2,3.2578197156287247,154.9101004202547,-0.8192986922366321,-0.8339900882218972,0.5017566002874672,3.9763516608760705,81,0.5823708486238705
astro_bullish_score,5,1.5,-2.0,long_short_balanced_v2,3.2578197156287247,154.9101004202547,-0.8192986922366321,-0.8339900882218972,0.5017566002874672,3.9763516608760705,81,0.5823708486238705
astro_bullish_score,5,1.5,-2.5,long_short_balanced_v2,3.2578197156287247,154.9101004202547,-0.8192986922366321,-0.8339900882218972,0.5017566002874672,3.9763516608760705,81,0.5823708486238705
astro_momentum_v2,30,1.0,-0.5,long_short_balanced_v2,3.1918581366718968,154.9101004202547,-0.8146296560245054,-0.8339900882218972,0.5008896278397094,3.9181708069020758,76,0.5676029694811099
astro_momentum_v2_smooth,14,1.0,-1.5,long_short_balanced_v2,3.081663123782068,154.9101004202547,-0.7916844314187479,-0.8339900882218972,0.49485109069336786,3.892539756351575,76,0.5614206775541607
astro_momentum_v2_smooth,3,1.0,-2.0,long_short_balanced_v2,2.9818202358543355,154.9101004202547,-0.7476793448119958,-0.8339900882218972,0.49061713948976465,3.9881003220760567,103,0.5608939737494241
astro_momentum_v2,5,1.0,-1.0,long_short_balanced_v2,3.071771854979933,154.9101004202547,-0.7479126146212813,-0.8339900882218972,0.49398090984610477,4.1071266815513985,132,0.5546803348107796
astro_momentum_v2,21,2.0,-1.5,long_short_balanced_v2,2.025114743845196,154.9101004202547,-0.5705970606069702,-0.8339900882218972,0.47747060371045713,3.549115275306516,50,0.5524501287885896
astro_momentum_v2,14,2.0,-1.5,long_short_balanced_v2,1.9356694174407867,154.9101004202547,-0.5518028315239333,-0.8339900882218972,0.465358834881607,3.50790047976916,52,0.5367202078528109
astro_momentum_v2,30,1.5,-1.5,long_short_balanced_v2,2.2950703294374164,154.9101004202547,-0.63856296488968,-0.8339900882218972,0.46305988706370177,3.5941175038767232,51,0.5327241070975305
astro_momentum_v2,21,2.5,-1.5,long_short_balanced_v2,0.8786917379743571,154.9101004202547,-0.28965708418305147,-0.8339900882218972,0.40882879434565905,3.033558597237897,34,0.5313651323035731
astro_bullish_score,5,2.0,-1.0,long_short_balanced_v2,2.8172793429632237,154.9101004202547,-0.7395511713233685,-0.8339900882218972,0.4945224482241338,3.809444771647004,86,0.5235549795229689
astro_bullish_score,5,2.0,-1.5,long_short_balanced_v2,2.8172793429632237,154.9101004202547,-0.7395511713233685,-0.8339900882218972,0.4945224482241338,3.809444771647004,86,0.5235549795229689
astro_bullish_score,5,2.0,-2.0,long_short_balanced_v2,2.8172793429632237,154.9101004202547,-0.7395511713233685,-0.8339900882218972,0.4945224482241338,3.809444771647004,86,0.5235549795229689
astro_bullish_score,5,2.0,-2.5,long_short_balanced_v2,2.8172793429632237,154.9101004202547,-0.7395511713233685,-0.8339900882218972,0.4945224482241338,3.809444771647004,86,0.5235549795229689
astro_bullish_score,5,2.0,-3.0,long_short_balanced_v2,2.8172793429632237,154.9101004202547,-0.7395511713233685,-0.8339900882218972,0.4945224482241338,3.809444771647004,86,0.5235549795229689
astro_bullish_score,21,2.5,-1.5,long_short_balanced_v2,1.7579352456855193,154.9101004202547,-0.5271004653855131,-0.8339900882218972,0.4473272984155279,3.3351047117740498,30,0.5226817373484072
astro_bullish_score,21,2.5,-2.0,long_short_balanced_v2,1.7579352456855193,154.9101004202547,-0.5271004653855131,-0.8339900882218972,0.4473272984155279,3.3351047117740498,30,0.5226817373484072
astro_bullish_score,21,2.5,-2.5,long_short_balanced_v2,1.7579352456855193,154.9101004202547,-0.5271004653855131,-0.8339900882218972,0.4473272984155279,3.3351047117740498,30,0.5226817373484072
astro_bullish_score,21,2.5,-3.0,long_short_balanced_v2,1.7579352456855193,154.9101004202547,-0.5271004653855131,-0.8339900882218972,0.4473272984155279,3.3351047117740498,30,0.5226817373484072
astro_momentum_v2,8,0.5,-0.5,long_short_balanced_v2,3.512610075845786,154.9101004202547,-0.8911996286561171,-0.8339900882218972,0.5174227578298835,3.941440237292985,96,0.5202407303601106
astro_momentum_v2,3,0.5,-0.5,long_short_balanced_v2,3.655437394162682,154.9101004202547,-0.8830141197939988,-0.8339900882218972,0.5212561872001632,4.13972700121202,150,0.5085579136802756
astro_trend_start_score,8,3.0,-2.0,long_short_balanced_v2,0.9094289767511778,154.9101004202547,-0.32854590975999487,-0.8339900882218972,0.506540972960305,2.768042303176205,16,0.5042346782047242
astro_trend_start_score,8,3.0,-2.5,long_short_balanced_v2,0.9094289767511778,154.9101004202547,-0.32854590975999487,-0.8339900882218972,0.506540972960305,2.768042303176205,16,0.5042346782047242
astro_trend_start_score,8,3.0,-3.0,long_short_balanced_v2,0.9094289767511778,154.9101004202547,-0.32854590975999487,-0.8339900882218972,0.506540972960305,2.768042303176205,16,0.5042346782047242
astro_volatility_score,14,2.0,-1.0,long_short_balanced_v2,2.2841785794023375,154.9101004202547,-0.6425126828843798,-0.8339900882218972,0.4745232785699986,3.555071581074728,62,0.4983081771370764
astro_volatility_score,14,2.0,-1.5,long_short_balanced_v2,2.2841785794023375,154.9101004202547,-0.6425126828843798,-0.8339900882218972,0.4745232785699986,3.555071581074728,62,0.4983081771370764
astro_volatility_score,14,2.0,-2.0,long_short_balanced_v2,2.2841785794023375,154.9101004202547,-0.6425126828843798,-0.8339900882218972,0.4745232785699986,3.555071581074728,62,0.4983081771370764
astro_volatility_score,14,2.0,-2.5,long_short_balanced_v2,2.2841785794023375,154.9101004202547,-0.6425126828843798,-0.8339900882218972,0.4745232785699986,3.555071581074728,62,0.4983081771370764
astro_volatility_score,14,2.0,-3.0,long_short_balanced_v2,2.2841785794023375,154.9101004202547,-0.6425126828843798,-0.8339900882218972,0.4745232785699986,3.555071581074728,62,0.4983081771370764
astro_compression_score,3,2.0,-1.0,long_short_balanced_v2,0.5420933125634344,154.9101004202547,-0.22794896468942638,-0.8339900882218972,0.5123423210891495,2.3781345675424332,10,0.4812683886790372
astro_compression_score,3,2.0,-1.5,long_short_balanced_v2,0.5420933125634344,154.9101004202547,-0.22794896468942638,-0.8339900882218972,0.5123423210891495,2.3781345675424332,10,0.4812683886790372
astro_compression_score,3,2.0,-2.0,long_short_balanced_v2,0.5420933125634344,154.9101004202547,-0.22794896468942638,-0.8339900882218972,0.5123423210891495,2.3781345675424332,10,0.4812683886790372
astro_compression_score,3,2.0,-2.5,long_short_balanced_v2,0.5420933125634344,154.9101004202547,-0.22794896468942638,-0.8339900882218972,0.5123423210891495,2.3781345675424332,10,0.4812683886790372
astro_compression_score,3,2.0,-3.0,long_short_balanced_v2,0.5420933125634344,154.9101004202547,-0.22794896468942638,-0.8339900882218972,0.5123423210891495,2.3781345675424332,10,0.4812683886790372
astro_momentum_v2_smooth,14,2.0,-1.5,long_short_balanced_v2,1.9492533796769083,154.9101004202547,-0.5813923689691737,-0.8339900882218972,0.46646700100131094,3.352732997051533,49,0.4718208602601429
astro_momentum_v2_smooth,10,2.0,-1.5,long_short_balanced_v2,1.8935764588916029,154.9101004202547,-0.566675014841471,-0.8339900882218972,0.46093491977366596,3.3415562876392855,51,0.46874564084259784
astro_momentum_v2_smooth,10,2.0,-2.0,long_short_balanced_v2,1.8553201418715282,154.9101004202547,-0.5666750148414713,-0.8339900882218972,0.46761466645661914,3.274046134521315,44,0.46043861378616213
astro_momentum_v2_smooth,14,2.0,-2.5,long_short_balanced_v2,1.8960189026893906,154.9101004202547,-0.5813923689691733,-0.8339900882218972,0.47221073741702085,3.261169227334529,42,0.4538352577867712
astro_momentum_v2_smooth,14,2.0,-3.0,long_short_balanced_v2,1.8960189026893906,154.9101004202547,-0.5813923689691733,-0.8339900882218972,0.47221073741702085,3.261169227334529,42,0.4538352577867712
astro_volatility_score,8,1.5,-0.5,long_short_balanced_v2,3.1338553075227598,154.9101004202547,-0.8234942765507461,-0.8339900882218972,0.4964547870426545,3.8055580916106613,106,0.4526087105699028
astro_volatility_score,8,1.5,-1.0,long_short_balanced_v2,3.1338553075227598,154.9101004202547,-0.8234942765507461,-0.8339900882218972,0.4964547870426545,3.8055580916106613,106,0.4526087105699028
astro_volatility_score,8,1.5,-1.5,long_short_balanced_v2,3.1338553075227598,154.9101004202547,-0.8234942765507461,-0.8339900882218972,0.4964547870426545,3.8055580916106613,106,0.4526087105699028
astro_volatility_score,8,1.5,-2.0,long_short_balanced_v2,3.1338553075227598,154.9101004202547,-0.8234942765507461,-0.8339900882218972,0.4964547870426545,3.8055580916106613,106,0.4526087105699028
astro_volatility_score,8,1.5,-2.5,long_short_balanced_v2,3.1338553075227598,154.9101004202547,-0.8234942765507461,-0.8339900882218972,0.4964547870426545,3.8055580916106613,106,0.4526087105699028
astro_momentum_v2_smooth,5,1.0,-1.5,long_short_balanced_v2,2.7987582096126076,154.9101004202547,-0.7532295723806691,-0.8339900882218972,0.48206905057051436,3.7156775467097085,102,0.44174623388292605
astro_momentum_v2_smooth,14,1.0,-2.0,long_short_balanced_v2,2.753362594052676,154.9101004202547,-0.772939950376104,-0.8339900882218972,0.4800921666069498,3.562194699229766,71,0.4290746591403799
astro_trend_start_score,30,3.0,-2.0,long_short_balanced_v2,0.7490865887247118,154.9101004202547,-0.3043256966671387,-0.8339900882218972,0.4608320282358529,2.4614634811599156,10,0.4248629391430297
astro_trend_start_score,30,3.0,-2.5,long_short_balanced_v2,0.7490865887247118,154.9101004202547,-0.3043256966671387,-0.8339900882218972,0.4608320282358529,2.4614634811599156,10,0.4248629391430297
astro_trend_start_score,30,3.0,-3.0,long_short_balanced_v2,0.7490865887247118,154.9101004202547,-0.3043256966671387,-0.8339900882218972,0.4608320282358529,2.4614634811599156,10,0.4248629391430297
astro_momentum_v2,8,1.0,-2.0,long_short_balanced_v2,2.6918325016980047,154.9101004202547,-0.7442666448454591,-0.8339900882218972,0.4769474209204686,3.6167582147349107,95,0.41528039455638227
astro_momentum_v2,10,2.5,-1.5,long_short_balanced_v2,1.0198573022315123,154.9101004202547,-0.36368340974329605,-0.8339900882218972,0.42775258302109803,2.8042447769376473,46,0.4003820646504782
astro_momentum_v2_smooth,3,2.5,-1.5,long_short_balanced_v2,1.2590496995078322,154.9101004202547,-0.4323403947737968,-0.8339900882218972,0.4682817610335811,2.9121722483659545,55,0.3889514717782777
astro_momentum_v2,14,0.5,-0.5,long_short_balanced_v2,3.2043019959593115,154.9101004202547,-0.8923583134316982,-0.8339900882218972,0.5074975737698095,3.590824389405513,78,0.38791703602927263
astro_trend_start_score,21,1.5,-0.5,long_short_balanced_v2,2.0200837238505107,154.9101004202547,-0.6166491955320117,-0.8339900882218972,0.4385804425368838,3.2759042555916924,62,0.38766435199022775
astro_trend_start_score,21,1.5,-1.0,long_short_balanced_v2,2.0200837238505107,154.9101004202547,-0.6166491955320117,-0.8339900882218972,0.4385804425368838,3.2759042555916924,62,0.38766435199022775
astro_trend_start_score,21,1.5,-1.5,long_short_balanced_v2,2.0200837238505107,154.9101004202547,-0.6166491955320117,-0.8339900882218972,0.4385804425368838,3.2759042555916924,62,0.38766435199022775
astro_trend_start_score,21,1.5,-2.0,long_short_balanced_v2,2.0200837238505107,154.9101004202547,-0.6166491955320117,-0.8339900882218972,0.4385804425368838,3.2759042555916924,62,0.38766435199022775
astro_trend_start_score,21,1.5,-2.5,long_short_balanced_v2,2.0200837238505107,154.9101004202547,-0.6166491955320117,-0.8339900882218972,0.4385804425368838,3.2759042555916924,62,0.38766435199022775
astro_momentum_v2_smooth,10,2.5,-1.5,long_short_balanced_v2,1.0279899410227014,154.9101004202547,-0.3732667620230794,-0.8339900882218972,0.4256825025462308,2.754035573516026,41,0.38757695499388883
astro_volatility_score,8,3.0,-2.0,long_short_balanced_v2,0.9386035201619221,154.9101004202547,-0.35355067311847044,-0.8339900882218972,0.45684189354611016,2.6547920610164066,40,0.38495021599259643
astro_volatility_score,8,3.0,-2.5,long_short_balanced_v2,0.9386035201619221,154.9101004202547,-0.35355067311847044,-0.8339900882218972,0.45684189354611016,2.6547920610164066,40,0.38495021599259643
astro_volatility_score,8,3.0,-3.0,long_short_balanced_v2,0.9386035201619221,154.9101004202547,-0.35355067311847044,-0.8339900882218972,0.45684189354611016,2.6547920610164066,40,0.38495021599259643
astro_momentum_v2_smooth,10,3.0,-2.5,long_short_balanced_v2,0.5148193468807656,154.9101004202547,-0.23621518551290743,-0.8339900882218972,0.40980068905676126,2.1794506807972955,12,0.3759334375770322
astro_momentum_v2_smooth,10,3.0,-3.0,long_short_balanced_v2,0.5148193468807656,154.9101004202547,-0.23621518551290743,-0.8339900882218972,0.40980068905676126,2.1794506807972955,12,0.3759334375770322
astro_momentum_v2,14,3.0,-2.5,long_short_balanced_v2,0.5071141893571434,154.9101004202547,-0.23621518551290743,-0.8339900882218972,0.41400687421453436,2.1468314505522477,10,0.3727805183340452
astro_momentum_v2,14,3.0,-3.0,long_short_balanced_v2,0.5071141893571434,154.9101004202547,-0.23621518551290743,-0.8339900882218972,0.41400687421453436,2.1468314505522477,10,0.3727805183340452
astro_momentum_v2_smooth,8,3.0,-2.5,long_short_balanced_v2,0.5108403960978811,154.9101004202547,-0.23621518551290754,-0.8339900882218972,0.4062757116138149,2.1626060788118435,14,0.3659608409678977
astro_momentum_v2_smooth,8,3.0,-3.0,long_short_balanced_v2,0.5108403960978811,154.9101004202547,-0.23621518551290754,-0.8339900882218972,0.4062757116138149,2.1626060788118435,14,0.3659608409678977
astro_momentum_v2_smooth,10,2.0,-1.0,long_short_balanced_v2,1.773284973650239,154.9101004202547,-0.566675014841471,-0.8339900882218972,0.441121501566851,3.1292803233019204,61,0.36227763511998967
astro_momentum_v2_smooth,5,2.0,-1.5,long_short_balanced_v2,1.8231559891924571,154.9101004202547,-0.576653405059184,-0.8339900882218972,0.45162190147375025,3.161614885470658,67,0.3609384268525928
astro_momentum_v2_smooth,10,0.5,-0.5,long_short_balanced_v2,3.1194257639383363,154.9101004202547,-0.8898460864285569,-0.8339900882218972,0.5045763215617549,3.5055790113752283,76,0.3520049304384131
astro_momentum_v2_smooth,5,3.0,-2.5,long_short_balanced_v2,0.5100595398569061,154.9101004202547,-0.23621518551290732,-0.8339900882218972,0.39341289611852764,2.1593003800724544,18,0.35192031814961267
astro_momentum_v2_smooth,5,3.0,-3.0,long_short_balanced_v2,0.5100595398569061,154.9101004202547,-0.23621518551290732,-0.8339900882218972,0.39341289611852764,2.1593003800724544,18,0.35192031814961267
astro_bearish_score,10,3.0,-2.0,long_short_balanced_v2,0.33501859901339404,154.9101004202547,-0.18331970816414955,-0.8339900882218972,0.4156302317013335,1.8275099953432672,6,0.3452801092069807
astro_bearish_score,10,3.0,-2.5,long_short_balanced_v2,0.33501859901339404,154.9101004202547,-0.18331970816414955,-0.8339900882218972,0.4156302317013335,1.8275099953432672,6,0.3452801092069807
astro_bearish_score,10,3.0,-3.0,long_short_balanced_v2,0.33501859901339404,154.9101004202547,-0.18331970816414955,-0.8339900882218972,0.4156302317013335,1.8275099953432672,6,0.3452801092069807
astro_momentum_v2,5,2.5,-1.5,long_short_balanced_v2,1.0921560468775104,154.9101004202547,-0.39825714918418864,-0.8339900882218972,0.43149212966714207,2.742338835887169,58,0.3353257093312608
astro_momentum_v2_smooth,14,3.0,-2.5,long_short_balanced_v2,0.47807618485278347,154.9101004202547,-0.23621518551290743,-0.8339900882218972,0.3864771192880756,2.023901146806923,10,0.32847115426308876
astro_momentum_v2_smooth,14,3.0,-3.0,long_short_balanced_v2,0.47807618485278347,154.9101004202547,-0.23621518551290743,-0.8339900882218972,0.3864771192880756,2.023901146806923,10,0.32847115426308876
astro_momentum_v2_smooth,30,1.5,-1.5,long_short_balanced_v2,1.9795985238968745,154.9101004202547,-0.6426119245367472,-0.8339900882218972,0.43932498098247974,3.080550559848307,48,0.325801774726595
astro_momentum_v2,5,2.5,-2.0,long_short_balanced_v2,0.8257258880402933,154.9101004202547,-0.3267151199388342,-0.8339900882218972,0.40055535355556143,2.5273574366404628,50,0.3233387152541538
astro_momentum_v2_smooth,14,2.0,-2.0,long_short_balanced_v2,1.7120359961029084,154.9101004202547,-0.5813923689691733,-0.8339900882218972,0.4515054336427948,2.9447170060701024,44,0.3230678200482511
astro_reversal_score,14,2.5,-1.5,long_short_balanced_v2,1.7277232608394653,154.9101004202547,-0.6045721213261215,-0.8339900882218972,0.45072826899661694,2.8577620434262263,32,0.2993025125465493
astro_reversal_score,14,2.5,-2.0,long_short_balanced_v2,1.7277232608394653,154.9101004202547,-0.6045721213261215,-0.8339900882218972,0.45072826899661694,2.8577620434262263,32,0.2993025125465493
astro_reversal_score,14,2.5,-2.5,long_short_balanced_v2,1.7277232608394653,154.9101004202547,-0.6045721213261215,-0.8339900882218972,0.45072826899661694,2.8577620434262263,32,0.2993025125465493
astro_reversal_score,14,2.5,-3.0,long_short_balanced_v2,1.7277232608394653,154.9101004202547,-0.6045721213261215,-0.8339900882218972,0.45072826899661694,2.8577620434262263,32,0.2993025125465493
astro_momentum_v2,8,1.0,-1.5,long_short_balanced_v2,2.6841353612183534,154.9101004202547,-0.7843980412542577,-0.8339900882218972,0.4765331931608168,3.4219047219016545,103,0.2976377681287771
astro_volatility_score,10,3.0,-2.0,long_short_balanced_v2,0.8740151051740288,154.9101004202547,-0.3671128473968617,-0.8339900882218972,0.4409106244233841,2.380780491261828,36,0.2920556084786354
astro_volatility_score,10,3.0,-2.5,long_short_balanced_v2,0.8740151051740288,154.9101004202547,-0.3671128473968617,-0.8339900882218972,0.4409106244233841,2.380780491261828,36,0.2920556084786354
astro_volatility_score,10,3.0,-3.0,long_short_balanced_v2,0.8740151051740288,154.9101004202547,-0.3671128473968617,-0.8339900882218972,0.4409106244233841,2.380780491261828,36,0.2920556084786354
astro_momentum_v2_smooth,30,1.5,-2.0,long_short_balanced_v2,1.908927103860008,154.9101004202547,-0.6426119245367476,-0.8339900882218972,0.4352748873451312,2.970575289644888,45,0.28698525721991086
astro_momentum_v2_smooth,30,1.5,-2.5,long_short_balanced_v2,1.908927103860008,154.9101004202547,-0.6426119245367476,-0.8339900882218972,0.4352748873451312,2.970575289644888,45,0.28698525721991086
astro_momentum_v2,14,2.0,-1.0,long_short_balanced_v2,1.5994124292264762,154.9101004202547,-0.5498464726305956,-0.8339900882218972,0.4230322416283556,2.908834572629899,63,0.2800338309993714
astro_momentum_v2_smooth,5,2.0,-2.0,long_short_balanced_v2,1.405640867437119,154.9101004202547,-0.5025947224460177,-0.8339900882218972,0.4123626883881698,2.796768061145121,58,0.2760988641464013
astro_momentum_v2_smooth,3,3.0,-2.5,long_short_balanced_v2,0.5819029435024041,154.9101004202547,-0.2883054987181063,-0.8339900882218972,0.42023450765000625,2.018355342127435,22,0.2698775064590514
astro_momentum_v2_smooth,3,3.0,-3.0,long_short_balanced_v2,0.5819029435024041,154.9101004202547,-0.2883054987181063,-0.8339900882218972,0.42023450765000625,2.018355342127435,22,0.2698775064590514
astro_momentum_v2,10,2.0,-1.5,long_short_balanced_v2,1.6070828591275665,154.9101004202547,-0.5696632407070218,-0.8339900882218972,0.430825732868904,2.8211103407918334,54,0.2561823579836656
astro_bearish_score,30,2.5,-1.5,long_short_balanced_v2,0.2655459734867911,154.9101004202547,-0.16850615864057594,-0.8339900882218972,0.3040766098354819,1.5758828972726233,6,0.2517117774738909
astro_bearish_score,30,2.5,-2.0,long_short_balanced_v2,0.2655459734867911,154.9101004202547,-0.16850615864057594,-0.8339900882218972,0.3040766098354819,1.5758828972726233,6,0.2517117774738909
astro_bearish_score,30,2.5,-2.5,long_short_balanced_v2,0.2655459734867911,154.9101004202547,-0.16850615864057594,-0.8339900882218972,0.3040766098354819,1.5758828972726233,6,0.2517117774738909
astro_bearish_score,30,2.5,-3.0,long_short_balanced_v2,0.2655459734867911,154.9101004202547,-0.16850615864057594,-0.8339900882218972,0.3040766098354819,1.5758828972726233,6,0.2517117774738909
astro_momentum_v2,10,3.0,-2.5,long_short_balanced_v2,0.4153184189872656,154.9101004202547,-0.23621518551290732,-0.8339900882218972,0.3460596572637628,1.7582206583605595,16,0.2283407420044358
astro_momentum_v2,10,3.0,-3.0,long_short_balanced_v2,0.4153184189872656,154.9101004202547,-0.23621518551290732,-0.8339900882218972,0.3460596572637628,1.7582206583605595,16,0.2283407420044358
astro_momentum_v2_smooth,30,1.5,-1.0,long_short_balanced_v2,1.8309712978254367,154.9101004202547,-0.6426119245367471,-0.8339900882218972,0.42651682001573954,2.8492644283645476,52,0.22183311622171584
astro_momentum_v2,8,2.5,-1.5,long_short_balanced_v2,1.0482650496357668,154.9101004202547,-0.43160581509430773,-0.8339900882218972,0.4295217335749563,2.4287556213919785,52,0.2206306099576468
astro_momentum_v2,10,2.0,-2.0,long_short_balanced_v2,1.5264566754542859,154.9101004202547,-0.569663240707021,-0.8339900882218972,0.42764132025987495,2.679577277199365,48,0.21441412511957722
astro_momentum_v2_smooth,3,2.5,-2.0,long_short_balanced_v2,0.7674669265882426,154.9101004202547,-0.3475011835197762,-0.8339900882218972,0.3868431816638646,2.2085303963995453,48,0.2094316546422633
astro_momentum_v2_smooth,10,3.0,-2.0,long_short_balanced_v2,0.3971960602866258,154.9101004202547,-0.23621518551290743,-0.8339900882218972,0.33250272025836286,1.6815009561056435,14,0.20613731914110053
astro_volatility_score,3,2.0,-1.0,long_short_balanced_v2,2.136763876666228,154.9101004202547,-0.6534425556711695,-0.8339900882218972,0.4638506775412688,3.2700102834158034,152,0.19640765719278225
astro_volatility_score,3,2.0,-1.5,long_short_balanced_v2,2.136763876666228,154.9101004202547,-0.6534425556711695,-0.8339900882218972,0.4638506775412688,3.2700102834158034,152,0.19640765719278225
astro_volatility_score,3,2.0,-2.0,long_short_balanced_v2,2.136763876666228,154.9101004202547,-0.6534425556711695,-0.8339900882218972,0.4638506775412688,3.2700102834158034,152,0.19640765719278225
astro_volatility_score,3,2.0,-2.5,long_short_balanced_v2,2.136763876666228,154.9101004202547,-0.6534425556711695,-0.8339900882218972,0.4638506775412688,3.2700102834158034,152,0.19640765719278225
astro_volatility_score,3,2.0,-3.0,long_short_balanced_v2,2.136763876666228,154.9101004202547,-0.6534425556711695,-0.8339900882218972,0.4638506775412688,3.2700102834158034,152,0.19640765719278225
astro_momentum_v2_smooth,10,1.0,-2.0,long_short_balanced_v2,2.4121718127246865,154.9101004202547,-0.777610306307511,-0.8339900882218972,0.46293228316227897,3.102031690113399,85,0.1928153356437309
astro_momentum_v2_smooth,14,3.0,-2.0,long_short_balanced_v2,0.38417460417147953,154.9101004202547,-0.23621518551290743,-0.8339900882218972,0.3246511663586037,1.6263755581052057,12,0.19206518114656532
astro_momentum_v2,3,2.5,-2.5,long_short_balanced_v2,0.8760439985410124,154.9101004202547,-0.3921727193240685,-0.8339900882218972,0.4267476711139034,2.2338218733085844,52,0.1880175636834793
astro_momentum_v2,3,2.5,-3.0,long_short_balanced_v2,0.8760439985410124,154.9101004202547,-0.3921727193240685,-0.8339900882218972,0.4267476711139034,2.2338218733085844,52,0.1880175636834793
astro_bearish_score,14,3.0,-2.0,long_short_balanced_v2,0.20537525328577488,154.9101004202547,-0.16771082507834234,-0.8339900882218972,0.3042301668272888,1.2245795892414126,6,0.164654322947417
astro_bearish_score,14,3.0,-2.5,long_short_balanced_v2,0.20537525328577488,154.9101004202547,-0.16771082507834234,-0.8339900882218972,0.3042301668272888,1.2245795892414126,6,0.164654322947417
astro_bearish_score,14,3.0,-3.0,long_short_balanced_v2,0.20537525328577488,154.9101004202547,-0.16771082507834234,-0.8339900882218972,0.3042301668272888,1.2245795892414126,6,0.164654322947417
astro_momentum_v2_smooth,5,1.0,-2.0,long_short_balanced_v2,2.2369617653222322,154.9101004202547,-0.7404585107296822,-0.8339900882218972,0.4532316452999105,3.0210494347857875,93,0.159903308579268
astro_momentum_v2_smooth,8,3.0,-2.0,long_short_balanced_v2,0.3800015976268931,154.9101004202547,-0.244022575831343,-0.8339900882218972,0.3205252576781996,1.5572395149600111,18,0.15162462160433546
astro_momentum_v2,10,1.0,-2.0,long_short_balanced_v2,2.2039768421467385,154.9101004202547,-0.7404919622482731,-0.8339900882218972,0.4513753757778785,2.9763683530811726,95,0.1362789301989979
astro_momentum_v2,10,1.0,-1.5,long_short_balanced_v2,2.3062245584324326,154.9101004202547,-0.7641169122686907,-0.8339900882218972,0.457321251654579,3.0181566739377206,101,0.13025183457606943
astro_compression_score,5,2.0,-1.0,long_short_balanced_v2,0.28894162034851356,154.9101004202547,-0.22050435898988396,-0.8339900882218972,0.3161198457422306,1.3103669318472262,10,0.12444727228606563
astro_compression_score,5,2.0,-1.5,long_short_balanced_v2,0.28894162034851356,154.9101004202547,-0.22050435898988396,-0.8339900882218972,0.3161198457422306,1.3103669318472262,10,0.12444727228606563
astro_compression_score,5,2.0,-2.0,long_short_balanced_v2,0.28894162034851356,154.9101004202547,-0.22050435898988396,-0.8339900882218972,0.3161198457422306,1.3103669318472262,10,0.12444727228606563
astro_compression_score,5,2.0,-2.5,long_short_balanced_v2,0.28894162034851356,154.9101004202547,-0.22050435898988396,-0.8339900882218972,0.3161198457422306,1.3103669318472262,10,0.12444727228606563
astro_compression_score,5,2.0,-3.0,long_short_balanced_v2,0.28894162034851356,154.9101004202547,-0.22050435898988396,-0.8339900882218972,0.3161198457422306,1.3103669318472262,10,0.12444727228606563
astro_compression_score,3,2.5,-1.5,long_short_balanced_v2,0.02894591678226255,154.9101004202547,0.0,-0.8339900882218972,0.29216459346161583,,2,0.1215496124193251
astro_compression_score,3,2.5,-2.0,long_short_balanced_v2,0.02894591678226255,154.9101004202547,0.0,-0.8339900882218972,0.29216459346161583,,2,0.1215496124193251
astro_compression_score,3,2.5,-2.5,long_short_balanced_v2,0.02894591678226255,154.9101004202547,0.0,-0.8339900882218972,0.29216459346161583,,2,0.1215496124193251
astro_compression_score,3,2.5,-3.0,long_short_balanced_v2,0.02894591678226255,154.9101004202547,0.0,-0.8339900882218972,0.29216459346161583,,2,0.1215496124193251
astro_volatility_score,30,1.5,-0.5,long_short_balanced_v2,2.2020184735413966,154.9101004202547,-0.7865849327091741,-0.8339900882218972,0.4505822582666262,2.7994668877741575,50,0.12085442386013998
astro_volatility_score,30,1.5,-1.0,long_short_balanced_v2,2.2020184735413966,154.9101004202547,-0.7865849327091741,-0.8339900882218972,0.4505822582666262,2.7994668877741575,50,0.12085442386013998
astro_volatility_score,30,1.5,-1.5,long_short_balanced_v2,2.2020184735413966,154.9101004202547,-0.7865849327091741,-0.8339900882218972,0.4505822582666262,2.7994668877741575,50,0.12085442386013998
astro_volatility_score,30,1.5,-2.0,long_short_balanced_v2,2.2020184735413966,154.9101004202547,-0.7865849327091741,-0.8339900882218972,0.4505822582666262,2.7994668877741575,50,0.12085442386013998
astro_volatility_score,30,1.5,-2.5,long_short_balanced_v2,2.2020184735413966,154.9101004202547,-0.7865849327091741,-0.8339900882218972,0.4505822582666262,2.7994668877741575,50,0.12085442386013998
astro_momentum_v2_smooth,10,1.0,-1.5,long_short_balanced_v2,2.4578889723105077,154.9101004202547,-0.8166451633453757,-0.8339900882218972,0.46564476689794965,3.009739214326329,92,0.11660469629953435
astro_momentum_v2,14,3.0,-2.0,long_short_balanced_v2,0.34115144629094285,154.9101004202547,-0.24534441408292518,-0.8339900882218972,0.30393867582943845,1.3905001569574573,12,0.11000431448616196
astro_momentum_v2_smooth,30,1.0,-0.5,long_short_balanced_v2,2.390839273714697,154.9101004202547,-0.8297792526839078,-0.8339900882218972,0.46720794346397,2.8812955565972094,64,0.10772519179357698
astro_momentum_v2_smooth,21,1.0,-0.5,long_short_balanced_v2,2.568211928915119,154.9101004202547,-0.8568721070674078,-0.8339900882218972,0.4749703280994687,2.9971939893161728,86,0.10258234717644613
astro_momentum_v2_smooth,14,2.0,-1.0,long_short_balanced_v2,1.4465932444898888,154.9101004202547,-0.5869378265628258,-0.8339900882218972,0.4059786237310581,2.464644769892072,61,0.08689163697356572
astro_momentum_v2_smooth,14,1.0,-1.0,long_short_balanced_v2,2.3859991460017076,154.9101004202547,-0.8157464546658323,-0.8339900882218972,0.4631148915022963,2.9249273868792036,88,0.08641149577852308
astro_momentum_v2_smooth,8,1.0,-1.5,long_short_balanced_v2,2.3169261169207407,154.9101004202547,-0.7977616023098609,-0.8339900882218972,0.4579248592711393,2.904283823904596,94,0.07446214010080582
astro_volatility_score,5,2.5,-1.5,long_short_balanced_v2,1.165725838528079,154.9101004202547,-0.48332725727289216,-0.8339900882218972,0.3975995465013951,2.4118768825609536,96,0.07414206076183422
astro_volatility_score,5,2.5,-2.0,long_short_balanced_v2,1.165725838528079,154.9101004202547,-0.48332725727289216,-0.8339900882218972,0.3975995465013951,2.4118768825609536,96,0.07414206076183422
astro_volatility_score,5,2.5,-2.5,long_short_balanced_v2,1.165725838528079,154.9101004202547,-0.48332725727289216,-0.8339900882218972,0.3975995465013951,2.4118768825609536,96,0.07414206076183422
astro_volatility_score,5,2.5,-3.0,long_short_balanced_v2,1.165725838528079,154.9101004202547,-0.48332725727289216,-0.8339900882218972,0.3975995465013951,2.4118768825609536,96,0.07414206076183422
astro_reversal_score,21,3.0,-2.0,long_short_balanced_v2,0.860290245827581,154.9101004202547,-0.45197570291568756,-0.8339900882218972,0.3913514956975879,1.903399320533965,22,0.07334398176057104
astro_reversal_score,21,3.0,-2.5,long_short_balanced_v2,0.860290245827581,154.9101004202547,-0.45197570291568756,-0.8339900882218972,0.3913514956975879,1.903399320533965,22,0.07334398176057104
astro_reversal_score,21,3.0,-3.0,long_short_balanced_v2,0.860290245827581,154.9101004202547,-0.45197570291568756,-0.8339900882218972,0.3913514956975879,1.903399320533965,22,0.07334398176057104
astro_momentum_v2,8,3.0,-2.5,long_short_balanced_v2,0.4058522082580449,154.9101004202547,-0.2883953556420882,-0.8339900882218972,0.3297451748687193,1.4072771988801582,18,0.06651613873780063
astro_momentum_v2,8,3.0,-3.0,long_short_balanced_v2,0.4058522082580449,154.9101004202547,-0.2883953556420882,-0.8339900882218972,0.3297451748687193,1.4072771988801582,18,0.06651613873780063
astro_momentum_v2_smooth,8,1.0,-2.0,long_short_balanced_v2,2.0701643146173554,154.9101004202547,-0.7572783302292869,-0.8339900882218972,0.4434709603747428,2.7336901532499365,91,0.027258213841160506
astro_momentum_v2_smooth,10,1.0,-1.0,long_short_balanced_v2,2.314137940952484,154.9101004202547,-0.8158885759447899,-0.8339900882218972,0.45895604556501157,2.8363406587385267,102,0.017259068342270145
astro_compression_score,8,2.0,-1.0,long_short_balanced_v2,0.20296468074194074,154.9101004202547,-0.21150599085139976,-0.8339900882218972,0.23782991726861225,0.9596166989167697,8,0.014685724636281441
astro_compression_score,8,2.0,-1.5,long_short_balanced_v2,0.20296468074194074,154.9101004202547,-0.21150599085139976,-0.8339900882218972,0.23782991726861225,0.9596166989167697,8,0.014685724636281441
astro_compression_score,8,2.0,-2.0,long_short_balanced_v2,0.20296468074194074,154.9101004202547,-0.21150599085139976,-0.8339900882218972,0.23782991726861225,0.9596166989167697,8,0.014685724636281441
astro_compression_score,8,2.0,-2.5,long_short_balanced_v2,0.20296468074194074,154.9101004202547,-0.21150599085139976,-0.8339900882218972,0.23782991726861225,0.9596166989167697,8,0.014685724636281441
astro_compression_score,8,2.0,-3.0,long_short_balanced_v2,0.20296468074194074,154.9101004202547,-0.21150599085139976,-0.8339900882218972,0.23782991726861225,0.9596166989167697,8,0.014685724636281441
astro_bullish_score,14,1.5,-0.5,long_short_balanced_v2,2.2303337492525532,154.9101004202547,-0.8391201273675367,-0.8339900882218972,0.4528334640158729,2.6579433343465273,61,0.001141986200115741
astro_bullish_score,14,1.5,-1.0,long_short_balanced_v2,2.2303337492525532,154.9101004202547,-0.8391201273675367,-0.8339900882218972,0.4528334640158729,2.6579433343465273,61,0.001141986200115741
astro_bullish_score,14,1.5,-1.5,long_short_balanced_v2,2.2303337492525532,154.9101004202547,-0.8391201273675367,-0.8339900882218972,0.4528334640158729,2.6579433343465273,61,0.001141986200115741
astro_bullish_score,14,1.5,-2.0,long_short_balanced_v2,2.2303337492525532,154.9101004202547,-0.8391201273675367,-0.8339900882218972,0.4528334640158729,2.6579433343465273,61,0.001141986200115741
astro_bullish_score,14,1.5,-2.5,long_short_balanced_v2,2.2303337492525532,154.9101004202547,-0.8391201273675367,-0.8339900882218972,0.4528334640158729,2.6579433343465273,61,0.001141986200115741
astro_bearish_score,30,3.0,-2.0,long_short_balanced_v2,0.0,154.9101004202547,0.0,-0.8339900882218972,,,0,0.0
astro_bearish_score,30,3.0,-2.5,long_short_balanced_v2,0.0,154.9101004202547,0.0,-0.8339900882218972,,,0,0.0
astro_bearish_score,30,3.0,-3.0,long_short_balanced_v2,0.0,154.9101004202547,0.0,-0.8339900882218972,,,0,0.0
astro_compression_score,3,3.0,-2.0,long_short_balanced_v2,0.0,154.9101004202547,0.0,-0.8339900882218972,,,0,0.0
astro_compression_score,3,3.0,-2.5,long_short_balanced_v2,0.0,154.9101004202547,0.0,-0.8339900882218972,,,0,0.0
astro_compression_score,3,3.0,-3.0,long_short_balanced_v2,0.0,154.9101004202547,0.0,-0.8339900882218972,,,0,0.0
astro_compression_score,5,2.5,-1.5,long_short_balanced_v2,0.0,154.9101004202547,0.0,-0.8339900882218972,,,0,0.0
astro_compression_score,5,2.5,-2.0,long_short_balanced_v2,0.0,154.9101004202547,0.0,-0.8339900882218972,,,0,0.0
astro_compression_score,5,2.5,-2.5,long_short_balanced_v2,0.0,154.9101004202547,0.0,-0.8339900882218972,,,0,0.0
astro_compression_score,5,2.5,-3.0,long_short_balanced_v2,0.0,154.9101004202547,0.0,-0.8339900882218972,,,0,0.0
astro_compression_score,5,3.0,-2.0,long_short_balanced_v2,0.0,154.9101004202547,0.0,-0.8339900882218972,,,0,0.0
astro_compression_score,5,3.0,-2.5,long_short_balanced_v2,0.0,154.9101004202547,0.0,-0.8339900882218972,,,0,0.0
astro_compression_score,5,3.0,-3.0,long_short_balanced_v2,0.0,154.9101004202547,0.0,-0.8339900882218972,,,0,0.0
astro_compression_score,8,2.5,-1.5,long_short_balanced_v2,0.0,154.9101004202547,0.0,-0.8339900882218972,,,0,0.0
astro_compression_score,8,2.5,-2.0,long_short_balanced_v2,0.0,154.9101004202547,0.0,-0.8339900882218972,,,0,0.0
astro_compression_score,8,2.5,-2.5,long_short_balanced_v2,0.0,154.9101004202547,0.0,-0.8339900882218972,,,0,0.0
astro_compression_score,8,2.5,-3.0,long_short_balanced_v2,0.0,154.9101004202547,0.0,-0.8339900882218972,,,0,0.0
astro_compression_score,8,3.0,-2.0,long_short_balanced_v2,0.0,154.9101004202547,0.0,-0.8339900882218972,,,0,0.0
astro_compression_score,8,3.0,-2.5,long_short_balanced_v2,0.0,154.9101004202547,0.0,-0.8339900882218972,,,0,0.0
astro_compression_score,8,3.0,-3.0,long_short_balanced_v2,0.0,154.9101004202547,0.0,-0.8339900882218972,,,0,0.0
astro_compression_score,10,2.5,-1.5,long_short_balanced_v2,0.0,154.9101004202547,0.0,-0.8339900882218972,,,0,0.0
astro_compression_score,10,2.5,-2.0,long_short_balanced_v2,0.0,154.9101004202547,0.0,-0.8339900882218972,,,0,0.0
astro_compression_score,10,2.5,-2.5,long_short_balanced_v2,0.0,154.9101004202547,0.0,-0.8339900882218972,,,0,0.0
astro_compression_score,10,2.5,-3.0,long_short_balanced_v2,0.0,154.9101004202547,0.0,-0.8339900882218972,,,0,0.0
astro_compression_score,10,3.0,-2.0,long_short_balanced_v2,0.0,154.9101004202547,0.0,-0.8339900882218972,,,0,0.0
astro_compression_score,10,3.0,-2.5,long_short_balanced_v2,0.0,154.9101004202547,0.0,-0.8339900882218972,,,0,0.0
astro_compression_score,10,3.0,-3.0,long_short_balanced_v2,0.0,154.9101004202547,0.0,-0.8339900882218972,,,0,0.0
astro_compression_score,14,2.5,-1.5,long_short_balanced_v2,0.0,154.9101004202547,0.0,-0.8339900882218972,,,0,0.0
astro_compression_score,14,2.5,-2.0,long_short_balanced_v2,0.0,154.9101004202547,0.0,-0.8339900882218972,,,0,0.0
astro_compression_score,14,2.5,-2.5,long_short_balanced_v2,0.0,154.9101004202547,0.0,-0.8339900882218972,,,0,0.0
astro_compression_score,14,2.5,-3.0,long_short_balanced_v2,0.0,154.9101004202547,0.0,-0.8339900882218972,,,0,0.0
astro_compression_score,14,3.0,-2.0,long_short_balanced_v2,0.0,154.9101004202547,0.0,-0.8339900882218972,,,0,0.0
astro_compression_score,14,3.0,-2.5,long_short_balanced_v2,0.0,154.9101004202547,0.0,-0.8339900882218972,,,0,0.0
astro_compression_score,14,3.0,-3.0,long_short_balanced_v2,0.0,154.9101004202547,0.0,-0.8339900882218972,,,0,0.0
astro_compression_score,21,2.5,-1.5,long_short_balanced_v2,0.0,154.9101004202547,0.0,-0.8339900882218972,,,0,0.0
astro_compression_score,21,2.5,-2.0,long_short_balanced_v2,0.0,154.9101004202547,0.0,-0.8339900882218972,,,0,0.0
astro_compression_score,21,2.5,-2.5,long_short_balanced_v2,0.0,154.9101004202547,0.0,-0.8339900882218972,,,0,0.0
astro_compression_score,21,2.5,-3.0,long_short_balanced_v2,0.0,154.9101004202547,0.0,-0.8339900882218972,,,0,0.0
astro_compression_score,21,3.0,-2.0,long_short_balanced_v2,0.0,154.9101004202547,0.0,-0.8339900882218972,,,0,0.0
astro_compression_score,21,3.0,-2.5,long_short_balanced_v2,0.0,154.9101004202547,0.0,-0.8339900882218972,,,0,0.0
astro_compression_score,21,3.0,-3.0,long_short_balanced_v2,0.0,154.9101004202547,0.0,-0.8339900882218972,,,0,0.0
astro_compression_score,30,2.5,-1.5,long_short_balanced_v2,0.0,154.9101004202547,0.0,-0.8339900882218972,,,0,0.0
astro_compression_score,30,2.5,-2.0,long_short_balanced_v2,0.0,154.9101004202547,0.0,-0.8339900882218972,,,0,0.0
astro_compression_score,30,2.5,-2.5,long_short_balanced_v2,0.0,154.9101004202547,0.0,-0.8339900882218972,,,0,0.0
astro_compression_score,30,2.5,-3.0,long_short_balanced_v2,0.0,154.9101004202547,0.0,-0.8339900882218972,,,0,0.0
astro_compression_score,30,3.0,-2.0,long_short_balanced_v2,0.0,154.9101004202547,0.0,-0.8339900882218972,,,0,0.0
astro_compression_score,30,3.0,-2.5,long_short_balanced_v2,0.0,154.9101004202547,0.0,-0.8339900882218972,,,0,0.0
astro_compression_score,30,3.0,-3.0,long_short_balanced_v2,0.0,154.9101004202547,0.0,-0.8339900882218972,,,0,0.0
astro_trend_end_score,3,3.0,-2.0,long_short_balanced_v2,0.0,154.9101004202547,0.0,-0.8339900882218972,,,0,0.0
astro_trend_end_score,3,3.0,-2.5,long_short_balanced_v2,0.0,154.9101004202547,0.0,-0.8339900882218972,,,0,0.0
astro_trend_end_score,3,3.0,-3.0,long_short_balanced_v2,0.0,154.9101004202547,0.0,-0.8339900882218972,,,0,0.0
astro_trend_end_score,5,3.0,-2.0,long_short_balanced_v2,0.0,154.9101004202547,0.0,-0.8339900882218972,,,0,0.0
astro_trend_end_score,5,3.0,-2.5,long_short_balanced_v2,0.0,154.9101004202547,0.0,-0.8339900882218972,,,0,0.0
astro_trend_end_score,5,3.0,-3.0,long_short_balanced_v2,0.0,154.9101004202547,0.0,-0.8339900882218972,,,0,0.0
astro_trend_end_score,8,3.0,-2.0,long_short_balanced_v2,0.0,154.9101004202547,0.0,-0.8339900882218972,,,0,0.0
astro_trend_end_score,8,3.0,-2.5,long_short_balanced_v2,0.0,154.9101004202547,0.0,-0.8339900882218972,,,0,0.0
astro_trend_end_score,8,3.0,-3.0,long_short_balanced_v2,0.0,154.9101004202547,0.0,-0.8339900882218972,,,0,0.0
astro_trend_end_score,10,3.0,-2.0,long_short_balanced_v2,0.0,154.9101004202547,0.0,-0.8339900882218972,,,0,0.0
astro_trend_end_score,10,3.0,-2.5,long_short_balanced_v2,0.0,154.9101004202547,0.0,-0.8339900882218972,,,0,0.0
astro_trend_end_score,10,3.0,-3.0,long_short_balanced_v2,0.0,154.9101004202547,0.0,-0.8339900882218972,,,0,0.0
astro_trend_end_score,14,3.0,-2.0,long_short_balanced_v2,0.0,154.9101004202547,0.0,-0.8339900882218972,,,0,0.0
astro_trend_end_score,14,3.0,-2.5,long_short_balanced_v2,0.0,154.9101004202547,0.0,-0.8339900882218972,,,0,0.0
astro_trend_end_score,14,3.0,-3.0,long_short_balanced_v2,0.0,154.9101004202547,0.0,-0.8339900882218972,,,0,0.0
astro_trend_end_score,21,3.0,-2.0,long_short_balanced_v2,0.0,154.9101004202547,0.0,-0.8339900882218972,,,0,0.0
astro_trend_end_score,21,3.0,-2.5,long_short_balanced_v2,0.0,154.9101004202547,0.0,-0.8339900882218972,,,0,0.0
astro_trend_end_score,21,3.0,-3.0,long_short_balanced_v2,0.0,154.9101004202547,0.0,-0.8339900882218972,,,0,0.0
astro_trend_end_score,30,3.0,-2.0,long_short_balanced_v2,0.0,154.9101004202547,0.0,-0.8339900882218972,,,0,0.0
astro_trend_end_score,30,3.0,-2.5,long_short_balanced_v2,0.0,154.9101004202547,0.0,-0.8339900882218972,,,0,0.0
astro_trend_end_score,30,3.0,-3.0,long_short_balanced_v2,0.0,154.9101004202547,0.0,-0.8339900882218972,,,0,0.0
astro_momentum_v2,21,3.0,-2.0,long_short_balanced_v2,0.2300956330520576,154.9101004202547,-0.23621518551290732,-0.8339900882218972,0.2432784310049793,0.9740933147563651,8,-0.009164053000478942
astro_momentum_v2,21,3.0,-2.5,long_short_balanced_v2,0.2300956330520576,154.9101004202547,-0.23621518551290732,-0.8339900882218972,0.2432784310049793,0.9740933147563651,8,-0.009164053000478942
astro_momentum_v2,21,3.0,-3.0,long_short_balanced_v2,0.2300956330520576,154.9101004202547,-0.23621518551290732,-0.8339900882218972,0.2432784310049793,0.9740933147563651,8,-0.009164053000478942
astro_momentum_v2,5,0.5,-0.5,long_short_balanced_v2,2.6084776125176186,154.9101004202547,-0.9004746971628824,-0.8339900882218972,0.48395607406761737,2.896780576662649,122,-0.03923021702946117
astro_volatility_score,5,2.0,-1.0,long_short_balanced_v2,1.6289798312800494,154.9101004202547,-0.652805780087131,-0.8339900882218972,0.4174643975797584,2.4953514214635586,110,-0.04445867742206669
astro_volatility_score,5,2.0,-1.5,long_short_balanced_v2,1.6289798312800494,154.9101004202547,-0.652805780087131,-0.8339900882218972,0.4174643975797584,2.4953514214635586,110,-0.04445867742206669
astro_volatility_score,5,2.0,-2.0,long_short_balanced_v2,1.6289798312800494,154.9101004202547,-0.652805780087131,-0.8339900882218972,0.4174643975797584,2.4953514214635586,110,-0.04445867742206669
astro_volatility_score,5,2.0,-2.5,long_short_balanced_v2,1.6289798312800494,154.9101004202547,-0.652805780087131,-0.8339900882218972,0.4174643975797584,2.4953514214635586,110,-0.04445867742206669
astro_volatility_score,5,2.0,-3.0,long_short_balanced_v2,1.6289798312800494,154.9101004202547,-0.652805780087131,-0.8339900882218972,0.4174643975797584,2.4953514214635586,110,-0.04445867742206669
astro_momentum_v2,8,1.0,-1.0,long_short_balanced_v2,2.0184856729179117,154.9101004202547,-0.7573548324630692,-0.8339900882218972,0.4424292116923256,2.665178310612204,114,-0.04847920001985909
astro_momentum_v2,10,2.0,-1.0,long_short_balanced_v2,1.1813392016596524,154.9101004202547,-0.5696632407070219,-0.8339900882218972,0.3748274975612908,2.073750098731078,65,-0.06541208179190516
astro_compression_score,10,2.0,-1.0,long_short_balanced_v2,0.143690396367262,154.9101004202547,-0.21001242974661793,-0.8339900882218972,0.18499201602332987,0.6841994854334378,8,-0.07707482221372879
astro_compression_score,10,2.0,-1.5,long_short_balanced_v2,0.143690396367262,154.9101004202547,-0.21001242974661793,-0.8339900882218972,0.18499201602332987,0.6841994854334378,8,-0.07707482221372879
astro_compression_score,10,2.0,-2.0,long_short_balanced_v2,0.143690396367262,154.9101004202547,-0.21001242974661793,-0.8339900882218972,0.18499201602332987,0.6841994854334378,8,-0.07707482221372879
astro_compression_score,10,2.0,-2.5,long_short_balanced_v2,0.143690396367262,154.9101004202547,-0.21001242974661793,-0.8339900882218972,0.18499201602332987,0.6841994854334378,8,-0.07707482221372879
astro_compression_score,10,2.0,-3.0,long_short_balanced_v2,0.143690396367262,154.9101004202547,-0.21001242974661793,-0.8339900882218972,0.18499201602332987,0.6841994854334378,8,-0.07707482221372879
astro_momentum_v2_smooth,3,1.0,-1.0,long_short_balanced_v2,1.9409552217467088,154.9101004202547,-0.7476793448119956,-0.8339900882218972,0.43790811076638736,2.595972772572396,120,-0.08487465187294663
astro_bearish_score,21,3.0,-2.0,long_short_balanced_v2,-0.0038580920856614576,154.9101004202547,-0.01626534013794989,-0.8339900882218972,-0.05921760965335621,-0.23719713531596257,2,-0.10068190875715827
astro_bearish_score,21,3.0,-2.5,long_short_balanced_v2,-0.0038580920856614576,154.9101004202547,-0.01626534013794989,-0.8339900882218972,-0.05921760965335621,-0.23719713531596257,2,-0.10068190875715827
astro_bearish_score,21,3.0,-3.0,long_short_balanced_v2,-0.0038580920856614576,154.9101004202547,-0.01626534013794989,-0.8339900882218972,-0.05921760965335621,-0.23719713531596257,2,-0.10068190875715827
astro_bullish_score,3,2.0,-1.0,long_short_balanced_v2,1.6851177283706384,154.9101004202547,-0.7033388567613572,-0.8339900882218972,0.4168638615495231,2.39588316807925,100,-0.10355078839518478
astro_bullish_score,3,2.0,-1.5,long_short_balanced_v2,1.6851177283706384,154.9101004202547,-0.7033388567613572,-0.8339900882218972,0.4168638615495231,2.39588316807925,100,-0.10355078839518478
astro_bullish_score,3,2.0,-2.0,long_short_balanced_v2,1.6851177283706384,154.9101004202547,-0.7033388567613572,-0.8339900882218972,0.4168638615495231,2.39588316807925,100,-0.10355078839518478
astro_bullish_score,3,2.0,-2.5,long_short_balanced_v2,1.6851177283706384,154.9101004202547,-0.7033388567613572,-0.8339900882218972,0.4168638615495231,2.39588316807925,100,-0.10355078839518478
astro_bullish_score,3,2.0,-3.0,long_short_balanced_v2,1.6851177283706384,154.9101004202547,-0.7033388567613572,-0.8339900882218972,0.4168638615495231,2.39588316807925,100,-0.10355078839518478
astro_momentum_v2_smooth,3,0.5,-0.5,long_short_balanced_v2,2.41955999518958,154.9101004202547,-0.8962587439019947,-0.8339900882218972,0.476843104184654,2.6996221924214305,108,-0.1038584371379703
astro_momentum_v2_smooth,3,2.0,-2.5,long_short_balanced_v2,1.0465597632370502,154.9101004202547,-0.5530650529926724,-0.8339900882218972,0.3636375489162915,1.8922905317811072,58,-0.10771652459515547
astro_momentum_v2_smooth,3,2.0,-3.0,long_short_balanced_v2,1.0465597632370502,154.9101004202547,-0.5530650529926724,-0.8339900882218972,0.3636375489162915,1.8922905317811072,58,-0.10771652459515547
astro_momentum_v2,21,0.5,-0.5,long_short_balanced_v2,2.3559067778522094,154.9101004202547,-0.918159597138773,-0.8339900882218972,0.47494251168509033,2.5659011627105297,72,-0.11131012513635452
astro_volatility_score,21,2.5,-1.5,long_short_balanced_v2,0.6655615141843974,154.9101004202547,-0.44431217413937096,-0.8339900882218972,0.30952012840595416,1.4979592118392537,42,-0.1273999132235048
astro_volatility_score,21,2.5,-2.0,long_short_balanced_v2,0.6655615141843974,154.9101004202547,-0.44431217413937096,-0.8339900882218972,0.30952012840595416,1.4979592118392537,42,-0.1273999132235048
astro_volatility_score,21,2.5,-2.5,long_short_balanced_v2,0.6655615141843974,154.9101004202547,-0.44431217413937096,-0.8339900882218972,0.30952012840595416,1.4979592118392537,42,-0.1273999132235048
astro_volatility_score,21,2.5,-3.0,long_short_balanced_v2,0.6655615141843974,154.9101004202547,-0.44431217413937096,-0.8339900882218972,0.30952012840595416,1.4979592118392537,42,-0.1273999132235048
astro_reversal_score,8,2.5,-1.5,long_short_balanced_v2,1.249930018046936,154.9101004202547,-0.6527173114745388,-0.8339900882218972,0.38745415217618473,1.9149637922475926,40,-0.1461225424777351
astro_reversal_score,8,2.5,-2.0,long_short_balanced_v2,1.249930018046936,154.9101004202547,-0.6527173114745388,-0.8339900882218972,0.38745415217618473,1.9149637922475926,40,-0.1461225424777351
astro_reversal_score,8,2.5,-2.5,long_short_balanced_v2,1.249930018046936,154.9101004202547,-0.6527173114745388,-0.8339900882218972,0.38745415217618473,1.9149637922475926,40,-0.1461225424777351
astro_reversal_score,8,2.5,-3.0,long_short_balanced_v2,1.249930018046936,154.9101004202547,-0.6527173114745388,-0.8339900882218972,0.38745415217618473,1.9149637922475926,40,-0.1461225424777351
astro_momentum_v2_smooth,8,1.0,-1.0,long_short_balanced_v2,1.9892030592828442,154.9101004202547,-0.8058010204205845,-0.8339900882218972,0.44052141440211184,2.4686033014013655,106,-0.1540113868049056
astro_momentum_v2,3,2.5,-2.0,long_short_balanced_v2,0.5322594655559336,154.9101004202547,-0.3921727193240684,-0.8339900882218972,0.30735630793741814,1.3572067594944202,60,-0.15419736424547126
astro_momentum_v2,3,1.0,-1.0,long_short_balanced_v2,1.9995019540350567,154.9101004202547,-0.7597056215351402,-0.8339900882218972,0.44185443779863703,2.631943080787865,160,-0.15657745481516544
astro_reversal_score,5,2.5,-1.5,long_short_balanced_v2,1.0697163759580977,154.9101004202547,-0.5904985968834306,-0.8339900882218972,0.36223288007163906,1.8115477015591768,52,-0.16163029019722566
astro_reversal_score,5,2.5,-2.0,long_short_balanced_v2,1.0697163759580977,154.9101004202547,-0.5904985968834306,-0.8339900882218972,0.36223288007163906,1.8115477015591768,52,-0.16163029019722566
astro_reversal_score,5,2.5,-2.5,long_short_balanced_v2,1.0697163759580977,154.9101004202547,-0.5904985968834306,-0.8339900882218972,0.36223288007163906,1.8115477015591768,52,-0.16163029019722566
astro_reversal_score,5,2.5,-3.0,long_short_balanced_v2,1.0697163759580977,154.9101004202547,-0.5904985968834306,-0.8339900882218972,0.36223288007163906,1.8115477015591768,52,-0.16163029019722566
astro_momentum_v2_smooth,21,1.5,-1.5,long_short_balanced_v2,1.4768293688778256,154.9101004202547,-0.7124851900447957,-0.8339900882218972,0.3977422528577454,2.0727860585915807,56,-0.16402486154243145
astro_momentum_v2,8,2.0,-2.5,long_short_balanced_v2,1.0156925150728666,154.9101004202547,-0.5693048552363686,-0.8339900882218972,0.35971026845121906,1.7840924870580335,58,-0.16454692354059863
astro_momentum_v2,8,2.0,-3.0,long_short_balanced_v2,1.0156925150728666,154.9101004202547,-0.5693048552363686,-0.8339900882218972,0.35971026845121906,1.7840924870580335,58,-0.16454692354059863
astro_trend_end_score,30,2.5,-1.5,long_short_balanced_v2,-0.004191950560551216,154.9101004202547,-0.10960381353923454,-0.8339900882218972,0.0060307412197757,-0.03824639330684088,2,-0.17490028765047508
astro_trend_end_score,30,2.5,-2.0,long_short_balanced_v2,-0.004191950560551216,154.9101004202547,-0.10960381353923454,-0.8339900882218972,0.0060307412197757,-0.03824639330684088,2,-0.17490028765047508
astro_trend_end_score,30,2.5,-2.5,long_short_balanced_v2,-0.004191950560551216,154.9101004202547,-0.10960381353923454,-0.8339900882218972,0.0060307412197757,-0.03824639330684088,2,-0.17490028765047508
astro_trend_end_score,30,2.5,-3.0,long_short_balanced_v2,-0.004191950560551216,154.9101004202547,-0.10960381353923454,-0.8339900882218972,0.0060307412197757,-0.03824639330684088,2,-0.17490028765047508
astro_trend_end_score,21,2.5,-1.5,long_short_balanced_v2,-0.005342590244586387,154.9101004202547,-0.10960381353923454,-0.8339900882218972,0.008485030195850948,-0.04874456528534855,2,-0.17636339836095705
astro_trend_end_score,21,2.5,-2.0,long_short_balanced_v2,-0.005342590244586387,154.9101004202547,-0.10960381353923454,-0.8339900882218972,0.008485030195850948,-0.04874456528534855,2,-0.17636339836095705
astro_trend_end_score,21,2.5,-2.5,long_short_balanced_v2,-0.005342590244586387,154.9101004202547,-0.10960381353923454,-0.8339900882218972,0.008485030195850948,-0.04874456528534855,2,-0.17636339836095705
astro_trend_end_score,21,2.5,-3.0,long_short_balanced_v2,-0.005342590244586387,154.9101004202547,-0.10960381353923454,-0.8339900882218972,0.008485030195850948,-0.04874456528534855,2,-0.17636339836095705
astro_reversal_score,5,3.0,-2.0,long_short_balanced_v2,0.5431728870148751,154.9101004202547,-0.43457504682736814,-0.8339900882218972,0.29080838776365675,1.2498943300595138,44,-0.21060848301922422
astro_reversal_score,5,3.0,-2.5,long_short_balanced_v2,0.5431728870148751,154.9101004202547,-0.43457504682736814,-0.8339900882218972,0.29080838776365675,1.2498943300595138,44,-0.21060848301922422
astro_reversal_score,5,3.0,-3.0,long_short_balanced_v2,0.5431728870148751,154.9101004202547,-0.43457504682736814,-0.8339900882218972,0.29080838776365675,1.2498943300595138,44,-0.21060848301922422
astro_momentum_v2,10,1.0,-1.0,long_short_balanced_v2,1.7663091771513422,154.9101004202547,-0.7665217351171316,-0.8339900882218972,0.42713744263674475,2.304317146181685,112,-0.21217144323925988
astro_reversal_score,8,3.0,-2.0,long_short_balanced_v2,0.5345842991413887,154.9101004202547,-0.4365331979036058,-0.8339900882218972,0.28924396291843457,1.224613160485069,40,-0.2138042898486045
astro_reversal_score,8,3.0,-2.5,long_short_balanced_v2,0.5345842991413887,154.9101004202547,-0.4365331979036058,-0.8339900882218972,0.28924396291843457,1.224613160485069,40,-0.2138042898486045
astro_reversal_score,8,3.0,-3.0,long_short_balanced_v2,0.5345842991413887,154.9101004202547,-0.4365331979036058,-0.8339900882218972,0.28924396291843457,1.224613160485069,40,-0.2138042898486045
astro_reversal_score,30,3.0,-2.0,long_short_balanced_v2,0.5516902995429391,154.9101004202547,-0.4690806262474725,-0.8339900882218972,0.30613191111523796,1.1761097531490978,20,-0.22043913443241223
astro_reversal_score,30,3.0,-2.5,long_short_balanced_v2,0.5516902995429391,154.9101004202547,-0.4690806262474725,-0.8339900882218972,0.30613191111523796,1.1761097531490978,20,-0.22043913443241223
astro_reversal_score,30,3.0,-3.0,long_short_balanced_v2,0.5516902995429391,154.9101004202547,-0.4690806262474725,-0.8339900882218972,0.30613191111523796,1.1761097531490978,20,-0.22043913443241223
astro_momentum_v2_smooth,14,0.5,-0.5,long_short_balanced_v2,2.1518302136643506,154.9101004202547,-0.9240241491882917,-0.8339900882218972,0.4657516924789046,2.328759714293857,72,-0.23243453983279905
astro_reversal_score,14,3.0,-2.0,long_short_balanced_v2,0.5164084181392117,154.9101004202547,-0.4525770756498958,-0.8339900882218972,0.2869610570037261,1.1410397165999953,26,-0.23295072191159066
astro_reversal_score,14,3.0,-2.5,long_short_balanced_v2,0.5164084181392117,154.9101004202547,-0.4525770756498958,-0.8339900882218972,0.2869610570037261,1.1410397165999953,26,-0.23295072191159066
astro_reversal_score,14,3.0,-3.0,long_short_balanced_v2,0.5164084181392117,154.9101004202547,-0.4525770756498958,-0.8339900882218972,0.2869610570037261,1.1410397165999953,26,-0.23295072191159066
astro_momentum_v2,5,3.0,-2.5,long_short_balanced_v2,0.26728666270137214,154.9101004202547,-0.34855018081123323,-0.8339900882218972,0.24565172277523523,0.7668527443574286,26,-0.2430080344248584
astro_momentum_v2,5,3.0,-3.0,long_short_balanced_v2,0.26728666270137214,154.9101004202547,-0.34855018081123323,-0.8339900882218972,0.24565172277523523,0.7668527443574286,26,-0.2430080344248584
astro_momentum_v2,3,2.5,-1.5,long_short_balanced_v2,0.5862291182344879,154.9101004202547,-0.4452666401033921,-0.8339900882218972,0.30195342466436625,1.3165799218606717,70,-0.24793387044686088
astro_reversal_score,10,2.5,-1.5,long_short_balanced_v2,1.1301076784186668,154.9101004202547,-0.672736470518108,-0.8339900882218972,0.371202386756074,1.6798668244465984,36,-0.25761808265981273
astro_reversal_score,10,2.5,-2.0,long_short_balanced_v2,1.1301076784186668,154.9101004202547,-0.672736470518108,-0.8339900882218972,0.371202386756074,1.6798668244465984,36,-0.25761808265981273
astro_reversal_score,10,2.5,-2.5,long_short_balanced_v2,1.1301076784186668,154.9101004202547,-0.672736470518108,-0.8339900882218972,0.371202386756074,1.6798668244465984,36,-0.25761808265981273
astro_reversal_score,10,2.5,-3.0,long_short_balanced_v2,1.1301076784186668,154.9101004202547,-0.672736470518108,-0.8339900882218972,0.371202386756074,1.6798668244465984,36,-0.25761808265981273
astro_momentum_v2_smooth,3,2.0,-1.5,long_short_balanced_v2,1.0014138630942315,154.9101004202547,-0.5976682997534641,-0.8339900882218972,0.3531731361510329,1.6755345122157406,71,-0.2617021337983655
astro_compression_score,14,2.0,-1.0,long_short_balanced_v2,0.013468914882917238,154.9101004202547,-0.19069746080558136,-0.8339900882218972,0.05129591775904673,0.07062975472258112,8,-0.26336119869536195
astro_compression_score,14,2.0,-1.5,long_short_balanced_v2,0.013468914882917238,154.9101004202547,-0.19069746080558136,-0.8339900882218972,0.05129591775904673,0.07062975472258112,8,-0.26336119869536195
astro_compression_score,14,2.0,-2.0,long_short_balanced_v2,0.013468914882917238,154.9101004202547,-0.19069746080558136,-0.8339900882218972,0.05129591775904673,0.07062975472258112,8,-0.26336119869536195
astro_compression_score,14,2.0,-2.5,long_short_balanced_v2,0.013468914882917238,154.9101004202547,-0.19069746080558136,-0.8339900882218972,0.05129591775904673,0.07062975472258112,8,-0.26336119869536195
astro_compression_score,14,2.0,-3.0,long_short_balanced_v2,0.013468914882917238,154.9101004202547,-0.19069746080558136,-0.8339900882218972,0.05129591775904673,0.07062975472258112,8,-0.26336119869536195
astro_reversal_score,10,3.0,-2.0,long_short_balanced_v2,0.5000403006516889,154.9101004202547,-0.4540068409438296,-0.8339900882218972,0.28139223900579197,1.101393757882945,34,-0.2661625240413319
astro_reversal_score,10,3.0,-2.5,long_short_balanced_v2,0.5000403006516889,154.9101004202547,-0.4540068409438296,-0.8339900882218972,0.28139223900579197,1.101393757882945,34,-0.2661625240413319
astro_reversal_score,10,3.0,-3.0,long_short_balanced_v2,0.5000403006516889,154.9101004202547,-0.4540068409438296,-0.8339900882218972,0.28139223900579197,1.101393757882945,34,-0.2661625240413319
astro_momentum_v2_smooth,5,2.0,-1.0,long_short_balanced_v2,0.886935621431485,154.9101004202547,-0.5551064000837166,-0.8339900882218972,0.33536857176697177,1.597775888185985,77,-0.2668763073521436
astro_momentum_v2_smooth,30,3.0,-2.0,long_short_balanced_v2,0.08082181194310767,154.9101004202547,-0.26468440794667736,-0.8339900882218972,0.12167657444383628,0.30535161693162455,6,-0.2750391151732243
astro_momentum_v2_smooth,30,3.0,-2.5,long_short_balanced_v2,0.08082181194310767,154.9101004202547,-0.26468440794667736,-0.8339900882218972,0.12167657444383628,0.30535161693162455,6,-0.2750391151732243
astro_momentum_v2_smooth,30,3.0,-3.0,long_short_balanced_v2,0.08082181194310767,154.9101004202547,-0.26468440794667736,-0.8339900882218972,0.12167657444383628,0.30535161693162455,6,-0.2750391151732243
astro_reversal_score,30,2.5,-1.5,long_short_balanced_v2,0.977396964618864,154.9101004202547,-0.6408665365141817,-0.8339900882218972,0.35059355878184467,1.5251178036774202,30,-0.2828197311373913
astro_reversal_score,30,2.5,-2.0,long_short_balanced_v2,0.977396964618864,154.9101004202547,-0.6408665365141817,-0.8339900882218972,0.35059355878184467,1.5251178036774202,30,-0.2828197311373913
astro_reversal_score,30,2.5,-2.5,long_short_balanced_v2,0.977396964618864,154.9101004202547,-0.6408665365141817,-0.8339900882218972,0.35059355878184467,1.5251178036774202,30,-0.2828197311373913
astro_reversal_score,30,2.5,-3.0,long_short_balanced_v2,0.977396964618864,154.9101004202547,-0.6408665365141817,-0.8339900882218972,0.35059355878184467,1.5251178036774202,30,-0.2828197311373913
astro_momentum_v2_smooth,5,1.0,-1.0,long_short_balanced_v2,1.5390067748164835,154.9101004202547,-0.740669736786727,-0.8339900882218972,0.41255670982090326,2.0778583198136453,112,-0.2927082248440549
astro_momentum_v2,30,1.5,-0.5,long_short_balanced_v2,1.099363759300164,154.9101004202547,-0.6467646922962097,-0.8339900882218972,0.3656978498416735,1.6997893861476747,70,-0.294100893488061
astro_momentum_v2_smooth,21,3.0,-2.0,long_short_balanced_v2,0.09736340715989367,154.9101004202547,-0.2886922538557801,-0.8339900882218972,0.13164397323214552,0.33725673570906683,8,-0.2997204222010305
astro_momentum_v2_smooth,21,3.0,-2.5,long_short_balanced_v2,0.09736340715989367,154.9101004202547,-0.2886922538557801,-0.8339900882218972,0.13164397323214552,0.33725673570906683,8,-0.2997204222010305
astro_momentum_v2_smooth,21,3.0,-3.0,long_short_balanced_v2,0.09736340715989367,154.9101004202547,-0.2886922538557801,-0.8339900882218972,0.13164397323214552,0.33725673570906683,8,-0.2997204222010305
astro_reversal_score,3,3.0,-2.0,long_short_balanced_v2,0.506247860508025,154.9101004202547,-0.465254834005865,-0.8339900882218972,0.2795922522085701,1.0881087599868833,50,-0.31654923997558526
astro_reversal_score,3,3.0,-2.5,long_short_balanced_v2,0.506247860508025,154.9101004202547,-0.465254834005865,-0.8339900882218972,0.2795922522085701,1.0881087599868833,50,-0.31654923997558526
astro_reversal_score,3,3.0,-3.0,long_short_balanced_v2,0.506247860508025,154.9101004202547,-0.465254834005865,-0.8339900882218972,0.2795922522085701,1.0881087599868833,50,-0.31654923997558526
astro_trend_end_score,8,2.0,-1.0,long_short_balanced_v2,0.12044439335785073,154.9101004202547,-0.30492626020919866,-0.8339900882218972,0.1427099037816849,0.3949951482539361,16,-0.3171730811429816
astro_trend_end_score,8,2.0,-1.5,long_short_balanced_v2,0.12044439335785073,154.9101004202547,-0.30492626020919866,-0.8339900882218972,0.1427099037816849,0.3949951482539361,16,-0.3171730811429816
astro_trend_end_score,8,2.0,-2.0,long_short_balanced_v2,0.12044439335785073,154.9101004202547,-0.30492626020919866,-0.8339900882218972,0.1427099037816849,0.3949951482539361,16,-0.3171730811429816
astro_trend_end_score,8,2.0,-2.5,long_short_balanced_v2,0.12044439335785073,154.9101004202547,-0.30492626020919866,-0.8339900882218972,0.1427099037816849,0.3949951482539361,16,-0.3171730811429816
astro_trend_end_score,8,2.0,-3.0,long_short_balanced_v2,0.12044439335785073,154.9101004202547,-0.30492626020919866,-0.8339900882218972,0.1427099037816849,0.3949951482539361,16,-0.3171730811429816
astro_momentum_v2,3,3.0,-2.5,long_short_balanced_v2,0.249455680051772,154.9101004202547,-0.37805675356166046,-0.8339900882218972,0.23315145602806706,0.6598365925265403,30,-0.3270205254104242
astro_momentum_v2,3,3.0,-3.0,long_short_balanced_v2,0.249455680051772,154.9101004202547,-0.37805675356166046,-0.8339900882218972,0.23315145602806706,0.6598365925265403,30,-0.3270205254104242
astro_momentum_v2_smooth,21,1.5,-2.0,long_short_balanced_v2,1.1866365915042523,154.9101004202547,-0.7124851900447955,-0.8339900882218972,0.37031394921488114,1.6654894839703909,51,-0.3335133311358869
astro_momentum_v2_smooth,21,1.5,-2.5,long_short_balanced_v2,1.1866365915042523,154.9101004202547,-0.7124851900447955,-0.8339900882218972,0.37031394921488114,1.6654894839703909,51,-0.3335133311358869
astro_compression_score,30,2.0,-1.0,long_short_balanced_v2,-0.05281836567044218,154.9101004202547,-0.0911452302196889,-0.8339900882218972,-0.15420099567313944,-0.5794967607535049,2,-0.33414310545062276
astro_compression_score,30,2.0,-1.5,long_short_balanced_v2,-0.05281836567044218,154.9101004202547,-0.0911452302196889,-0.8339900882218972,-0.15420099567313944,-0.5794967607535049,2,-0.33414310545062276
astro_compression_score,30,2.0,-2.0,long_short_balanced_v2,-0.05281836567044218,154.9101004202547,-0.0911452302196889,-0.8339900882218972,-0.15420099567313944,-0.5794967607535049,2,-0.33414310545062276
astro_compression_score,30,2.0,-2.5,long_short_balanced_v2,-0.05281836567044218,154.9101004202547,-0.0911452302196889,-0.8339900882218972,-0.15420099567313944,-0.5794967607535049,2,-0.33414310545062276
astro_compression_score,30,2.0,-3.0,long_short_balanced_v2,-0.05281836567044218,154.9101004202547,-0.0911452302196889,-0.8339900882218972,-0.15420099567313944,-0.5794967607535049,2,-0.33414310545062276
astro_momentum_v2_smooth,5,3.0,-2.0,long_short_balanced_v2,0.1868660999472831,154.9101004202547,-0.3773587207200292,-0.8339900882218972,0.18707171553872004,0.4951948628369535,22,-0.38011059231298017
astro_momentum_v2,30,3.0,-2.0,long_short_balanced_v2,0.019153257212239705,154.9101004202547,-0.2792242436022363,-0.8339900882218972,0.061427654619242086,0.06859453522067419,8,-0.39080041934785087
astro_momentum_v2,30,3.0,-2.5,long_short_balanced_v2,0.019153257212239705,154.9101004202547,-0.2792242436022363,-0.8339900882218972,0.061427654619242086,0.06859453522067419,8,-0.39080041934785087
astro_momentum_v2,30,3.0,-3.0,long_short_balanced_v2,0.019153257212239705,154.9101004202547,-0.2792242436022363,-0.8339900882218972,0.061427654619242086,0.06859453522067419,8,-0.39080041934785087
astro_momentum_v2,10,3.0,-2.0,long_short_balanced_v2,0.12553896496600792,154.9101004202547,-0.353928379231649,-0.8339900882218972,0.14781877813749814,0.35470160725326194,20,-0.40316304665201946
astro_momentum_v2_smooth,3,3.0,-2.0,long_short_balanced_v2,0.21036906906466402,154.9101004202547,-0.4076611953332204,-0.8339900882218972,0.19947917443163868,0.5160389840213006,28,-0.4213816057035159
astro_trend_end_score,5,2.5,-1.5,long_short_balanced_v2,-0.08136096636494927,154.9101004202547,-0.17936770205790276,-0.8339900882218972,-0.11085355536981191,-0.45359875513532893,4,-0.4365210161713295
astro_trend_end_score,5,2.5,-2.0,long_short_balanced_v2,-0.08136096636494927,154.9101004202547,-0.17936770205790276,-0.8339900882218972,-0.11085355536981191,-0.45359875513532893,4,-0.4365210161713295
astro_trend_end_score,5,2.5,-2.5,long_short_balanced_v2,-0.08136096636494927,154.9101004202547,-0.17936770205790276,-0.8339900882218972,-0.11085355536981191,-0.45359875513532893,4,-0.4365210161713295
astro_trend_end_score,5,2.5,-3.0,long_short_balanced_v2,-0.08136096636494927,154.9101004202547,-0.17936770205790276,-0.8339900882218972,-0.11085355536981191,-0.45359875513532893,4,-0.4365210161713295
astro_momentum_v2,14,1.5,-2.5,long_short_balanced_v2,1.0904814373543124,154.9101004202547,-0.7187849388557629,-0.8339900882218972,0.3610709812433855,1.5171178170347515,69,-0.44118102117304614
astro_bullish_score,21,1.5,-0.5,long_short_balanced_v2,1.308487335676645,154.9101004202547,-0.8101050070868584,-0.8339900882218972,0.3961202771996668,1.6152070709721595,51,-0.44312178485299547
astro_bullish_score,21,1.5,-1.0,long_short_balanced_v2,1.308487335676645,154.9101004202547,-0.8101050070868584,-0.8339900882218972,0.3961202771996668,1.6152070709721595,51,-0.44312178485299547
astro_bullish_score,21,1.5,-1.5,long_short_balanced_v2,1.308487335676645,154.9101004202547,-0.8101050070868584,-0.8339900882218972,0.3961202771996668,1.6152070709721595,51,-0.44312178485299547
astro_bullish_score,21,1.5,-2.0,long_short_balanced_v2,1.308487335676645,154.9101004202547,-0.8101050070868584,-0.8339900882218972,0.3961202771996668,1.6152070709721595,51,-0.44312178485299547
astro_bullish_score,21,1.5,-2.5,long_short_balanced_v2,1.308487335676645,154.9101004202547,-0.8101050070868584,-0.8339900882218972,0.3961202771996668,1.6152070709721595,51,-0.44312178485299547
astro_trend_end_score,5,2.0,-1.0,long_short_balanced_v2,0.034689981706091055,154.9101004202547,-0.31781166813648465,-0.8339900882218972,0.08280848773725191,0.10915263718761073,20,-0.4513565851604767
astro_trend_end_score,5,2.0,-1.5,long_short_balanced_v2,0.034689981706091055,154.9101004202547,-0.31781166813648465,-0.8339900882218972,0.08280848773725191,0.10915263718761073,20,-0.4513565851604767
astro_trend_end_score,5,2.0,-2.0,long_short_balanced_v2,0.034689981706091055,154.9101004202547,-0.31781166813648465,-0.8339900882218972,0.08280848773725191,0.10915263718761073,20,-0.4513565851604767
astro_trend_end_score,5,2.0,-2.5,long_short_balanced_v2,0.034689981706091055,154.9101004202547,-0.31781166813648465,-0.8339900882218972,0.08280848773725191,0.10915263718761073,20,-0.4513565851604767
astro_trend_end_score,5,2.0,-3.0,long_short_balanced_v2,0.034689981706091055,154.9101004202547,-0.31781166813648465,-0.8339900882218972,0.08280848773725191,0.10915263718761073,20,-0.4513565851604767
astro_trend_end_score,3,2.5,-1.5,long_short_balanced_v2,-0.09535538236881913,154.9101004202547,-0.17936770205790276,-0.8339900882218972,-0.13640486799251716,-0.5316195796389078,4,-0.4665440309222883
astro_trend_end_score,3,2.5,-2.0,long_short_balanced_v2,-0.09535538236881913,154.9101004202547,-0.17936770205790276,-0.8339900882218972,-0.13640486799251716,-0.5316195796389078,4,-0.4665440309222883
astro_trend_end_score,3,2.5,-2.5,long_short_balanced_v2,-0.09535538236881913,154.9101004202547,-0.17936770205790276,-0.8339900882218972,-0.13640486799251716,-0.5316195796389078,4,-0.4665440309222883
astro_trend_end_score,3,2.5,-3.0,long_short_balanced_v2,-0.09535538236881913,154.9101004202547,-0.17936770205790276,-0.8339900882218972,-0.13640486799251716,-0.5316195796389078,4,-0.4665440309222883
astro_momentum_v2_smooth,3,2.0,-2.0,long_short_balanced_v2,0.5658941944504103,154.9101004202547,-0.5530650529926717,-0.8339900882218972,0.2838085937365087,1.0231964420610546,64,-0.4696665952470701
astro_volatility_score,30,2.5,-1.5,long_short_balanced_v2,0.2212122885162917,154.9101004202547,-0.4333102670878892,-0.8339900882218972,0.1858112976376637,0.5105170712962191,42,-0.491173780762637
astro_volatility_score,30,2.5,-2.0,long_short_balanced_v2,0.2212122885162917,154.9101004202547,-0.4333102670878892,-0.8339900882218972,0.1858112976376637,0.5105170712962191,42,-0.491173780762637
astro_volatility_score,30,2.5,-2.5,long_short_balanced_v2,0.2212122885162917,154.9101004202547,-0.4333102670878892,-0.8339900882218972,0.1858112976376637,0.5105170712962191,42,-0.491173780762637
astro_volatility_score,30,2.5,-3.0,long_short_balanced_v2,0.2212122885162917,154.9101004202547,-0.4333102670878892,-0.8339900882218972,0.1858112976376637,0.5105170712962191,42,-0.491173780762637
astro_trend_end_score,3,2.0,-1.0,long_short_balanced_v2,-0.002479019937368321,154.9101004202547,-0.31247990367827305,-0.8339900882218972,0.05552306715107332,-0.007933373980813502,22,-0.49284100943435344
astro_trend_end_score,3,2.0,-1.5,long_short_balanced_v2,-0.002479019937368321,154.9101004202547,-0.31247990367827305,-0.8339900882218972,0.05552306715107332,-0.007933373980813502,22,-0.49284100943435344
astro_trend_end_score,3,2.0,-2.0,long_short_balanced_v2,-0.002479019937368321,154.9101004202547,-0.31247990367827305,-0.8339900882218972,0.05552306715107332,-0.007933373980813502,22,-0.49284100943435344
astro_trend_end_score,3,2.0,-2.5,long_short_balanced_v2,-0.002479019937368321,154.9101004202547,-0.31247990367827305,-0.8339900882218972,0.05552306715107332,-0.007933373980813502,22,-0.49284100943435344
astro_trend_end_score,3,2.0,-3.0,long_short_balanced_v2,-0.002479019937368321,154.9101004202547,-0.31247990367827305,-0.8339900882218972,0.05552306715107332,-0.007933373980813502,22,-0.49284100943435344
astro_trend_end_score,14,2.5,-1.5,long_short_balanced_v2,-0.11829311451602587,154.9101004202547,-0.14289802160837783,-0.8339900882218972,-0.1768750315367324,-0.8278149213305174,4,-0.494147963648171
astro_trend_end_score,14,2.5,-2.0,long_short_balanced_v2,-0.11829311451602587,154.9101004202547,-0.14289802160837783,-0.8339900882218972,-0.1768750315367324,-0.8278149213305174,4,-0.494147963648171
astro_trend_end_score,14,2.5,-2.5,long_short_balanced_v2,-0.11829311451602587,154.9101004202547,-0.14289802160837783,-0.8339900882218972,-0.1768750315367324,-0.8278149213305174,4,-0.494147963648171
astro_trend_end_score,14,2.5,-3.0,long_short_balanced_v2,-0.11829311451602587,154.9101004202547,-0.14289802160837783,-0.8339900882218972,-0.1768750315367324,-0.8278149213305174,4,-0.494147963648171
astro_momentum_v2,8,2.0,-2.0,long_short_balanced_v2,0.5648124911286645,154.9101004202547,-0.5693048552363686,-0.8339900882218972,0.2835139535581523,0.99210903601755,62,-0.4966861468891827
astro_trend_end_score,8,2.5,-1.5,long_short_balanced_v2,-0.11188762336430069,154.9101004202547,-0.19048437271491747,-0.8339900882218972,-0.15978026748115332,-0.5873847905190304,4,-0.5086819111779338
astro_trend_end_score,8,2.5,-2.0,long_short_balanced_v2,-0.11188762336430069,154.9101004202547,-0.19048437271491747,-0.8339900882218972,-0.15978026748115332,-0.5873847905190304,4,-0.5086819111779338
astro_trend_end_score,8,2.5,-2.5,long_short_balanced_v2,-0.11188762336430069,154.9101004202547,-0.19048437271491747,-0.8339900882218972,-0.15978026748115332,-0.5873847905190304,4,-0.5086819111779338
astro_trend_end_score,8,2.5,-3.0,long_short_balanced_v2,-0.11188762336430069,154.9101004202547,-0.19048437271491747,-0.8339900882218972,-0.15978026748115332,-0.5873847905190304,4,-0.5086819111779338
astro_momentum_v2_smooth,21,0.5,-0.5,long_short_balanced_v2,1.6692394222994764,154.9101004202547,-0.941443909841678,-0.8339900882218972,0.4416375906477821,1.7730630628649893,66,-0.5121263892405635
astro_bullish_score,8,1.5,-0.5,long_short_balanced_v2,1.37206367041511,154.9101004202547,-0.848335667233832,-0.8339900882218972,0.40028644461051954,1.6173594054921652,71,-0.519297940783574
astro_bullish_score,8,1.5,-1.0,long_short_balanced_v2,1.37206367041511,154.9101004202547,-0.848335667233832,-0.8339900882218972,0.40028644461051954,1.6173594054921652,71,-0.519297940783574
astro_bullish_score,8,1.5,-1.5,long_short_balanced_v2,1.37206367041511,154.9101004202547,-0.848335667233832,-0.8339900882218972,0.40028644461051954,1.6173594054921652,71,-0.519297940783574
astro_bullish_score,8,1.5,-2.0,long_short_balanced_v2,1.37206367041511,154.9101004202547,-0.848335667233832,-0.8339900882218972,0.40028644461051954,1.6173594054921652,71,-0.519297940783574
astro_bullish_score,8,1.5,-2.5,long_short_balanced_v2,1.37206367041511,154.9101004202547,-0.848335667233832,-0.8339900882218972,0.40028644461051954,1.6173594054921652,71,-0.519297940783574
astro_trend_end_score,10,2.0,-1.0,long_short_balanced_v2,-0.021360914330068925,154.9101004202547,-0.3284697757347721,-0.8339900882218972,0.03708881551598979,-0.06503159775442206,16,-0.5292837312456673
astro_trend_end_score,10,2.0,-1.5,long_short_balanced_v2,-0.021360914330068925,154.9101004202547,-0.3284697757347721,-0.8339900882218972,0.03708881551598979,-0.06503159775442206,16,-0.5292837312456673
astro_trend_end_score,10,2.0,-2.0,long_short_balanced_v2,-0.021360914330068925,154.9101004202547,-0.3284697757347721,-0.8339900882218972,0.03708881551598979,-0.06503159775442206,16,-0.5292837312456673
astro_trend_end_score,10,2.0,-2.5,long_short_balanced_v2,-0.021360914330068925,154.9101004202547,-0.3284697757347721,-0.8339900882218972,0.03708881551598979,-0.06503159775442206,16,-0.5292837312456673
astro_trend_end_score,10,2.0,-3.0,long_short_balanced_v2,-0.021360914330068925,154.9101004202547,-0.3284697757347721,-0.8339900882218972,0.03708881551598979,-0.06503159775442206,16,-0.5292837312456673
astro_momentum_v2,14,1.0,-0.5,long_short_balanced_v2,1.3195502392284313,154.9101004202547,-0.8024467505733883,-0.8339900882218972,0.4049796629805785,1.644408477304627,108,-0.5329314934383964
astro_momentum_v2,14,1.5,-2.0,long_short_balanced_v2,0.8602785528467425,154.9101004202547,-0.7187849388557629,-0.8339900882218972,0.33573571575734973,1.1968511112882025,71,-0.5884293338690413
astro_momentum_v2,8,2.0,-1.5,long_short_balanced_v2,0.5615499970791644,154.9101004202547,-0.6098293934522168,-0.8339900882218972,0.28329963102011163,0.9208313064417166,70,-0.5887929773581878
astro_momentum_v2,14,1.5,-1.5,long_short_balanced_v2,0.8848769347728878,154.9101004202547,-0.7212210051888313,-0.8339900882218972,0.3403371085078578,1.2269150903906465,79,-0.592850565870108
astro_momentum_v2,8,3.0,-2.0,long_short_balanced_v2,0.09138426605879535,154.9101004202547,-0.4519375051519826,-0.8339900882218972,0.12344977470853155,0.20220553730778246,22,-0.6046699605653663
astro_momentum_v2_smooth,21,1.5,-1.0,long_short_balanced_v2,0.764818659337551,154.9101004202547,-0.7124851900447955,-0.8339900882218972,0.32746989038824714,1.0734520099841867,64,-0.6216038291137918
astro_reversal_score,3,2.5,-1.5,long_short_balanced_v2,0.6266226172010367,154.9101004202547,-0.6562719216909173,-0.8339900882218972,0.287648360001061,0.9548216166044592,66,-0.6223974300547488
astro_reversal_score,3,2.5,-2.0,long_short_balanced_v2,0.6266226172010367,154.9101004202547,-0.6562719216909173,-0.8339900882218972,0.287648360001061,0.9548216166044592,66,-0.6223974300547488
astro_reversal_score,3,2.5,-2.5,long_short_balanced_v2,0.6266226172010367,154.9101004202547,-0.6562719216909173,-0.8339900882218972,0.287648360001061,0.9548216166044592,66,-0.6223974300547488
astro_reversal_score,3,2.5,-3.0,long_short_balanced_v2,0.6266226172010367,154.9101004202547,-0.6562719216909173,-0.8339900882218972,0.287648360001061,0.9548216166044592,66,-0.6223974300547488
astro_momentum_v2_smooth,30,1.5,-0.5,long_short_balanced_v2,0.643681270960647,154.9101004202547,-0.672374505019373,-0.8339900882218972,0.3179583410657208,0.9573255174838919,68,-0.6328089363177988
astro_trend_end_score,10,2.5,-1.5,long_short_balanced_v2,-0.17619407193717596,154.9101004202547,-0.19918319525675654,-0.8339900882218972,-0.26605983526985816,-0.884583017709167,4,-0.6429735521160642
astro_trend_end_score,10,2.5,-2.0,long_short_balanced_v2,-0.17619407193717596,154.9101004202547,-0.19918319525675654,-0.8339900882218972,-0.26605983526985816,-0.884583017709167,4,-0.6429735521160642
astro_trend_end_score,10,2.5,-2.5,long_short_balanced_v2,-0.17619407193717596,154.9101004202547,-0.19918319525675654,-0.8339900882218972,-0.26605983526985816,-0.884583017709167,4,-0.6429735521160642
astro_trend_end_score,10,2.5,-3.0,long_short_balanced_v2,-0.17619407193717596,154.9101004202547,-0.19918319525675654,-0.8339900882218972,-0.26605983526985816,-0.884583017709167,4,-0.6429735521160642
astro_compression_score,21,2.0,-1.0,long_short_balanced_v2,-0.15449582616298696,154.9101004202547,-0.16377269618899637,-0.8339900882218972,-0.3906871862788958,-0.9433552097395786,4,-0.6449537085918646
astro_compression_score,21,2.0,-1.5,long_short_balanced_v2,-0.15449582616298696,154.9101004202547,-0.16377269618899637,-0.8339900882218972,-0.3906871862788958,-0.9433552097395786,4,-0.6449537085918646
astro_compression_score,21,2.0,-2.0,long_short_balanced_v2,-0.15449582616298696,154.9101004202547,-0.16377269618899637,-0.8339900882218972,-0.3906871862788958,-0.9433552097395786,4,-0.6449537085918646
astro_compression_score,21,2.0,-2.5,long_short_balanced_v2,-0.15449582616298696,154.9101004202547,-0.16377269618899637,-0.8339900882218972,-0.3906871862788958,-0.9433552097395786,4,-0.6449537085918646
astro_compression_score,21,2.0,-3.0,long_short_balanced_v2,-0.15449582616298696,154.9101004202547,-0.16377269618899637,-0.8339900882218972,-0.3906871862788958,-0.9433552097395786,4,-0.6449537085918646
astro_momentum_v2,3,1.5,-2.5,long_short_balanced_v2,0.8244834482555194,154.9101004202547,-0.7111579296380668,-0.8339900882218972,0.3350503574998869,1.159353518950605,100,-0.6535010131903685
astro_trend_end_score,14,2.0,-1.0,long_short_balanced_v2,-0.0857084086038632,154.9101004202547,-0.36752285487204595,-0.8339900882218972,-0.019118189323119362,-0.23320565637667023,12,-0.6552852118938097
astro_trend_end_score,14,2.0,-1.5,long_short_balanced_v2,-0.0857084086038632,154.9101004202547,-0.36752285487204595,-0.8339900882218972,-0.019118189323119362,-0.23320565637667023,12,-0.6552852118938097
astro_trend_end_score,14,2.0,-2.0,long_short_balanced_v2,-0.0857084086038632,154.9101004202547,-0.36752285487204595,-0.8339900882218972,-0.019118189323119362,-0.23320565637667023,12,-0.6552852118938097
astro_trend_end_score,14,2.0,-2.5,long_short_balanced_v2,-0.0857084086038632,154.9101004202547,-0.36752285487204595,-0.8339900882218972,-0.019118189323119362,-0.23320565637667023,12,-0.6552852118938097
astro_trend_end_score,14,2.0,-3.0,long_short_balanced_v2,-0.0857084086038632,154.9101004202547,-0.36752285487204595,-0.8339900882218972,-0.019118189323119362,-0.23320565637667023,12,-0.6552852118938097
astro_trend_end_score,21,2.0,-1.0,long_short_balanced_v2,-0.08393294944360685,154.9101004202547,-0.4005039716970251,-0.8339900882218972,-0.029442843436950878,-0.20956833233878838,8,-0.6956266462211578
astro_trend_end_score,21,2.0,-1.5,long_short_balanced_v2,-0.08393294944360685,154.9101004202547,-0.4005039716970251,-0.8339900882218972,-0.029442843436950878,-0.20956833233878838,8,-0.6956266462211578
astro_trend_end_score,21,2.0,-2.0,long_short_balanced_v2,-0.08393294944360685,154.9101004202547,-0.4005039716970251,-0.8339900882218972,-0.029442843436950878,-0.20956833233878838,8,-0.6956266462211578
astro_trend_end_score,21,2.0,-2.5,long_short_balanced_v2,-0.08393294944360685,154.9101004202547,-0.4005039716970251,-0.8339900882218972,-0.029442843436950878,-0.20956833233878838,8,-0.6956266462211578
astro_trend_end_score,21,2.0,-3.0,long_short_balanced_v2,-0.08393294944360685,154.9101004202547,-0.4005039716970251,-0.8339900882218972,-0.029442843436950878,-0.20956833233878838,8,-0.6956266462211578
astro_momentum_v2,21,1.5,-2.0,long_short_balanced_v2,0.6560028940358107,154.9101004202547,-0.7234921615420283,-0.8339900882218972,0.30850664245250026,0.9067173480326681,61,-0.7056912475147655
astro_momentum_v2,21,1.5,-2.5,long_short_balanced_v2,0.6560028940358107,154.9101004202547,-0.7234921615420283,-0.8339900882218972,0.30850664245250026,0.9067173480326681,61,-0.7056912475147655
astro_trend_end_score,5,1.5,-0.5,long_short_balanced_v2,0.10033051813495697,154.9101004202547,-0.5026076606323355,-0.8339900882218972,0.14828772747196764,0.1996199540785554,44,-0.712573253703518
astro_trend_end_score,5,1.5,-1.0,long_short_balanced_v2,0.10033051813495697,154.9101004202547,-0.5026076606323355,-0.8339900882218972,0.14828772747196764,0.1996199540785554,44,-0.712573253703518
astro_trend_end_score,5,1.5,-1.5,long_short_balanced_v2,0.10033051813495697,154.9101004202547,-0.5026076606323355,-0.8339900882218972,0.14828772747196764,0.1996199540785554,44,-0.712573253703518
astro_trend_end_score,5,1.5,-2.0,long_short_balanced_v2,0.10033051813495697,154.9101004202547,-0.5026076606323355,-0.8339900882218972,0.14828772747196764,0.1996199540785554,44,-0.712573253703518
astro_trend_end_score,5,1.5,-2.5,long_short_balanced_v2,0.10033051813495697,154.9101004202547,-0.5026076606323355,-0.8339900882218972,0.14828772747196764,0.1996199540785554,44,-0.712573253703518
astro_momentum_v2,21,1.5,-1.0,long_short_balanced_v2,0.6593607653804043,154.9101004202547,-0.7234921615420278,-0.8339900882218972,0.313975884530764,0.9113585473753636,74,-0.7275679494115419
astro_momentum_v2,8,2.0,-1.0,long_short_balanced_v2,0.27940909645885315,154.9101004202547,-0.5693048552363688,-0.8339900882218972,0.2322619879411167,0.49078994125712444,81,-0.7410717704890257
astro_momentum_v2,14,1.5,-1.0,long_short_balanced_v2,0.6689796551010165,154.9101004202547,-0.7200041484031691,-0.8339900882218972,0.31774753504992975,0.9291330565034729,90,-0.7463867007537821
astro_momentum_v2,10,1.5,-2.5,long_short_balanced_v2,0.7430907566456639,154.9101004202547,-0.7566298493975778,-0.8339900882218972,0.322287801243662,0.982106055209567,80,-0.7466812155632894
astro_momentum_v2,3,3.0,-2.0,long_short_balanced_v2,0.020493279497090233,154.9101004202547,-0.4875890135892679,-0.8339900882218972,0.07389054814344694,0.04202982209593679,38,-0.7632733528582086
astro_momentum_v2,5,1.0,-0.5,long_short_balanced_v2,1.2094938165852036,154.9101004202547,-0.8465107549589781,-0.8339900882218972,0.3952424568706916,1.4287991138917258,152,-0.7670611819362843
astro_momentum_v2,3,1.0,-0.5,long_short_balanced_v2,1.305246753111435,154.9101004202547,-0.845918858354906,-0.8339900882218972,0.4017123548322613,1.5429928535342068,184,-0.7760207489591826
astro_momentum_v2,5,3.0,-2.0,long_short_balanced_v2,-0.006314892028094765,154.9101004202547,-0.4902176605583777,-0.8339900882218972,0.05364883525392595,-0.012881812582806275,32,-0.7823377868609858
astro_momentum_v2_smooth,14,1.5,-1.5,long_short_balanced_v2,0.550428453851135,154.9101004202547,-0.7207241817394153,-0.8339900882218972,0.29791624802324773,0.7637158122302987,70,-0.7840480747984236
astro_momentum_v2_smooth,14,1.5,-2.5,long_short_balanced_v2,0.5224429818614831,154.9101004202547,-0.7207241817394157,-0.8339900882218972,0.29071430206285076,0.7248861563110104,63,-0.7890904259633361
astro_momentum_v2,5,2.0,-2.5,long_short_balanced_v2,0.217795624379862,154.9101004202547,-0.5813199233174584,-0.8339900882218972,0.20697250453078742,0.3746570789057989,72,-0.7929207800687542
astro_momentum_v2,5,2.0,-3.0,long_short_balanced_v2,0.217795624379862,154.9101004202547,-0.5813199233174584,-0.8339900882218972,0.20697250453078742,0.3746570789057989,72,-0.7929207800687542
astro_momentum_v2,5,1.5,-2.5,long_short_balanced_v2,0.6193715092127507,154.9101004202547,-0.7427453330608965,-0.8339900882218972,0.3099397439857565,0.8338948514967909,86,-0.8095516789338589
astro_trend_end_score,21,1.5,-0.5,long_short_balanced_v2,-0.020146651714085473,154.9101004202547,-0.5291163912030852,-0.8339900882218972,0.0958100254400248,-0.03807603024407686,24,-0.8170097781916589
astro_trend_end_score,21,1.5,-1.0,long_short_balanced_v2,-0.020146651714085473,154.9101004202547,-0.5291163912030852,-0.8339900882218972,0.0958100254400248,-0.03807603024407686,24,-0.8170097781916589
astro_trend_end_score,21,1.5,-1.5,long_short_balanced_v2,-0.020146651714085473,154.9101004202547,-0.5291163912030852,-0.8339900882218972,0.0958100254400248,-0.03807603024407686,24,-0.8170097781916589
astro_trend_end_score,21,1.5,-2.0,long_short_balanced_v2,-0.020146651714085473,154.9101004202547,-0.5291163912030852,-0.8339900882218972,0.0958100254400248,-0.03807603024407686,24,-0.8170097781916589
astro_trend_end_score,21,1.5,-2.5,long_short_balanced_v2,-0.020146651714085473,154.9101004202547,-0.5291163912030852,-0.8339900882218972,0.0958100254400248,-0.03807603024407686,24,-0.8170097781916589
astro_trend_end_score,8,1.5,-0.5,long_short_balanced_v2,0.03488234196107243,154.9101004202547,-0.5505024513257577,-0.8339900882218972,0.1244886658480584,0.06336455337676768,38,-0.8288205973857379
astro_trend_end_score,8,1.5,-1.0,long_short_balanced_v2,0.03488234196107243,154.9101004202547,-0.5505024513257577,-0.8339900882218972,0.1244886658480584,0.06336455337676768,38,-0.8288205973857379
astro_trend_end_score,8,1.5,-1.5,long_short_balanced_v2,0.03488234196107243,154.9101004202547,-0.5505024513257577,-0.8339900882218972,0.1244886658480584,0.06336455337676768,38,-0.8288205973857379
astro_trend_end_score,8,1.5,-2.0,long_short_balanced_v2,0.03488234196107243,154.9101004202547,-0.5505024513257577,-0.8339900882218972,0.1244886658480584,0.06336455337676768,38,-0.8288205973857379
astro_trend_end_score,8,1.5,-2.5,long_short_balanced_v2,0.03488234196107243,154.9101004202547,-0.5505024513257577,-0.8339900882218972,0.1244886658480584,0.06336455337676768,38,-0.8288205973857379
astro_momentum_v2_smooth,8,1.5,-2.5,long_short_balanced_v2,0.6412523004013415,154.9101004202547,-0.7798642287603598,-0.8339900882218972,0.3090295813136031,0.8222614613580237,76,-0.8413565282230911
astro_momentum_v2_smooth,5,1.5,-2.5,long_short_balanced_v2,0.6043505834686331,154.9101004202547,-0.7621859499957897,-0.8339900882218972,0.30497088446144993,0.7929175071673409,80,-0.8414018947350465
astro_momentum_v2_smooth,3,2.0,-1.0,long_short_balanced_v2,0.15656268618155256,154.9101004202547,-0.5765749986015858,-0.8339900882218972,0.2070761245254617,0.2715391519945831,81,-0.8427554118388116
astro_trend_end_score,14,1.5,-0.5,long_short_balanced_v2,-0.04993407453225207,154.9101004202547,-0.5287427350182071,-0.8339900882218972,0.08526328603223564,-0.09443926360620843,30,-0.8528768631953338
astro_trend_end_score,14,1.5,-1.0,long_short_balanced_v2,-0.04993407453225207,154.9101004202547,-0.5287427350182071,-0.8339900882218972,0.08526328603223564,-0.09443926360620843,30,-0.8528768631953338
astro_trend_end_score,14,1.5,-1.5,long_short_balanced_v2,-0.04993407453225207,154.9101004202547,-0.5287427350182071,-0.8339900882218972,0.08526328603223564,-0.09443926360620843,30,-0.8528768631953338
astro_trend_end_score,14,1.5,-2.0,long_short_balanced_v2,-0.04993407453225207,154.9101004202547,-0.5287427350182071,-0.8339900882218972,0.08526328603223564,-0.09443926360620843,30,-0.8528768631953338
astro_trend_end_score,14,1.5,-2.5,long_short_balanced_v2,-0.04993407453225207,154.9101004202547,-0.5287427350182071,-0.8339900882218972,0.08526328603223564,-0.09443926360620843,30,-0.8528768631953338
astro_momentum_v2_smooth,14,1.5,-2.0,long_short_balanced_v2,0.42572279655643075,154.9101004202547,-0.7207241817394157,-0.8339900882218972,0.27644485262858465,0.5906875436439216,65,-0.8546539838619761
astro_momentum_v2,21,1.5,-1.5,long_short_balanced_v2,0.44085784365507497,154.9101004202547,-0.7234921615420276,-0.8339900882218972,0.2805253820981896,0.609347090527484,69,-0.8569013182717462
astro_momentum_v2,8,1.5,-2.5,long_short_balanced_v2,0.5639692575539557,154.9101004202547,-0.7621740762272791,-0.8339900882218972,0.2985565980386584,0.7399480973501137,82,-0.8706580783892458
astro_momentum_v2,3,1.5,-2.0,long_short_balanced_v2,0.49014737155085264,154.9101004202547,-0.7111579296380668,-0.8339900882218972,0.2935944393858158,0.6892243637082214,108,-0.8804100344958736
astro_momentum_v2_smooth,8,1.5,-1.5,long_short_balanced_v2,0.6196102894061315,154.9101004202547,-0.788869681008505,-0.8339900882218972,0.30930710091069297,0.7854406175352192,83,-0.8826104708195971
astro_trend_end_score,3,1.5,-0.5,long_short_balanced_v2,0.042221369887519344,154.9101004202547,-0.5914499815809994,-0.8339900882218972,0.1284768546116913,0.07138620543136683,46,-0.9008405784742933
astro_trend_end_score,3,1.5,-1.0,long_short_balanced_v2,0.042221369887519344,154.9101004202547,-0.5914499815809994,-0.8339900882218972,0.1284768546116913,0.07138620543136683,46,-0.9008405784742933
astro_trend_end_score,3,1.5,-1.5,long_short_balanced_v2,0.042221369887519344,154.9101004202547,-0.5914499815809994,-0.8339900882218972,0.1284768546116913,0.07138620543136683,46,-0.9008405784742933
astro_trend_end_score,3,1.5,-2.0,long_short_balanced_v2,0.042221369887519344,154.9101004202547,-0.5914499815809994,-0.8339900882218972,0.1284768546116913,0.07138620543136683,46,-0.9008405784742933
astro_trend_end_score,3,1.5,-2.5,long_short_balanced_v2,0.042221369887519344,154.9101004202547,-0.5914499815809994,-0.8339900882218972,0.1284768546116913,0.07138620543136683,46,-0.9008405784742933
astro_trend_end_score,10,1.5,-0.5,long_short_balanced_v2,-0.04663945611895692,154.9101004202547,-0.5592320467866145,-0.8339900882218972,0.09035843479248362,-0.08339911202684185,34,-0.9013763555039838
astro_trend_end_score,10,1.5,-1.0,long_short_balanced_v2,-0.04663945611895692,154.9101004202547,-0.5592320467866145,-0.8339900882218972,0.09035843479248362,-0.08339911202684185,34,-0.9013763555039838
astro_trend_end_score,10,1.5,-1.5,long_short_balanced_v2,-0.04663945611895692,154.9101004202547,-0.5592320467866145,-0.8339900882218972,0.09035843479248362,-0.08339911202684185,34,-0.9013763555039838
astro_trend_end_score,10,1.5,-2.0,long_short_balanced_v2,-0.04663945611895692,154.9101004202547,-0.5592320467866145,-0.8339900882218972,0.09035843479248362,-0.08339911202684185,34,-0.9013763555039838
astro_trend_end_score,10,1.5,-2.5,long_short_balanced_v2,-0.04663945611895692,154.9101004202547,-0.5592320467866145,-0.8339900882218972,0.09035843479248362,-0.08339911202684185,34,-0.9013763555039838
astro_momentum_v2_smooth,10,1.5,-2.5,long_short_balanced_v2,0.4949676506689209,154.9101004202547,-0.7758898420965273,-0.8339900882218972,0.28826607930911463,0.6379354694623554,67,-0.9064509423279977
astro_trend_end_score,30,1.5,-0.5,long_short_balanced_v2,-0.08329622105113244,154.9101004202547,-0.5651477282558904,-0.8339900882218972,0.07025516780890255,-0.14738840286626287,20,-0.9140860721488671
astro_trend_end_score,30,1.5,-1.0,long_short_balanced_v2,-0.08329622105113244,154.9101004202547,-0.5651477282558904,-0.8339900882218972,0.07025516780890255,-0.14738840286626287,20,-0.9140860721488671
astro_trend_end_score,30,1.5,-1.5,long_short_balanced_v2,-0.08329622105113244,154.9101004202547,-0.5651477282558904,-0.8339900882218972,0.07025516780890255,-0.14738840286626287,20,-0.9140860721488671
astro_trend_end_score,30,1.5,-2.0,long_short_balanced_v2,-0.08329622105113244,154.9101004202547,-0.5651477282558904,-0.8339900882218972,0.07025516780890255,-0.14738840286626287,20,-0.9140860721488671
astro_trend_end_score,30,1.5,-2.5,long_short_balanced_v2,-0.08329622105113244,154.9101004202547,-0.5651477282558904,-0.8339900882218972,0.07025516780890255,-0.14738840286626287,20,-0.9140860721488671
astro_momentum_v2,3,1.5,-1.5,long_short_balanced_v2,0.5426337407920416,154.9101004202547,-0.7472081688214172,-0.8339900882218972,0.304233480192979,0.7262149470982713,118,-0.9270857494976674
astro_trend_end_score,30,2.0,-1.0,long_short_balanced_v2,-0.23649473498580154,154.9101004202547,-0.44149001506235974,-0.8339900882218972,-0.1935701891721085,-0.5356740286694752,8,-0.9337463244920186
astro_trend_end_score,30,2.0,-1.5,long_short_balanced_v2,-0.23649473498580154,154.9101004202547,-0.44149001506235974,-0.8339900882218972,-0.1935701891721085,-0.5356740286694752,8,-0.9337463244920186
astro_trend_end_score,30,2.0,-2.0,long_short_balanced_v2,-0.23649473498580154,154.9101004202547,-0.44149001506235974,-0.8339900882218972,-0.1935701891721085,-0.5356740286694752,8,-0.9337463244920186
astro_trend_end_score,30,2.0,-2.5,long_short_balanced_v2,-0.23649473498580154,154.9101004202547,-0.44149001506235974,-0.8339900882218972,-0.1935701891721085,-0.5356740286694752,8,-0.9337463244920186
astro_trend_end_score,30,2.0,-3.0,long_short_balanced_v2,-0.23649473498580154,154.9101004202547,-0.44149001506235974,-0.8339900882218972,-0.1935701891721085,-0.5356740286694752,8,-0.9337463244920186
astro_momentum_v2_smooth,8,1.5,-2.0,long_short_balanced_v2,0.4991198292767467,154.9101004202547,-0.7798642287603598,-0.8339900882218972,0.2896899496605593,0.6400086205647965,80,-0.9361826903803326
astro_momentum_v2_smooth,5,1.5,-1.5,long_short_balanced_v2,0.4798272241022423,154.9101004202547,-0.7621859499957899,-0.8339900882218972,0.2916373091914551,0.6295408936689173,93,-0.9427676553526465
astro_momentum_v2,21,1.0,-0.5,long_short_balanced_v2,0.763722112989937,154.9101004202547,-0.8653095601777985,-0.8339900882218972,0.36234380357734175,0.8825998788607075,98,-0.9433902091666384
astro_momentum_v2_smooth,3,1.5,-2.5,long_short_balanced_v2,0.5177532845232837,154.9101004202547,-0.794116554259833,-0.8339900882218972,0.2957172634681238,0.6519865147577268,82,-0.9511646376939694
astro_momentum_v2,10,1.5,-1.5,long_short_balanced_v2,0.43043904075142736,154.9101004202547,-0.7566298493975778,-0.8339900882218972,0.28313512517993383,0.5688898489719104,90,-0.9587810420045828
astro_momentum_v2_smooth,14,1.5,-1.0,long_short_balanced_v2,0.2861790063194414,154.9101004202547,-0.720724181739416,-0.8339900882218972,0.26378651726832847,0.3970714644661553,82,-0.9743036709127291
astro_momentum_v2,5,1.5,-1.5,long_short_balanced_v2,0.4550533306510487,154.9101004202547,-0.7650080105205169,-0.8339900882218972,0.29160499200531775,0.5948347264251875,100,-0.9753870744982962
astro_momentum_v2,10,1.5,-2.0,long_short_balanced_v2,0.386201535821624,154.9101004202547,-0.7566298493975778,-0.8339900882218972,0.2737523671126948,0.5104233412534733,84,-0.975498698254107
astro_momentum_v2_smooth,10,1.5,-2.0,long_short_balanced_v2,0.37888581636591545,154.9101004202547,-0.7758898420965273,-0.8339900882218972,0.27095450843877533,0.4883242385827998,69,-0.9821223671429462
astro_momentum_v2,3,2.0,-2.5,long_short_balanced_v2,0.07291905554612632,154.9101004202547,-0.6191609895610313,-0.8339900882218972,0.16911707288168895,0.11777075231729957,88,-0.9916647880615734
astro_momentum_v2,3,2.0,-3.0,long_short_balanced_v2,0.07291905554612632,154.9101004202547,-0.6191609895610313,-0.8339900882218972,0.16911707288168895,0.11777075231729957,88,-0.9916647880615734
astro_momentum_v2_smooth,10,1.5,-1.5,long_short_balanced_v2,0.39736048481090824,154.9101004202547,-0.7837128173917464,-0.8339900882218972,0.277669702519425,0.5070230778327105,76,-0.995888584070035
astro_momentum_v2_smooth,8,1.5,-1.0,long_short_balanced_v2,0.45958754017506775,154.9101004202547,-0.7972625724159204,-0.8339900882218972,0.29142785646292585,0.5764569366179999,95,-1.0161550666625898
astro_momentum_v2_smooth,14,1.0,-0.5,long_short_balanced_v2,0.6262505852163773,154.9101004202547,-0.8681164551964442,-0.8339900882218972,0.34793186864711445,0.7213900640492575,96,-1.0228487469610559
astro_momentum_v2_smooth,3,1.5,-1.5,long_short_balanced_v2,0.48427254310767953,154.9101004202547,-0.8104591482697242,-0.8339900882218972,0.29510102366595,0.5975286282369306,95,-1.0228608243585162
astro_momentum_v2,5,1.5,-2.0,long_short_balanced_v2,0.26975640187722827,154.9101004202547,-0.7427453330608964,-0.8339900882218972,0.26003076882371495,0.3631882825376318,92,-1.0405411149911639
astro_momentum_v2_smooth,10,1.5,-1.0,long_short_balanced_v2,0.3392695476874097,154.9101004202547,-0.7828203393952281,-0.8339900882218972,0.2730600871248217,0.43339388441224475,86,-1.0485468330542416
astro_momentum_v2,5,2.0,-1.5,long_short_balanced_v2,0.09422548761995819,154.9101004202547,-0.6720478994919097,-0.8339900882218972,0.18177407169983106,0.14020650565412934,86,-1.0510532731411188
astro_momentum_v2_smooth,5,1.5,-2.0,long_short_balanced_v2,0.2609763189403813,154.9101004202547,-0.7621859499957897,-0.8339900882218972,0.2543464001950184,0.3424050508170912,84,-1.0627664590701444
astro_momentum_v2,5,2.0,-2.0,long_short_balanced_v2,-0.04512103526747946,154.9101004202547,-0.6344489945752676,-0.8339900882218972,0.1348957071272994,-0.07111845972375726,78,-1.0814752115369768
astro_momentum_v2,8,1.5,-2.0,long_short_balanced_v2,0.2141329154428071,154.9101004202547,-0.7621740762272791,-0.8339900882218972,0.24471521162432966,0.28095014265343893,86,-1.0969451265276569
astro_momentum_v2_smooth,5,1.0,-0.5,long_short_balanced_v2,0.4709846401066635,154.9101004202547,-0.8334323902007547,-0.8339900882218972,0.3292364404277458,0.5651143939740741,124,-1.1121357383032198
astro_momentum_v2,10,1.5,-1.0,long_short_balanced_v2,0.19684449009790495,154.9101004202547,-0.7566298493975778,-0.8339900882218972,0.2515479779931469,0.2601595618447129,101,-1.125240323500794
astro_momentum_v2,10,1.0,-0.5,long_short_balanced_v2,0.5105984644195944,154.9101004202547,-0.8641614046347574,-0.8339900882218972,0.3343477473117643,0.5908600658176834,122,-1.1351514555380153
astro_momentum_v2,8,1.5,-1.5,long_short_balanced_v2,0.21160155693537575,154.9101004202547,-0.792154964546913,-0.8339900882218972,0.2479669207847653,0.26712141740651085,94,-1.1601409279445485
astro_momentum_v2_smooth,3,1.0,-0.5,long_short_balanced_v2,0.49093890197620005,154.9101004202547,-0.8547994791804783,-0.8339900882218972,0.33145463304460865,0.5743322427464249,140,-1.167469246410729
astro_momentum_v2_smooth,3,1.5,-2.0,long_short_balanced_v2,0.16128592945847275,154.9101004202547,-0.7941165542598331,-0.8339900882218972,0.24053630352695538,0.20310107954971604,88,-1.1819543152314824
astro_momentum_v2_smooth,21,1.5,-0.5,long_short_balanced_v2,-0.04365632845433831,154.9101004202547,-0.732544211076137,-0.8339900882218972,0.219412661975,-0.05959548624403899,74,-1.1840672476093148
astro_momentum_v2,3,2.0,-2.0,long_short_balanced_v2,-0.1236930584173922,154.9101004202547,-0.6485546518341856,-0.8339900882218972,0.11037118787326011,-0.19072110278998738,96,-1.1959356406851895
astro_momentum_v2_smooth,10,1.0,-0.5,long_short_balanced_v2,0.3218620300854156,154.9101004202547,-0.8745001206878071,-0.8339900882218972,0.3151254916823899,0.36805258509543304,114,-1.2435308583140434
astro_momentum_v2,3,2.0,-1.5,long_short_balanced_v2,-0.0928275409641478,154.9101004202547,-0.6908965171733119,-0.8339900882218972,0.13094039641926744,-0.1343580965553803,106,-1.2506884987925813
astro_momentum_v2_smooth,5,1.5,-1.0,long_short_balanced_v2,-0.010915899294204556,154.9101004202547,-0.7621859499957901,-0.8339900882218972,0.21530533116111958,-0.014321832217275652,103,-1.2692959287609538
astro_momentum_v2,8,1.5,-1.0,long_short_balanced_v2,-0.007310648953725685,154.9101004202547,-0.7660847158225105,-0.8339900882218972,0.21402443091816692,-0.009542872743357857,105,-1.2776190706012882
astro_momentum_v2,8,1.0,-0.5,long_short_balanced_v2,0.3277213470246665,154.9101004202547,-0.8881461063618465,-0.8339900882218972,0.31380174756366475,0.36899485870306453,128,-1.2905830846692912
astro_momentum_v2_smooth,8,1.0,-0.5,long_short_balanced_v2,0.23596615844754298,154.9101004202547,-0.868010700446497,-0.8339900882218972,0.30204884230191453,0.27184706170806894,118,-1.2920372538731029
astro_momentum_v2,5,1.5,-1.0,long_short_balanced_v2,-0.10689918330130943,154.9101004202547,-0.7546995589022851,-0.8339900882218972,0.20053998211203633,-0.1416446876645786,113,-1.3382320380319217
astro_momentum_v2,5,2.0,-1.0,long_short_balanced_v2,-0.3283726059658275,154.9101004202547,-0.6847831885253386,-0.8339900882218972,0.05934752543726243,-0.47952784394863535,99,-1.3958531231925781
astro_momentum_v2,14,1.5,-0.5,long_short_balanced_v2,-0.17673213821204958,154.9101004202547,-0.7982075525275649,-0.8339900882218972,0.19695714708021933,-0.2214112578268876,98,-1.411830362988252
astro_momentum_v2_smooth,3,1.5,-1.0,long_short_balanced_v2,-0.14227923012976595,154.9101004202547,-0.8005219689132872,-0.8339900882218972,0.19217673657250756,-0.17773307373801467,105,-1.4121426425274604
astro_momentum_v2,3,1.5,-1.0,long_short_balanced_v2,-0.18252641961790006,154.9101004202547,-0.7471648407792667,-0.8339900882218972,0.18736763941693374,-0.244292035245571,133,-1.4154165383366106
astro_momentum_v2_smooth,14,1.5,-0.5,long_short_balanced_v2,-0.38226524239089754,154.9101004202547,-0.7820641097100245,-0.8339900882218972,0.1385512006188152,-0.48879016137517767,90,-1.5101132893098155
astro_momentum_v2,21,1.5,-0.5,long_short_balanced_v2,-0.4173771549548849,154.9101004202547,-0.7783794334238253,-0.8339900882218972,0.12506830286102608,-0.5362129792137305,88,-1.525997571320539
astro_momentum_v2,10,1.5,-0.5,long_short_balanced_v2,-0.34643912407769095,154.9101004202547,-0.840144227613462,-0.8339900882218972,0.15546413985505134,-0.4123567272036088,111,-1.6064337681422014
astro_momentum_v2_smooth,5,1.5,-0.5,long_short_balanced_v2,-0.42696981577880555,154.9101004202547,-0.8354236240251032,-0.8339900882218972,0.13116438342281192,-0.511081807480675,115,-1.6609769888983066
astro_momentum_v2_smooth,8,1.5,-0.5,long_short_balanced_v2,-0.3964943935990475,154.9101004202547,-0.8648765889189802,-0.8339900882218972,0.14144204899281146,-0.4584404280090766,107,-1.6653744674628754
astro_momentum_v2_smooth,10,1.5,-0.5,long_short_balanced_v2,-0.46582502156537653,154.9101004202547,-0.8557899458929589,-0.8339900882218972,0.11757746254611977,-0.5443216805723508,98,-1.6812657764050736
astro_momentum_v2,3,2.0,-1.0,long_short_balanced_v2,-0.5192705186577089,154.9101004202547,-0.7618165634201927,-0.8339900882218972,-0.019286916927601008,-0.681621460586827,121,-1.6845450596160074
astro_momentum_v2,3,1.5,-0.5,long_short_balanced_v2,-0.3717362596163263,154.9101004202547,-0.8607571992875089,-0.8339900882218972,0.15488479827110666,-0.43187121748622104,157,-1.741077001004963
astro_momentum_v2,5,1.5,-0.5,long_short_balanced_v2,-0.5153705064124536,154.9101004202547,-0.8706646270431598,-0.8339900882218972,0.10645026790581094,-0.5919276956991916,133,-1.8024135244659898
astro_momentum_v2,8,1.5,-0.5,long_short_balanced_v2,-0.5633522947703451,154.9101004202547,-0.8710668589410577,-0.8339900882218972,0.08069845859197629,-0.6467382945267871,119,-1.810674252311257
astro_momentum_v2_smooth,3,1.5,-0.5,long_short_balanced_v2,-0.5651721408825172,154.9101004202547,-0.8799893286253687,-0.8339900882218972,0.0870846289089602,-0.64224885745532,125,-1.8331515551302882
