feature_set,horizon_days,min_hold_days,regime_filter_mode,trend_confirmation_mode,volatility_filter_mode,reversal_filter_mode,long_probability_threshold,short_probability_threshold,threshold_source,signal_quality_entry_threshold,total_return,max_drawdown,sharpe_like,return_drawdown_ratio,balanced_score,number_of_trades,long_signal_days,short_signal_days,flat_signal_days,avg_signal_quality_score,abs_avg_signal_quality_score,avg_ml_quality_component,avg_momentum_quality_component,avg_trend_quality_component,avg_regime_quality_component,avg_reversal_penalty_component,avg_volatility_penalty_component,avg_compression_penalty_component,prediction_start,prediction_end,overall_rank,rank_within_horizon
selected_features,7,14,none,soft,soft,soft,0.52,0.35,tuned,1.15,1474.1596402038488,-0.643765237537166,1.6855852635291677,2289.902520744206,899.7396445053096,137,1957,140,1413,1.4947829573225853,1.8604477485933963,0.8761898916193999,0.5527404912945786,0.5052866882426248,0.06941595441595441,0.703149151758622,0.7175559770505242,0.5368690820054131,2016-10-06,2026-05-16,1,1
selected_features,90,14,strict,strict,none,none,0.52,0.35,tuned,1.15,1140.8785912211463,-0.836018609585385,1.4715621963337218,1364.656932441915,614.4189873614619,123,2527,528,455,2.3926158013234358,2.985619604398451,1.143048567768042,0.5527404912945786,0.5052866882426248,0.06941595441595441,0.703149151758622,0.7175559770505242,0.5368690820054131,2016-10-06,2026-05-16,2,1
selected_features,7,14,none,none,soft,none,0.52,0.35,tuned,1.15,989.4064603175531,-0.676740165345044,1.5919028384346279,1462.0182323788813,588.648825357813,144,1965,206,1339,1.4482933926847896,1.8208995978461262,0.8761898916193999,0.5527404912945786,0.5052866882426248,0.06941595441595441,0.703149151758622,0.7175559770505242,0.5368690820054131,2016-10-06,2026-05-16,3,2
selected_features,7,14,none,soft,none,soft,0.52,0.35,tuned,1.15,974.3315595165941,-0.6615102747553048,1.5892977638062076,1472.8895327846617,586.3187407857986,144,2011,169,1330,1.6058232372133003,1.9568390301481968,0.8761898916193999,0.5527404912945786,0.5052866882426248,0.06941595441595441,0.703149151758622,0.7175559770505242,0.5368690820054131,2016-10-06,2026-05-16,4,3
selected_features,7,14,none,none,none,soft,0.52,0.35,tuned,1.15,979.2617157194826,-0.6800890359304461,1.6138308296248312,1439.902224537014,581.1956891187032,139,1949,177,1384,1.43070689640107,1.7781682512214443,0.8761898916193999,0.5527404912945786,0.5052866882426248,0.06941595441595441,0.703149151758622,0.7175559770505242,0.5368690820054131,2016-10-06,2026-05-16,5,4
selected_features,90,14,none,strict,none,none,0.52,0.35,tuned,1.15,1071.6687407168563,-0.8530003904999366,1.4767593739588012,1256.3519930966972,571.9936361271571,114,2461,487,562,2.337207623420738,2.9121706551762294,1.143048567768042,0.5527404912945786,0.5052866882426248,0.06941595441595441,0.703149151758622,0.7175559770505242,0.5368690820054131,2016-10-06,2026-05-16,6,2
selected_features,7,7,none,none,none,none,0.52,0.35,tuned,1.15,888.6473742994318,-0.5969551229478703,1.5953313087737213,1488.6334669700686,563.7930777382293,170,1871,207,1432,1.514573024701901,1.9775483874304174,0.8761898916193999,0.5527404912945786,0.5052866882426248,0.06941595441595441,0.703149151758622,0.7175559770505242,0.5368690820054131,2016-10-06,2026-05-16,7,5
selected_features,7,14,none,soft,soft,none,0.52,0.35,tuned,1.15,876.0433525464384,-0.6263980269607161,1.5413837862773896,1398.54104713101,541.9737019816297,152,2011,247,1252,1.6230547736769263,2.0015987848293473,0.8761898916193999,0.5527404912945786,0.5052866882426248,0.06941595441595441,0.703149151758622,0.7175559770505242,0.5368690820054131,2016-10-06,2026-05-16,8,6
selected_features,90,14,none,strict,none,soft,0.52,0.35,tuned,1.15,1011.4707117914954,-0.8790436106364075,1.4700723618011762,1150.6490685475933,532.7507480603022,118,2383,434,693,2.1948822910849657,2.658900959365034,1.143048567768042,0.5527404912945786,0.5052866882426248,0.06941595441595441,0.703149151758622,0.7175559770505242,0.5368690820054131,2016-10-06,2026-05-16,9,3
selected_features,90,14,soft,soft,soft,none,0.52,0.35,tuned,1.15,995.1716440688128,-0.8530254237937073,1.471508400663751,1166.6377300255963,531.0897853862533,119,2334,450,726,2.002036621311124,2.5512210126844974,1.143048567768042,0.5527404912945786,0.5052866882426248,0.06941595441595441,0.703149151758622,0.7175559770505242,0.5368690820054131,2016-10-06,2026-05-16,10,4
selected_features,7,7,soft,none,none,none,0.52,0.35,tuned,1.15,834.1941510664775,-0.5936473235146495,1.5609174615830672,1405.2015700629904,530.7148212897021,194,1904,234,1372,1.5390536286059762,2.0202108543441826,0.8761898916193999,0.5527404912945786,0.5052866882426248,0.06941595441595441,0.703149151758622,0.7175559770505242,0.5368690820054131,2016-10-06,2026-05-16,11,7
selected_features,7,3,strict,none,none,none,0.52,0.35,tuned,1.15,785.8499364565251,-0.5462571010810124,1.5563742022910618,1438.6081845002504,522.8645274314582,237,1850,241,1419,1.5708381366488766,2.082356080639114,0.8761898916193999,0.5527404912945786,0.5052866882426248,0.06941595441595441,0.703149151758622,0.7175559770505242,0.5368690820054131,2016-10-06,2026-05-16,12,8
selected_features,7,14,none,none,none,none,0.52,0.35,tuned,1.15,813.979437013345,-0.6164578543127825,1.5343833986981084,1320.4137660323208,507.755046182121,144,2020,252,1238,1.514573024701901,1.9775483874304174,0.8761898916193999,0.5527404912945786,0.5052866882426248,0.06941595441595441,0.703149151758622,0.7175559770505242,0.5368690820054131,2016-10-06,2026-05-16,13,9
selected_features,90,14,soft,none,none,soft,0.52,0.35,tuned,1.15,915.7022572205796,-0.8462364767784586,1.4637417277367892,1082.087906097561,490.3327723944209,125,2263,497,750,1.8109530149141642,2.3629083649993587,1.143048567768042,0.5527404912945786,0.5052866882426248,0.06941595441595441,0.703149151758622,0.7175559770505242,0.5368690820054131,2016-10-06,2026-05-16,14,5
selected_features,7,14,soft,none,none,soft,0.52,0.35,tuned,1.15,774.6155418698963,-0.6295148810917695,1.5569951043368344,1230.4959980079873,477.9559168477195,143,1953,177,1380,1.45583593108758,1.815322736410154,0.8761898916193999,0.5527404912945786,0.5052866882426248,0.06941595441595441,0.703149151758622,0.7175559770505242,0.5368690820054131,2016-10-06,2026-05-16,15,10
selected_features,7,14,strict,none,none,none,0.52,0.35,tuned,1.15,756.2077630592761,-0.6041126840656998,1.48625477126762,1251.766074451493,476.652592122943,164,2076,344,1090,1.5708381366488766,2.082356080639114,0.8761898916193999,0.5527404912945786,0.5052866882426248,0.06941595441595441,0.703149151758622,0.7175559770505242,0.5368690820054131,2016-10-06,2026-05-16,16,11
selected_features,90,14,soft,strict,none,soft,0.52,0.35,tuned,1.15,891.977108275198,-0.875340301214476,1.4490924143449826,1019.0061020127139,470.55935985360486,124,2390,434,686,2.219085139302637,2.6879256763424206,1.143048567768042,0.5527404912945786,0.5052866882426248,0.06941595441595441,0.703149151758622,0.7175559770505242,0.5368690820054131,2016-10-06,2026-05-16,17,6
selected_features,7,7,strict,none,none,none,0.52,0.35,tuned,1.15,714.6627311062514,-0.5641140464590699,1.5113647214405526,1266.8763268565494,467.18991979761563,204,1960,276,1274,1.5708381366488766,2.082356080639114,0.8761898916193999,0.5527404912945786,0.5052866882426248,0.06941595441595441,0.703149151758622,0.7175559770505242,0.5368690820054131,2016-10-06,2026-05-16,18,12
selected_features,7,14,soft,none,none,none,0.52,0.35,tuned,1.15,728.253493140181,-0.5936319604262223,1.4952137732286035,1226.7760863436356,463.3025500808787,155,2016,303,1191,1.5390536286059762,2.0202108543441826,0.8761898916193999,0.5527404912945786,0.5052866882426248,0.06941595441595441,0.703149151758622,0.7175559770505242,0.5368690820054131,2016-10-06,2026-05-16,19,13
selected_features,90,14,soft,strict,soft,none,0.52,0.35,tuned,1.15,855.3245503248288,-0.8617103895734056,1.4391546266708077,992.5893440234158,454.30380003449983,119,2388,459,663,2.235029254941954,2.745816223117801,1.143048567768042,0.5527404912945786,0.5052866882426248,0.06941595441595441,0.703149151758622,0.7175559770505242,0.5368690820054131,2016-10-06,2026-05-16,20,7
selected_features,90,14,none,soft,none,none,0.52,0.35,tuned,1.15,823.567530327926,-0.859908823589914,1.4383700636307495,957.7382016964638,437.8204429304539,113,2327,537,646,2.0884219400544572,2.7096758939139756,1.143048567768042,0.5527404912945786,0.5052866882426248,0.06941595441595441,0.703149151758622,0.7175559770505242,0.5368690820054131,2016-10-06,2026-05-16,21,8
selected_features,90,14,strict,none,none,none,0.52,0.35,tuned,1.15,814.8438445042015,-0.8458096023754635,1.4300359833246652,963.3892098360027,436.3262459096553,124,2323,597,590,1.9237176813637211,2.620689849689186,1.143048567768042,0.5527404912945786,0.5052866882426248,0.06941595441595441,0.703149151758622,0.7175559770505242,0.5368690820054131,2016-10-06,2026-05-16,22,9
selected_features,90,14,none,soft,none,soft,0.52,0.35,tuned,1.15,791.2290826073184,-0.8650422417244216,1.4461556418836465,914.6710350584036,419.50178346638006,113,2271,425,814,1.967611750363322,2.4743884828719582,1.143048567768042,0.5527404912945786,0.5052866882426248,0.06941595441595441,0.703149151758622,0.7175559770505242,0.5368690820054131,2016-10-06,2026-05-16,23,10
selected_features,90,14,strict,none,soft,soft,0.52,0.35,tuned,1.15,772.9577443067262,-0.851864686862134,1.4383131306029686,907.3715065639549,412.5682033419422,116,2263,444,803,1.7654992653324926,2.2654251532824734,1.143048567768042,0.5527404912945786,0.5052866882426248,0.06941595441595441,0.703149151758622,0.7175559770505242,0.5368690820054131,2016-10-06,2026-05-16,24,11
selected_features,90,14,none,strict,soft,soft,0.52,0.35,tuned,1.15,768.6069361114163,-0.8739633345571494,1.439602254984024,879.4498644509855,405.64746034467,118,2326,372,812,2.068939566442264,2.5013507503201504,1.143048567768042,0.5527404912945786,0.5052866882426248,0.06941595441595441,0.703149151758622,0.7175559770505242,0.5368690820054131,2016-10-06,2026-05-16,25,12
selected_features,90,14,soft,none,soft,soft,0.52,0.35,tuned,1.15,755.3415261256026,-0.8708714608585049,1.4365532830607937,867.339854472883,399.2526330552555,116,2255,434,821,1.7382054455662328,2.2318996735568377,1.143048567768042,0.5527404912945786,0.5052866882426248,0.06941595441595441,0.703149151758622,0.7175559770505242,0.5368690820054131,2016-10-06,2026-05-16,26,13
selected_features,90,14,soft,strict,soft,soft,0.52,0.35,tuned,1.15,753.9321145604653,-0.8725363129782586,1.4333739120780933,864.0696133173443,398.15656750961296,124,2355,375,780,2.0927306866872057,2.5299161010342535,1.143048567768042,0.5527404912945786,0.5052866882426248,0.06941595441595441,0.703149151758622,0.7175559770505242,0.5368690820054131,2016-10-06,2026-05-16,27,14
selected_features,7,7,soft,none,none,soft,0.52,0.35,tuned,1.15,611.2350622811787,-0.5722510804600776,1.5457260987709236,1068.123911255456,396.4989912194395,161,1812,138,1560,1.45583593108758,1.815322736410154,0.8761898916193999,0.5527404912945786,0.5052866882426248,0.06941595441595441,0.703149151758622,0.7175559770505242,0.5368690820054131,2016-10-06,2026-05-16,28,14
selected_features,7,7,none,none,none,soft,0.52,0.35,tuned,1.15,633.7449297660501,-0.6141284793996449,1.561617123640142,1031.941932387799,395.97877080139926,156,1800,137,1573,1.43070689640107,1.7781682512214443,0.8761898916193999,0.5527404912945786,0.5052866882426248,0.06941595441595441,0.703149151758622,0.7175559770505242,0.5368690820054131,2016-10-06,2026-05-16,29,15
selected_features,7,3,none,none,none,soft,0.52,0.35,tuned,1.15,638.8778056473099,-0.6324246472127653,1.5842780293096894,1010.2038376634831,393.0980757281321,185,1722,112,1676,1.43070689640107,1.7781682512214443,0.8761898916193999,0.5527404912945786,0.5052866882426248,0.06941595441595441,0.703149151758622,0.7175559770505242,0.5368690820054131,2016-10-06,2026-05-16,30,16
selected_features,7,14,none,soft,none,none,0.52,0.35,tuned,1.15,619.7199944034895,-0.6049308687491305,1.4663177225381931,1024.447629338109,390.2605718056206,151,2106,307,1097,1.7340950535676414,2.1620401103536597,0.8761898916193999,0.5527404912945786,0.5052866882426248,0.06941595441595441,0.703149151758622,0.7175559770505242,0.5368690820054131,2016-10-06,2026-05-16,31,17
selected_features,90,14,none,strict,soft,none,0.52,0.35,tuned,1.15,728.3025128120179,-0.8790436106364075,1.4130025303860017,828.5169290801665,383.35588603197823,117,2391,450,669,2.2112648987780372,2.7154803272161394,1.143048567768042,0.5527404912945786,0.5052866882426248,0.06941595441595441,0.703149151758622,0.7175559770505242,0.5368690820054131,2016-10-06,2026-05-16,32,15
selected_features,90,14,strict,soft,none,none,0.52,0.35,tuned,1.15,714.2386376565457,-0.8471397177077626,1.40383232876977,843.1178738604914,382.07158273699673,128,2404,587,519,2.140969399816495,2.773077606630561,1.143048567768042,0.5527404912945786,0.5052866882426248,0.06941595441595441,0.703149151758622,0.7175559770505242,0.5368690820054131,2016-10-06,2026-05-16,33,16
selected_features,7,3,none,none,soft,none,0.52,0.35,tuned,1.15,653.6392462565472,-0.7071182132331342,1.5802335265667027,924.3705423283233,380.2650663103858,185,1730,124,1656,1.4482933926847896,1.8208995978461262,0.8761898916193999,0.5527404912945786,0.5052866882426248,0.06941595441595441,0.703149151758622,0.7175559770505242,0.5368690820054131,2016-10-06,2026-05-16,34,18
selected_features,90,14,soft,soft,none,none,0.52,0.35,tuned,1.15,709.8781217494662,-0.8512097443987319,1.4069276467380925,833.9638102368084,378.93861106806145,123,2354,568,588,2.110619292481225,2.734572655717896,1.143048567768042,0.5527404912945786,0.5052866882426248,0.06941595441595441,0.703149151758622,0.7175559770505242,0.5368690820054131,2016-10-06,2026-05-16,35,17
selected_features,90,14,strict,none,none,soft,0.52,0.35,tuned,1.15,711.1174492254083,-0.8547777075932458,1.4134844438878922,831.9326099737272,378.9000041832372,124,2317,533,660,1.838487669436594,2.39743474232216,1.143048567768042,0.5527404912945786,0.5052866882426248,0.06941595441595441,0.703149151758622,0.7175559770505242,0.5368690820054131,2016-10-06,2026-05-16,36,18
selected_features,7,14,soft,none,soft,none,0.52,0.35,tuned,1.15,608.3652160953326,-0.6281456350630417,1.486937525705234,968.5098202334497,375.64277496545776,152,1992,228,1290,1.471510831552307,1.859116135624853,0.8761898916193999,0.5527404912945786,0.5052866882426248,0.06941595441595441,0.703149151758622,0.7175559770505242,0.5368690820054131,2016-10-06,2026-05-16,37,19
selected_features,90,14,soft,soft,none,soft,0.52,0.35,tuned,1.15,684.3330079220034,-0.8537422619225565,1.417068949063625,801.5686214021342,364.8124229617969,115,2302,445,763,1.9868849755428137,2.498721509651274,1.143048567768042,0.5527404912945786,0.5052866882426248,0.06941595441595441,0.703149151758622,0.7175559770505242,0.5368690820054131,2016-10-06,2026-05-16,38,19
selected_features,90,14,none,soft,soft,none,0.52,0.35,tuned,1.15,657.8380916715771,-0.8577249129916165,1.4081340919744936,766.9569598685621,349.931510266137,116,2315,446,749,1.9818849332323754,2.526226200370472,1.143048567768042,0.5527404912945786,0.5052866882426248,0.06941595441595441,0.703149151758622,0.7175559770505242,0.5368690820054131,2016-10-06,2026-05-16,39,20
selected_features,7,7,none,soft,none,soft,0.52,0.35,tuned,1.15,549.2473766995663,-0.6142704671347117,1.5151757918595192,894.1458300307875,343.03385245925983,166,1855,139,1516,1.6058232372133003,1.9568390301481968,0.8761898916193999,0.5527404912945786,0.5052866882426248,0.06941595441595441,0.703149151758622,0.7175559770505242,0.5368690820054131,2016-10-06,2026-05-16,40,20
selected_features,7,3,none,none,none,none,0.52,0.35,tuned,1.15,566.9877881737893,-0.6798252919160708,1.5356070028509472,834.019850270278,336.1859873422951,201,1775,175,1560,1.514573024701901,1.9775483874304174,0.8761898916193999,0.5527404912945786,0.5052866882426248,0.06941595441595441,0.703149151758622,0.7175559770505242,0.5368690820054131,2016-10-06,2026-05-16,41,21
selected_features,90,14,strict,none,soft,none,0.52,0.35,tuned,1.15,630.1455341109966,-0.8545584183006822,1.389739064364992,737.3931619140349,335.69250326575786,124,2318,559,633,1.8507292772596198,2.450190096274269,1.143048567768042,0.5527404912945786,0.5052866882426248,0.06941595441595441,0.703149151758622,0.7175559770505242,0.5368690820054131,2016-10-06,2026-05-16,42,21
selected_features,90,14,none,soft,soft,soft,0.52,0.35,tuned,1.15,634.8273039651971,-0.8816760277556787,1.4101498342390257,720.0233237384947,333.6143133445471,115,2250,401,859,1.8610747435412396,2.34104093556031,1.143048567768042,0.5527404912945786,0.5052866882426248,0.06941595441595441,0.703149151758622,0.7175559770505242,0.5368690820054131,2016-10-06,2026-05-16,43,22
selected_features,7,7,none,none,soft,soft,0.52,0.35,tuned,1.15,535.1279942699697,-0.6494203013402167,1.5403856185144618,824.0087246512304,324.77750280104175,145,1763,98,1649,1.3644272643839588,1.7054467079800826,0.8761898916193999,0.5527404912945786,0.5052866882426248,0.06941595441595441,0.703149151758622,0.7175559770505242,0.5368690820054131,2016-10-06,2026-05-16,44,22
selected_features,90,14,soft,soft,soft,soft,0.52,0.35,tuned,1.15,604.3499328714643,-0.8623078180169993,1.3987728153778674,700.8517379110093,320.6550131565021,116,2276,421,813,1.8783023043727125,2.366907477282953,1.143048567768042,0.5527404912945786,0.5052866882426248,0.06941595441595441,0.703149151758622,0.7175559770505242,0.5368690820054131,2016-10-06,2026-05-16,45,23
selected_features,7,7,none,soft,soft,soft,0.52,0.35,tuned,1.15,509.4679393225338,-0.6165939577178579,1.5186948447285347,826.2616474676145,317.5435120387907,155,1815,109,1586,1.4947829573225853,1.8604477485933963,0.8761898916193999,0.5527404912945786,0.5052866882426248,0.06941595441595441,0.703149151758622,0.7175559770505242,0.5368690820054131,2016-10-06,2026-05-16,46,23
selected_features,90,7,none,strict,none,soft,0.52,0.35,tuned,1.15,601.4348458241822,-0.8727672545273584,1.3925160416573654,689.1125242203151,317.3573801377386,146,2335,373,802,2.1948822910849657,2.658900959365034,1.143048567768042,0.5527404912945786,0.5052866882426248,0.06941595441595441,0.703149151758622,0.7175559770505242,0.5368690820054131,2016-10-06,2026-05-16,47,24
selected_features,7,7,strict,none,soft,none,0.52,0.35,tuned,1.15,482.20396381698316,-0.560249150068499,1.4627221601461222,860.695574028138,316.23994526918807,186,1865,217,1428,1.5048118566440982,1.9158833409922533,0.8761898916193999,0.5527404912945786,0.5052866882426248,0.06941595441595441,0.703149151758622,0.7175559770505242,0.5368690820054131,2016-10-06,2026-05-16,48,24
selected_features,90,7,none,soft,none,none,0.52,0.35,tuned,1.15,595.1168724363474,-0.8602457314592669,1.3895988105218369,691.7986927140324,316.0318526930693,137,2274,485,751,2.0884219400544572,2.7096758939139756,1.143048567768042,0.5527404912945786,0.5052866882426248,0.06941595441595441,0.703149151758622,0.7175559770505242,0.5368690820054131,2016-10-06,2026-05-16,49,25
selected_features,7,7,none,soft,soft,none,0.52,0.35,tuned,1.15,469.67916464806746,-0.5706701977755084,1.4624670569469609,823.0308266997166,304.95644045707564,176,1868,195,1447,1.6230547736769263,2.0015987848293473,0.8761898916193999,0.5527404912945786,0.5052866882426248,0.06941595441595441,0.703149151758622,0.7175559770505242,0.5368690820054131,2016-10-06,2026-05-16,50,25
selected_features,7,3,none,soft,soft,soft,0.52,0.35,tuned,1.15,471.61204847549027,-0.5944679033148158,1.5259769390704248,793.3347550737924,299.5795726069367,181,1719,96,1695,1.4947829573225853,1.8604477485933963,0.8761898916193999,0.5527404912945786,0.5052866882426248,0.06941595441595441,0.703149151758622,0.7175559770505242,0.5368690820054131,2016-10-06,2026-05-16,51,26
selected_features,7,14,none,none,soft,soft,0.52,0.35,tuned,1.15,504.7276335922645,-0.6793455031439753,1.502109814695401,742.9616171100147,299.4351700558957,126,1875,120,1515,1.3644272643839588,1.7054467079800826,0.8761898916193999,0.5527404912945786,0.5052866882426248,0.06941595441595441,0.703149151758622,0.7175559770505242,0.5368690820054131,2016-10-06,2026-05-16,52,27
selected_features,7,7,none,soft,none,none,0.52,0.35,tuned,1.15,474.61943654085167,-0.6145253635018979,1.4496821694421647,772.3349835980949,296.22005973680183,186,1965,252,1293,1.7340950535676414,2.1620401103536597,0.8761898916193999,0.5527404912945786,0.5052866882426248,0.06941595441595441,0.703149151758622,0.7175559770505242,0.5368690820054131,2016-10-06,2026-05-16,53,28
selected_features,7,3,soft,none,none,soft,0.52,0.35,tuned,1.15,477.54680376497953,-0.627267831875044,1.5198534533750319,761.3124402338395,294.9003930950992,187,1724,115,1671,1.45583593108758,1.815322736410154,0.8761898916193999,0.5527404912945786,0.5052866882426248,0.06941595441595441,0.703149151758622,0.7175559770505242,0.5368690820054131,2016-10-06,2026-05-16,54,29
selected_features,90,14,strict,soft,none,soft,0.52,0.35,tuned,1.15,541.5851443001604,-0.8486437720720842,1.3670256318502116,638.1772448265348,289.2846465114125,122,2363,446,701,2.015475919519418,2.5330880925418287,1.143048567768042,0.5527404912945786,0.5052866882426248,0.06941595441595441,0.703149151758622,0.7175559770505242,0.5368690820054131,2016-10-06,2026-05-16,55,26
selected_features,7,3,none,soft,none,soft,0.52,0.35,tuned,1.15,465.3277735568449,-0.6227826247727247,1.512925281794028,747.175266372692,288.4024309092539,191,1763,115,1632,1.6058232372133003,1.9568390301481968,0.8761898916193999,0.5527404912945786,0.5052866882426248,0.06941595441595441,0.703149151758622,0.7175559770505242,0.5368690820054131,2016-10-06,2026-05-16,56,30
selected_features,90,7,soft,strict,none,soft,0.52,0.35,tuned,1.15,537.7624178055403,-0.8723418809345704,1.373919006528402,616.4583285046645,283.71083534371166,150,2333,380,797,2.219085139302637,2.6879256763424206,1.143048567768042,0.5527404912945786,0.5052866882426248,0.06941595441595441,0.703149151758622,0.7175559770505242,0.5368690820054131,2016-10-06,2026-05-16,57,27
selected_features,90,14,strict,soft,soft,none,0.52,0.35,tuned,1.15,528.844861095424,-0.8586639919730262,1.3603846292732293,615.8926728489588,280.9927975286983,121,2354,482,674,2.0305451423352916,2.588923801108779,1.143048567768042,0.5527404912945786,0.5052866882426248,0.06941595441595441,0.703149151758622,0.7175559770505242,0.5368690820054131,2016-10-06,2026-05-16,58,28
selected_features,7,14,strict,none,soft,none,0.52,0.35,tuned,1.15,449.76044685021697,-0.6286405816997862,1.4077731831499127,715.4492725145204,277.41090844494687,157,1981,298,1231,1.5048118566440982,1.9158833409922533,0.8761898916193999,0.5527404912945786,0.5052866882426248,0.06941595441595441,0.703149151758622,0.7175559770505242,0.5368690820054131,2016-10-06,2026-05-16,59,31
selected_features,90,14,soft,none,none,none,0.52,0.35,tuned,1.15,514.1999374587342,-0.8619441407225278,1.3543200766029042,596.5583071632742,272.73022452118295,119,2301,577,632,1.8944154905759003,2.5873894767136063,1.143048567768042,0.5527404912945786,0.5052866882426248,0.06941595441595441,0.703149151758622,0.7175559770505242,0.5368690820054131,2016-10-06,2026-05-16,60,29
selected_features,7,7,strict,none,soft,soft,0.52,0.35,tuned,1.15,415.0089498654123,-0.5706701977755085,1.4659074176481726,727.2308094642598,269.42857670143314,160,1790,152,1568,1.4245251978091,1.779768948794428,0.8761898916193999,0.5527404912945786,0.5052866882426248,0.06941595441595441,0.703149151758622,0.7175559770505242,0.5368690820054131,2016-10-06,2026-05-16,61,32
selected_features,90,14,none,none,none,soft,0.52,0.35,tuned,1.15,506.56164127860364,-0.8616277180168472,1.3613898216163112,587.9124251533177,268.70242920428933,124,2265,502,743,1.7811034385972195,2.339892233441929,1.143048567768042,0.5527404912945786,0.5052866882426248,0.06941595441595441,0.703149151758622,0.7175559770505242,0.5368690820054131,2016-10-06,2026-05-16,62,30
selected_features,90,14,strict,strict,soft,soft,0.52,0.35,tuned,1.15,494.44416028135004,-0.8625918283815064,1.3675278328983196,573.2075635461129,262.1151557496651,130,2355,386,769,2.121621289318566,2.571720349849467,1.143048567768042,0.5527404912945786,0.5052866882426248,0.06941595441595441,0.703149151758622,0.7175559770505242,0.5368690820054131,2016-10-06,2026-05-16,63,31
selected_features,7,7,soft,none,soft,none,0.52,0.35,tuned,1.15,404.9568744213827,-0.5774568520366824,1.4447699507309182,701.2764209015883,261.18419492444247,171,1830,171,1509,1.471510831552307,1.859116135624853,0.8761898916193999,0.5527404912945786,0.5052866882426248,0.06941595441595441,0.703149151758622,0.7175559770505242,0.5368690820054131,2016-10-06,2026-05-16,64,33
selected_features,90,7,soft,strict,soft,soft,0.52,0.35,tuned,1.15,493.34832762951106,-0.8732528265982386,1.3677813836310397,564.9547446085601,260.0866046615884,148,2297,327,886,2.0927306866872057,2.5299161010342535,1.143048567768042,0.5527404912945786,0.5052866882426248,0.06941595441595441,0.703149151758622,0.7175559770505242,0.5368690820054131,2016-10-06,2026-05-16,65,32
selected_features,90,14,none,none,soft,soft,0.52,0.35,tuned,1.15,480.37626965818566,-0.8289736156207911,1.3596134058700262,579.4831833078881,259.2091652315618,120,2256,437,817,1.7050162312963602,2.209798715014264,1.143048567768042,0.5527404912945786,0.5052866882426248,0.06941595441595441,0.703149151758622,0.7175559770505242,0.5368690820054131,2016-10-06,2026-05-16,66,33
selected_features,90,3,none,strict,none,soft,0.52,0.35,tuned,1.15,489.9800052698304,-0.8760517434192353,1.37021160870039,559.3048686341692,257.913484691554,163,2282,339,889,2.1948822910849657,2.658900959365034,1.143048567768042,0.5527404912945786,0.5052866882426248,0.06941595441595441,0.703149151758622,0.7175559770505242,0.5368690820054131,2016-10-06,2026-05-16,67,34
selected_features,7,3,none,soft,soft,none,0.52,0.35,tuned,1.15,422.3231257825848,-0.6772914113541619,1.473911479674459,623.5471448518755,250.66162145884388,207,1778,162,1570,1.6230547736769263,2.0015987848293473,0.8761898916193999,0.5527404912945786,0.5052866882426248,0.06941595441595441,0.703149151758622,0.7175559770505242,0.5368690820054131,2016-10-06,2026-05-16,68,34
selected_features,7,3,soft,none,soft,none,0.52,0.35,tuned,1.15,419.6730095165876,-0.675332462032195,1.4810507581530739,621.4317141718868,249.46044787716698,201,1738,143,1629,1.471510831552307,1.859116135624853,0.8761898916193999,0.5527404912945786,0.5052866882426248,0.06941595441595441,0.703149151758622,0.7175559770505242,0.5368690820054131,2016-10-06,2026-05-16,69,35
selected_features,90,3,soft,none,none,soft,0.52,0.35,tuned,1.15,461.02182514931326,-0.8379949560329303,1.3606241242920998,550.1486874477043,247.4550097827959,155,2189,388,933,1.8109530149141642,2.3629083649993587,1.143048567768042,0.5527404912945786,0.5052866882426248,0.06941595441595441,0.703149151758622,0.7175559770505242,0.5368690820054131,2016-10-06,2026-05-16,70,35
selected_features,90,3,soft,strict,soft,soft,0.52,0.35,tuned,1.15,462.1794547644028,-0.876922503541825,1.3661297858802541,527.0470912739657,243.13124697974484,157,2246,296,968,2.0927306866872057,2.5299161010342535,1.143048567768042,0.5527404912945786,0.5052866882426248,0.06941595441595441,0.703149151758622,0.7175559770505242,0.5368690820054131,2016-10-06,2026-05-16,71,36
selected_features,90,7,none,strict,none,none,0.52,0.35,tuned,1.15,461.18476799772543,-0.8750599186249127,1.3396913672483965,527.0322159452129,242.846940668616,145,2422,446,642,2.337207623420738,2.9121706551762294,1.143048567768042,0.5527404912945786,0.5052866882426248,0.06941595441595441,0.703149151758622,0.7175559770505242,0.5368690820054131,2016-10-06,2026-05-16,72,37
selected_features,90,14,soft,strict,none,none,0.52,0.35,tuned,1.15,449.1246656200343,-0.8529752251678248,1.3185176042932885,526.5389338027585,239.2044485766049,118,2483,522,505,2.3613837075573856,2.9427505343636193,1.143048567768042,0.5527404912945786,0.5052866882426248,0.06941595441595441,0.703149151758622,0.7175559770505242,0.5368690820054131,2016-10-06,2026-05-16,73,38
selected_features,7,7,soft,none,soft,soft,0.52,0.35,tuned,1.15,390.5853757303973,-0.6393282620224352,1.4775116874252954,610.930876878224,238.78375685783482,148,1765,112,1633,1.3882931340339106,1.7339007732212108,0.8761898916193999,0.5527404912945786,0.5052866882426248,0.06941595441595441,0.703149151758622,0.7175559770505242,0.5368690820054131,2016-10-06,2026-05-16,74,36
selected_features,7,3,soft,none,none,none,0.52,0.35,tuned,1.15,414.96430154048335,-0.7217445239394245,1.4542718945411355,574.9462417470465,238.6313533197194,227,1790,202,1518,1.5390536286059762,2.0202108543441826,0.8761898916193999,0.5527404912945786,0.5052866882426248,0.06941595441595441,0.703149151758622,0.7175559770505242,0.5368690820054131,2016-10-06,2026-05-16,75,37
selected_features,7,14,soft,soft,soft,none,0.52,0.35,tuned,1.15,385.90598111876653,-0.6349257001763864,1.3747938601260923,607.797071392069,236.70672933986742,156,2039,283,1188,1.6501013683241812,2.0445224731433655,0.8761898916193999,0.5527404912945786,0.5052866882426248,0.06941595441595441,0.703149151758622,0.7175559770505242,0.5368690820054131,2016-10-06,2026-05-16,76,38
selected_features,90,7,soft,strict,soft,none,0.52,0.35,tuned,1.15,449.2400478574457,-0.8765718884710807,1.3409318411061426,512.4965262586866,236.3589308927693,143,2338,408,764,2.235029254941954,2.745816223117801,1.143048567768042,0.5527404912945786,0.5052866882426248,0.06941595441595441,0.703149151758622,0.7175559770505242,0.5368690820054131,2016-10-06,2026-05-16,77,39
selected_features,7,7,none,none,soft,none,0.52,0.35,tuned,1.15,398.5431834761041,-0.6930098656031677,1.4534759047564494,575.0902018245126,233.90344964239455,160,1814,155,1541,1.4482933926847896,1.8208995978461262,0.8761898916193999,0.5527404912945786,0.5052866882426248,0.06941595441595441,0.703149151758622,0.7175559770505242,0.5368690820054131,2016-10-06,2026-05-16,78,39
selected_features,90,3,soft,soft,none,soft,0.52,0.35,tuned,1.15,439.2174971783728,-0.8632028040198557,1.3545503947351039,508.82306583456113,232.61095145355654,157,2227,358,925,1.9868849755428137,2.498721509651274,1.143048567768042,0.5527404912945786,0.5052866882426248,0.06941595441595441,0.703149151758622,0.7175559770505242,0.5368690820054131,2016-10-06,2026-05-16,79,40
selected_features,90,7,strict,soft,none,soft,0.52,0.35,tuned,1.15,433.48972045028677,-0.8582323856274394,1.339202290981058,505.0959713357468,230.1600407220445,151,2305,403,802,2.015475919519418,2.5330880925418287,1.143048567768042,0.5527404912945786,0.5052866882426248,0.06941595441595441,0.703149151758622,0.7175559770505242,0.5368690820054131,2016-10-06,2026-05-16,80,41
selected_features,7,14,soft,strict,soft,soft,0.52,0.35,tuned,1.15,382.97869310471725,-0.6650857536335362,1.3699611433349348,575.8335538122794,229.41644790199638,146,2110,238,1162,1.7210431676570235,2.098264244166339,0.8761898916193999,0.5527404912945786,0.5052866882426248,0.06941595441595441,0.703149151758622,0.7175559770505242,0.5368690820054131,2016-10-06,2026-05-16,81,40
selected_features,7,3,none,soft,none,none,0.52,0.35,tuned,1.15,372.6359884831291,-0.6474680527900953,1.4286101759693555,575.5279922729023,226.15307349512085,217,1865,215,1430,1.7340950535676414,2.1620401103536597,0.8761898916193999,0.5527404912945786,0.5052866882426248,0.06941595441595441,0.703149151758622,0.7175559770505242,0.5368690820054131,2016-10-06,2026-05-16,82,41
selected_features,90,3,soft,strict,none,soft,0.52,0.35,tuned,1.15,427.627811087517,-0.8710498136121957,1.3448758938026024,490.9338184852689,225.53500131912455,161,2285,343,882,2.219085139302637,2.6879256763424206,1.143048567768042,0.5527404912945786,0.5052866882426248,0.06941595441595441,0.703149151758622,0.7175559770505242,0.5368690820054131,2016-10-06,2026-05-16,83,42
selected_features,90,3,none,soft,none,none,0.52,0.35,tuned,1.15,407.5611302099329,-0.8283263505257532,1.330472945462826,492.029657092578,219.80052807425028,152,2249,452,809,2.0884219400544572,2.7096758939139756,1.143048567768042,0.5527404912945786,0.5052866882426248,0.06941595441595441,0.703149151758622,0.7175559770505242,0.5368690820054131,2016-10-06,2026-05-16,84,43
selected_features,90,3,strict,strict,none,none,0.52,0.35,tuned,1.15,404.7292802932628,-0.8324810395728135,1.3154170844399085,486.1723703652747,217.68505284112172,194,2410,430,670,2.3926158013234358,2.985619604398451,1.143048567768042,0.5527404912945786,0.5052866882426248,0.06941595441595441,0.703149151758622,0.7175559770505242,0.5368690820054131,2016-10-06,2026-05-16,85,44
selected_features,90,3,none,strict,soft,soft,0.52,0.35,tuned,1.15,414.1429301019863,-0.8783004194598836,1.3457488145643997,471.52764694871274,217.61954498111112,151,2230,290,990,2.068939566442264,2.5013507503201504,1.143048567768042,0.5527404912945786,0.5052866882426248,0.06941595441595441,0.703149151758622,0.7175559770505242,0.5368690820054131,2016-10-06,2026-05-16,86,45
selected_features,90,7,soft,none,none,soft,0.52,0.35,tuned,1.15,405.0213650508502,-0.8519227393271249,1.330937452354943,475.42030087229347,215.70939437387906,141,2228,419,863,1.8109530149141642,2.3629083649993587,1.143048567768042,0.5527404912945786,0.5052866882426248,0.06941595441595441,0.703149151758622,0.7175559770505242,0.5368690820054131,2016-10-06,2026-05-16,87,46
selected_features,90,7,none,strict,soft,none,0.52,0.35,tuned,1.15,407.71202509759013,-0.8727672545273584,1.3261591412107177,467.1486275208435,214.83852966471028,139,2334,399,777,2.2112648987780372,2.7154803272161394,1.143048567768042,0.5527404912945786,0.5052866882426248,0.06941595441595441,0.703149151758622,0.7175559770505242,0.5368690820054131,2016-10-06,2026-05-16,88,47
selected_features,90,14,none,none,soft,none,0.52,0.35,tuned,1.15,399.62696710520845,-0.8622437868260787,1.3205462089512516,463.4732928331513,211.73313513779314,117,2276,496,738,1.793064853364385,2.3940348620963525,1.143048567768042,0.5527404912945786,0.5052866882426248,0.06941595441595441,0.703149151758622,0.7175559770505242,0.5368690820054131,2016-10-06,2026-05-16,89,48
selected_features,90,7,strict,strict,none,none,0.52,0.35,tuned,1.15,383.86741113079995,-0.8081647628833675,1.290292695379832,474.98657298697253,209.2569344264132,171,2488,466,556,2.3926158013234358,2.985619604398451,1.143048567768042,0.5527404912945786,0.5052866882426248,0.06941595441595441,0.703149151758622,0.7175559770505242,0.5368690820054131,2016-10-06,2026-05-16,90,49
selected_features,90,3,none,strict,soft,none,0.52,0.35,tuned,1.15,396.13355593762697,-0.8727672545273584,1.332333461381672,453.88223937451755,208.67987229951595,156,2285,367,858,2.2112648987780372,2.7154803272161394,1.143048567768042,0.5527404912945786,0.5052866882426248,0.06941595441595441,0.703149151758622,0.7175559770505242,0.5368690820054131,2016-10-06,2026-05-16,91,50
selected_features,90,14,soft,none,soft,none,0.52,0.35,tuned,1.15,392.90966999196553,-0.8658322290266307,1.3165326861797695,453.79423035993347,207.76424322345596,123,2283,517,710,1.8216679212279692,2.415380627300971,1.143048567768042,0.5527404912945786,0.5052866882426248,0.06941595441595441,0.703149151758622,0.7175559770505242,0.5368690820054131,2016-10-06,2026-05-16,92,51
selected_features,7,14,none,strict,soft,soft,0.52,0.35,tuned,1.15,342.54362311125413,-0.6582788028267454,1.3621470851015134,520.3625297371292,206.19749585705418,146,2072,248,1190,1.6913468329328771,2.055258856208108,0.8761898916193999,0.5527404912945786,0.5052866882426248,0.06941595441595441,0.703149151758622,0.7175559770505242,0.5368690820054131,2016-10-06,2026-05-16,93,42
selected_features,90,3,none,none,soft,none,0.52,0.35,tuned,1.15,384.25479674219133,-0.8390728454988289,1.3246473064360436,457.95165318900507,205.9875551608375,147,2191,417,902,1.793064853364385,2.3940348620963525,1.143048567768042,0.5527404912945786,0.5052866882426248,0.06941595441595441,0.703149151758622,0.7175559770505242,0.5368690820054131,2016-10-06,2026-05-16,94,52
selected_features,90,7,soft,soft,none,none,0.52,0.35,tuned,1.15,386.9687133121562,-0.8572080294637446,1.310852904342237,451.42917472930986,205.46573741919892,149,2310,490,710,2.110619292481225,2.734572655717896,1.143048567768042,0.5527404912945786,0.5052866882426248,0.06941595441595441,0.703149151758622,0.7175559770505242,0.5368690820054131,2016-10-06,2026-05-16,95,53
selected_features,7,3,none,none,soft,soft,0.52,0.35,tuned,1.15,340.9721674785271,-0.677417902918479,1.4603379732494781,503.34094509391787,202.29618517433093,164,1682,92,1736,1.3644272643839588,1.7054467079800826,0.8761898916193999,0.5527404912945786,0.5052866882426248,0.06941595441595441,0.703149151758622,0.7175559770505242,0.5368690820054131,2016-10-06,2026-05-16,96,43
selected_features,3,14,none,soft,none,soft,0.52,0.35,tuned,1.15,355.7651678397026,-0.7424853105910303,1.3660106244243213,479.1544866476992,201.8264447617603,142,1992,195,1323,1.5486754406833942,1.8173456634515377,0.840825153225227,0.5527404912945786,0.5052866882426248,0.06941595441595441,0.703149151758622,0.7175559770505242,0.5368690820054131,2016-10-06,2026-05-16,97,1
selected_features,7,14,soft,soft,soft,soft,0.52,0.35,tuned,1.15,338.1604163279208,-0.6741781228623069,1.401191077978587,501.5891273543834,201.13164459296755,141,1948,187,1375,1.525348876310474,1.8984965255562674,0.8761898916193999,0.5527404912945786,0.5052866882426248,0.06941595441595441,0.703149151758622,0.7175559770505242,0.5368690820054131,2016-10-06,2026-05-16,98,44
selected_features,90,3,none,strict,none,none,0.52,0.35,tuned,1.15,379.02313620866823,-0.8684414457820553,1.313456359446896,436.4406351741395,200.05322581600723,158,2372,411,727,2.337207623420738,2.9121706551762294,1.143048567768042,0.5527404912945786,0.5052866882426248,0.06941595441595441,0.703149151758622,0.7175559770505242,0.5368690820054131,2016-10-06,2026-05-16,99,54
selected_features,90,14,strict,strict,none,soft,0.52,0.35,tuned,1.15,376.1542504586372,-0.8654899657042557,1.2978750693990284,434.61422473287445,198.8755139013254,133,2413,455,642,2.249352474821532,2.730666257140066,1.143048567768042,0.5527404912945786,0.5052866882426248,0.06941595441595441,0.703149151758622,0.7175559770505242,0.5368690820054131,2016-10-06,2026-05-16,100,55
selected_features,90,3,none,soft,none,soft,0.52,0.35,tuned,1.15,379.0019122761028,-0.880786780455617,1.3317116736575179,430.29927411041655,198.82754411512474,149,2204,340,966,1.967611750363322,2.4743884828719582,1.143048567768042,0.5527404912945786,0.5052866882426248,0.06941595441595441,0.703149151758622,0.7175559770505242,0.5368690820054131,2016-10-06,2026-05-16,101,56
selected_features,7,14,soft,none,soft,soft,0.52,0.35,tuned,1.15,328.42206974289803,-0.6782796423913808,1.4185430858888088,484.1986243092815,194.75898631179757,128,1873,134,1503,1.3882931340339106,1.7339007732212108,0.8761898916193999,0.5527404912945786,0.5052866882426248,0.06941595441595441,0.703149151758622,0.7175559770505242,0.5368690820054131,2016-10-06,2026-05-16,102,45
selected_features,90,3,soft,strict,soft,none,0.52,0.35,tuned,1.15,368.08520168790767,-0.8749719598738515,1.3175356375866205,420.68228305393484,193.6274396404723,151,2291,372,847,2.235029254941954,2.745816223117801,1.143048567768042,0.5527404912945786,0.5052866882426248,0.06941595441595441,0.703149151758622,0.7175559770505242,0.5368690820054131,2016-10-06,2026-05-16,103,57
selected_features,90,3,strict,soft,soft,soft,0.52,0.35,tuned,1.15,367.3408663902331,-0.8716939231521639,1.329317362040469,421.4103788424709,193.54397935833808,158,2224,316,970,1.9050516620382139,2.4003730332704856,1.143048567768042,0.5527404912945786,0.5052866882426248,0.06941595441595441,0.703149151758622,0.7175559770505242,0.5368690820054131,2016-10-06,2026-05-16,104,58
selected_features,90,7,none,soft,none,soft,0.52,0.35,tuned,1.15,365.76018175687614,-0.8780454975228815,1.3176938135620864,416.56176449711205,192.1300433893284,137,2247,372,891,1.967611750363322,2.4743884828719582,1.143048567768042,0.5527404912945786,0.5052866882426248,0.06941595441595441,0.703149151758622,0.7175559770505242,0.5368690820054131,2016-10-06,2026-05-16,105,59
selected_features,7,14,none,strict,none,soft,0.52,0.35,tuned,1.15,322.6354694437211,-0.6767795652303308,1.3268469498353694,476.7216476666482,191.44939234235045,152,2200,245,1065,1.8286248920871546,2.186434608075242,0.8761898916193999,0.5527404912945786,0.5052866882426248,0.06941595441595441,0.703149151758622,0.7175559770505242,0.5368690820054131,2016-10-06,2026-05-16,106,46
selected_features,7,3,soft,none,soft,soft,0.52,0.35,tuned,1.15,319.3901908025457,-0.6665910393994456,1.4532535428636557,479.13964023623106,190.98038522876288,170,1686,95,1729,1.3882931340339106,1.7339007732212108,0.8761898916193999,0.5527404912945786,0.5052866882426248,0.06941595441595441,0.703149151758622,0.7175559770505242,0.5368690820054131,2016-10-06,2026-05-16,107,47
selected_features,90,14,strict,strict,soft,none,0.52,0.35,tuned,1.15,361.5229539120164,-0.8674523453313506,1.2868486233067442,416.7640514867954,190.92377805745718,126,2422,457,631,2.26488461582047,2.7888296456188995,1.143048567768042,0.5527404912945786,0.5052866882426248,0.06941595441595441,0.703149151758622,0.7175559770505242,0.5368690820054131,2016-10-06,2026-05-16,108,60
selected_features,90,7,none,strict,soft,soft,0.52,0.35,tuned,1.15,359.6020128021777,-0.8746718264383805,1.3130491602791619,411.12792470572526,189.1884162048481,142,2279,320,911,2.068939566442264,2.5013507503201504,1.143048567768042,0.5527404912945786,0.5052866882426248,0.06941595441595441,0.703149151758622,0.7175559770505242,0.5368690820054131,2016-10-06,2026-05-16,109,61
selected_features,90,3,soft,none,soft,none,0.52,0.35,tuned,1.15,352.5227197075689,-0.837135225528037,1.31111651387833,421.106063820465,189.07850042431104,156,2202,414,894,1.8216679212279692,2.415380627300971,1.143048567768042,0.5527404912945786,0.5052866882426248,0.06941595441595441,0.703149151758622,0.7175559770505242,0.5368690820054131,2016-10-06,2026-05-16,110,62
selected_features,90,7,strict,soft,soft,none,0.52,0.35,tuned,1.15,356.3365965150148,-0.8584758289480003,1.3033022437480073,415.08052352700406,189.01214465903203,144,2298,437,775,2.0305451423352916,2.588923801108779,1.143048567768042,0.5527404912945786,0.5052866882426248,0.06941595441595441,0.703149151758622,0.7175559770505242,0.5368690820054131,2016-10-06,2026-05-16,111,63
selected_features,7,7,soft,soft,soft,none,0.52,0.35,tuned,1.15,286.3567246871465,-0.5622813712840184,1.3537881301507988,509.2765638549006,187.16530430857182,184,1896,232,1382,1.6501013683241812,2.0445224731433655,0.8761898916193999,0.5527404912945786,0.5052866882426248,0.06941595441595441,0.703149151758622,0.7175559770505242,0.5368690820054131,2016-10-06,2026-05-16,112,48
selected_features,90,7,none,none,none,soft,0.52,0.35,tuned,1.15,351.24594163202835,-0.8568069810735652,1.3058890603094366,409.94757207967996,186.46534935031087,142,2223,432,855,1.7811034385972195,2.339892233441929,1.143048567768042,0.5527404912945786,0.5052866882426248,0.06941595441595441,0.703149151758622,0.7175559770505242,0.5368690820054131,2016-10-06,2026-05-16,113,64
selected_features,7,7,strict,none,none,soft,0.52,0.35,tuned,1.15,283.38751646557756,-0.5602491500684992,1.3644779793494495,505.82408992664966,185.60032878018987,179,1851,192,1467,1.4905514778138784,1.8702775119037316,0.8761898916193999,0.5527404912945786,0.5052866882426248,0.06941595441595441,0.703149151758622,0.7175559770505242,0.5368690820054131,2016-10-06,2026-05-16,114,49
selected_features,90,3,none,none,none,soft,0.52,0.35,tuned,1.15,346.11615530568736,-0.8597821420456817,1.307734703958622,402.5626241575248,183.42435089203957,153,2186,401,923,1.7811034385972195,2.339892233441929,1.143048567768042,0.5527404912945786,0.5052866882426248,0.06941595441595441,0.703149151758622,0.7175559770505242,0.5368690820054131,2016-10-06,2026-05-16,115,65
selected_features,90,7,none,none,soft,none,0.52,0.35,tuned,1.15,335.87511618334656,-0.8343581789267798,1.2966048636644039,402.55507127092204,180.40441308781246,140,2231,445,834,1.793064853364385,2.3940348620963525,1.143048567768042,0.5527404912945786,0.5052866882426248,0.06941595441595441,0.703149151758622,0.7175559770505242,0.5368690820054131,2016-10-06,2026-05-16,116,66
selected_features,90,7,soft,soft,none,soft,0.52,0.35,tuned,1.15,340.5678977861905,-0.8641380950543728,1.3038882746366796,394.1128156892117,180.08312075100437,143,2267,395,848,1.9868849755428137,2.498721509651274,1.143048567768042,0.5527404912945786,0.5052866882426248,0.06941595441595441,0.703149151758622,0.7175559770505242,0.5368690820054131,2016-10-06,2026-05-16,117,67
selected_features,7,3,soft,soft,soft,soft,0.52,0.35,tuned,1.15,288.688810212875,-0.6219161044782531,1.4215741626269498,464.19253036559655,178.77930496330342,193,1726,134,1650,1.525348876310474,1.8984965255562674,0.8761898916193999,0.5527404912945786,0.5052866882426248,0.06941595441595441,0.703149151758622,0.7175559770505242,0.5368690820054131,2016-10-06,2026-05-16,118,50
selected_features,90,3,strict,soft,none,soft,0.52,0.35,tuned,1.15,334.1230099287167,-0.857545840510338,1.302083744225152,389.6269961846882,177.22009922539357,163,2260,367,883,2.015475919519418,2.5330880925418287,1.143048567768042,0.5527404912945786,0.5052866882426248,0.06941595441595441,0.703149151758622,0.7175559770505242,0.5368690820054131,2016-10-06,2026-05-16,119,68
selected_features,90,3,soft,none,soft,soft,0.52,0.35,tuned,1.15,336.50445600142257,-0.8717638645162572,1.312546687039648,386.0041344890446,177.21185020805424,155,2177,327,1006,1.7382054455662328,2.2318996735568377,1.143048567768042,0.5527404912945786,0.5052866882426248,0.06941595441595441,0.703149151758622,0.7175559770505242,0.5368690820054131,2016-10-06,2026-05-16,120,69
selected_features,3,14,none,soft,soft,soft,0.52,0.35,tuned,1.15,307.0593630450641,-0.7412617157856477,1.3520979911441926,414.2387992068609,174.2262259070598,143,1944,146,1420,1.4209329311759082,1.7109806998756358,0.840825153225227,0.5527404912945786,0.5052866882426248,0.06941595441595441,0.703149151758622,0.7175559770505242,0.5368690820054131,2016-10-06,2026-05-16,121,2
selected_features,90,3,none,soft,soft,soft,0.52,0.35,tuned,1.15,326.73099061260984,-0.8856867817817664,1.310459603782142,368.9012835387629,170.85710627563208,147,2182,296,1032,1.8610747435412396,2.34104093556031,1.143048567768042,0.5527404912945786,0.5052866882426248,0.06941595441595441,0.703149151758622,0.7175559770505242,0.5368690820054131,2016-10-06,2026-05-16,122,70
selected_features,3,7,none,soft,none,soft,0.52,0.35,tuned,1.15,287.92769137910517,-0.6782852380987245,1.3536651800403323,424.49352456229815,170.5669385915819,168,1826,153,1531,1.5486754406833942,1.8173456634515377,0.840825153225227,0.5527404912945786,0.5052866882426248,0.06941595441595441,0.703149151758622,0.7175559770505242,0.5368690820054131,2016-10-06,2026-05-16,123,3
selected_features,3,7,soft,none,none,none,0.52,0.35,tuned,1.15,298.4789220562096,-0.7493611331838754,1.3457813853400602,398.311186474319,168.39023598011588,175,1843,197,1470,1.4964069324094307,1.8599730774502399,0.840825153225227,0.5527404912945786,0.5052866882426248,0.06941595441595441,0.703149151758622,0.7175559770505242,0.5368690820054131,2016-10-06,2026-05-16,124,4
selected_features,7,3,strict,none,soft,soft,0.52,0.35,tuned,1.15,268.2317585591108,-0.6102333613868671,1.397563424909049,439.5560379548981,167.72309065569746,192,1704,138,1668,1.4245251978091,1.779768948794428,0.8761898916193999,0.5527404912945786,0.5052866882426248,0.06941595441595441,0.703149151758622,0.7175559770505242,0.5368690820054131,2016-10-06,2026-05-16,125,51
selected_features,90,3,none,none,soft,soft,0.52,0.35,tuned,1.15,317.70491409152527,-0.8672864010083785,1.3040314520707317,366.3206453163977,167.6479062977014,150,2175,321,1014,1.7050162312963602,2.209798715014264,1.143048567768042,0.5527404912945786,0.5052866882426248,0.06941595441595441,0.703149151758622,0.7175559770505242,0.5368690820054131,2016-10-06,2026-05-16,126,71
selected_features,90,3,strict,none,none,soft,0.52,0.35,tuned,1.15,311.92232668608057,-0.8432156967103166,1.2909413431072987,369.91997172609587,166.63450220024302,162,2210,394,906,1.838487669436594,2.39743474232216,1.143048567768042,0.5527404912945786,0.5052866882426248,0.06941595441595441,0.703149151758622,0.7175559770505242,0.5368690820054131,2016-10-06,2026-05-16,127,72
selected_features,90,3,soft,soft,none,none,0.52,0.35,tuned,1.15,307.94482786063577,-0.8307251410210472,1.280118544906316,370.6940029311496,165.60588400886158,163,2270,449,791,2.110619292481225,2.734572655717896,1.143048567768042,0.5527404912945786,0.5052866882426248,0.06941595441595441,0.703149151758622,0.7175559770505242,0.5368690820054131,2016-10-06,2026-05-16,128,73
selected_features,7,3,soft,soft,none,soft,0.52,0.35,tuned,1.15,257.09256288834473,-0.5806213468236668,1.366909033831993,442.7886854225893,165.0321474293329,203,1792,152,1566,1.6344536318414233,1.9986378714049864,0.8761898916193999,0.5527404912945786,0.5052866882426248,0.06941595441595441,0.703149151758622,0.7175559770505242,0.5368690820054131,2016-10-06,2026-05-16,129,52
selected_features,7,3,strict,none,soft,none,0.52,0.35,tuned,1.15,287.6423264733814,-0.7284061113054343,1.3873262030001061,394.89279676398485,164.41231382672964,217,1764,180,1566,1.5048118566440982,1.9158833409922533,0.8761898916193999,0.5527404912945786,0.5052866882426248,0.06941595441595441,0.703149151758622,0.7175559770505242,0.5368690820054131,2016-10-06,2026-05-16,130,53
selected_features,7,14,strict,soft,soft,none,0.52,0.35,tuned,1.15,272.23443674670244,-0.6566560555344043,1.288402143496366,414.5769074270559,163.89183319022763,162,2115,318,1077,1.6895423314995959,2.1033692802648156,0.8761898916193999,0.5527404912945786,0.5052866882426248,0.06941595441595441,0.703149151758622,0.7175559770505242,0.5368690820054131,2016-10-06,2026-05-16,131,54
selected_features,90,3,strict,none,soft,soft,0.52,0.35,tuned,1.15,304.1798636858511,-0.8533547344001369,1.292422053265666,356.45183816748073,161.6139810398943,158,2190,336,984,1.7654992653324926,2.2654251532824734,1.143048567768042,0.5527404912945786,0.5052866882426248,0.06941595441595441,0.703149151758622,0.7175559770505242,0.5368690820054131,2016-10-06,2026-05-16,132,74
selected_features,3,7,none,none,none,none,0.52,0.35,tuned,1.15,287.1482271245063,-0.7581659931667686,1.3371611994650452,378.7405788607354,161.04688283785327,183,1844,186,1480,1.471782931999933,1.8199367549035002,0.840825153225227,0.5527404912945786,0.5052866882426248,0.06941595441595441,0.703149151758622,0.7175559770505242,0.5368690820054131,2016-10-06,2026-05-16,133,5
selected_features,90,3,soft,soft,soft,none,0.52,0.35,tuned,1.15,302.6444667480718,-0.8598904861320341,1.284572012035947,351.95698944109665,160.23347500918842,163,2241,388,881,2.002036621311124,2.5512210126844974,1.143048567768042,0.5527404912945786,0.5052866882426248,0.06941595441595441,0.703149151758622,0.7175559770505242,0.5368690820054131,2016-10-06,2026-05-16,134,75
selected_features,90,14,none,none,none,none,0.52,0.35,tuned,1.15,300.9591049209955,-0.8615012003384868,1.2668013122162438,349.3426414295739,159.290763721066,116,2272,568,670,1.8691520606652443,2.5670867953356087,1.143048567768042,0.5527404912945786,0.5052866882426248,0.06941595441595441,0.703149151758622,0.7175559770505242,0.5368690820054131,2016-10-06,2026-05-16,135,76
selected_features,90,7,strict,soft,none,none,0.52,0.35,tuned,1.15,300.2098191127807,-0.8563052876010192,1.2665798331073979,350.58737048539433,159.24734116299936,153,2335,509,666,2.140969399816495,2.773077606630561,1.143048567768042,0.5527404912945786,0.5052866882426248,0.06941595441595441,0.703149151758622,0.7175559770505242,0.5368690820054131,2016-10-06,2026-05-16,136,77
selected_features,90,7,soft,soft,soft,none,0.52,0.35,tuned,1.15,295.8194894176313,-0.8608484236923207,1.2740440660242154,343.63713898529636,156.5611295158417,141,2283,413,814,2.002036621311124,2.5512210126844974,1.143048567768042,0.5527404912945786,0.5052866882426248,0.06941595441595441,0.703149151758622,0.7175559770505242,0.5368690820054131,2016-10-06,2026-05-16,137,78
selected_features,7,14,strict,strict,soft,soft,0.52,0.35,tuned,1.15,258.47825366924104,-0.6847667267297813,1.283900921746748,377.4690614768148,152.3286953103344,151,2164,268,1078,1.7633295419385604,2.157128622564623,0.8761898916193999,0.5527404912945786,0.5052866882426248,0.06941595441595441,0.703149151758622,0.7175559770505242,0.5368690820054131,2016-10-06,2026-05-16,138,55
selected_features,7,7,soft,soft,soft,soft,0.52,0.35,tuned,1.15,245.73330251694014,-0.6221807474068795,1.3703081932085945,394.9548479941009,152.0948422872666,159,1816,147,1547,1.525348876310474,1.8984965255562674,0.8761898916193999,0.5527404912945786,0.5052866882426248,0.06941595441595441,0.703149151758622,0.7175559770505242,0.5368690820054131,2016-10-06,2026-05-16,139,56
selected_features,3,7,strict,none,none,soft,0.52,0.35,tuned,1.15,259.1740955617855,-0.6987780520243745,1.3374189418104447,370.89615910367075,151.182084553873,172,1786,156,1568,1.4189342105790066,1.7260640889367949,0.840825153225227,0.5527404912945786,0.5052866882426248,0.06941595441595441,0.703149151758622,0.7175559770505242,0.5368690820054131,2016-10-06,2026-05-16,140,6
selected_features,90,14,strict,soft,soft,soft,0.52,0.35,tuned,1.15,284.8611143749044,-0.8607165567763031,1.2613183857430446,330.9580977991326,150.77351961133752,121,2319,399,792,1.9050516620382139,2.4003730332704856,1.143048567768042,0.5527404912945786,0.5052866882426248,0.06941595441595441,0.703149151758622,0.7175559770505242,0.5368690820054131,2016-10-06,2026-05-16,141,79
selected_features,90,3,soft,strict,none,none,0.52,0.35,tuned,1.15,283.12720785544616,-0.8617946633335305,1.2612656654074879,328.53209691537705,149.65878139343496,175,2390,425,695,2.3613837075573856,2.9427505343636193,1.143048567768042,0.5527404912945786,0.5052866882426248,0.06941595441595441,0.703149151758622,0.7175559770505242,0.5368690820054131,2016-10-06,2026-05-16,142,80
selected_features,7,14,soft,soft,none,soft,0.52,0.35,tuned,1.15,247.26705613006934,-0.6604264245886828,1.298919736366328,374.4051523741931,148.38823619085179,151,2034,230,1246,1.6344536318414233,1.9986378714049864,0.8761898916193999,0.5527404912945786,0.5052866882426248,0.06941595441595441,0.703149151758622,0.7175559770505242,0.5368690820054131,2016-10-06,2026-05-16,143,57
selected_features,90,7,soft,none,soft,none,0.52,0.35,tuned,1.15,275.9780347793633,-0.8596204467572321,1.262069651074196,321.0463825289896,146.08188575903634,144,2242,451,817,1.8216679212279692,2.415380627300971,1.143048567768042,0.5527404912945786,0.5052866882426248,0.06941595441595441,0.703149151758622,0.7175559770505242,0.5368690820054131,2016-10-06,2026-05-16,144,81
selected_features,90,3,soft,soft,soft,soft,0.52,0.35,tuned,1.15,277.53091900995435,-0.8807761826680789,1.281011436776069,315.09811967127416,145.33228341177767,147,2198,302,1010,1.8783023043727125,2.366907477282953,1.143048567768042,0.5527404912945786,0.5052866882426248,0.06941595441595441,0.703149151758622,0.7175559770505242,0.5368690820054131,2016-10-06,2026-05-16,145,82
selected_features,3,7,none,soft,soft,soft,0.52,0.35,tuned,1.15,244.03330125307218,-0.6738983614703176,1.3336520901284177,362.1218201519857,144.93275968602586,163,1774,124,1612,1.4209329311759082,1.7109806998756358,0.840825153225227,0.5527404912945786,0.5052866882426248,0.06941595441595441,0.703149151758622,0.7175559770505242,0.5368690820054131,2016-10-06,2026-05-16,146,7
selected_features,90,3,strict,none,soft,none,0.52,0.35,tuned,1.15,269.1448513994252,-0.8405290068371607,1.2630587154227877,320.20887942011,143.84864059570106,164,2219,422,869,1.8507292772596198,2.450190096274269,1.143048567768042,0.5527404912945786,0.5052866882426248,0.06941595441595441,0.703149151758622,0.7175559770505242,0.5368690820054131,2016-10-06,2026-05-16,147,83
selected_features,7,14,strict,none,soft,soft,0.52,0.35,tuned,1.15,236.18065141694018,-0.642062142010312,1.3269328013462,367.847029070197,143.81345004207975,136,1894,181,1435,1.4245251978091,1.779768948794428,0.8761898916193999,0.5527404912945786,0.5052866882426248,0.06941595441595441,0.703149151758622,0.7175559770505242,0.5368690820054131,2016-10-06,2026-05-16,148,58
selected_features,3,14,none,none,soft,none,0.52,0.35,tuned,1.15,247.06952180973056,-0.739449285583279,1.3084890786282835,334.12639193348014,140.18379450015598,148,1950,166,1394,1.368104224536729,1.6658561620911494,0.840825153225227,0.5527404912945786,0.5052866882426248,0.06941595441595441,0.703149151758622,0.7175559770505242,0.5368690820054131,2016-10-06,2026-05-16,149,8
selected_features,7,3,strict,none,none,soft,0.52,0.35,tuned,1.15,234.8565856022761,-0.7073845515573737,1.3533699847642857,332.0069474025369,136.021813966411,213,1754,165,1591,1.4905514778138784,1.8702775119037316,0.8761898916193999,0.5527404912945786,0.5052866882426248,0.06941595441595441,0.703149151758622,0.7175559770505242,0.5368690820054131,2016-10-06,2026-05-16,150,59
selected_features,60,14,none,strict,soft,none,0.56,0.35,tuned,1.15,254.36365944339394,-0.8427396021831035,1.278879661467395,301.8294842018447,135.86117805217182,104,2088,386,1036,1.7981777700405068,2.2565198541088547,0.8177115779335068,0.5527404912945786,0.5052866882426248,0.06941595441595441,0.703149151758622,0.7175559770505242,0.5368690820054131,2016-10-06,2026-05-16,151,1
selected_features,3,7,none,none,none,soft,0.52,0.35,tuned,1.15,227.4236580488386,-0.6772973272275342,1.3285410375228937,335.78112433985274,134.66368998672073,169,1773,92,1645,1.3491749793872898,1.6245141485165577,0.840825153225227,0.5527404912945786,0.5052866882426248,0.06941595441595441,0.703149151758622,0.7175559770505242,0.5368690820054131,2016-10-06,2026-05-16,152,9
selected_features,90,7,soft,none,soft,soft,0.52,0.35,tuned,1.15,255.83108187410517,-0.8717638645162571,1.2581588204676675,293.46373747214926,134.51872281317975,137,2218,365,927,1.7382054455662328,2.2318996735568377,1.143048567768042,0.5527404912945786,0.5052866882426248,0.06941595441595441,0.703149151758622,0.7175559770505242,0.5368690820054131,2016-10-06,2026-05-16,153,84
selected_features,90,3,strict,soft,none,none,0.52,0.35,tuned,1.15,249.27577053292933,-0.8334917698752247,1.2423763984000389,299.0740635270417,133.65451089238312,168,2294,460,756,2.140969399816495,2.773077606630561,1.143048567768042,0.5527404912945786,0.5052866882426248,0.06941595441595441,0.703149151758622,0.7175559770505242,0.5368690820054131,2016-10-06,2026-05-16,154,85
selected_features,3,7,none,none,soft,none,0.52,0.35,tuned,1.15,233.5208982462909,-0.7305672633465874,1.321100293908494,319.6432552651987,133.19009655061174,172,1783,141,1586,1.368104224536729,1.6658561620911494,0.840825153225227,0.5527404912945786,0.5052866882426248,0.06941595441595441,0.703149151758622,0.7175559770505242,0.5368690820054131,2016-10-06,2026-05-16,155,10
selected_features,7,14,strict,none,none,soft,0.52,0.35,tuned,1.15,213.77577558056925,-0.6243407970189244,1.2881876462538633,342.4023812015755,131.97964859440106,152,1958,251,1301,1.4905514778138784,1.8702775119037316,0.8761898916193999,0.5527404912945786,0.5052866882426248,0.06941595441595441,0.703149151758622,0.7175559770505242,0.5368690820054131,2016-10-06,2026-05-16,156,60
selected_features,90,7,none,soft,soft,soft,0.52,0.35,tuned,1.15,249.64409947439887,-0.8768538832956019,1.2571392467667353,284.70433242095794,130.91202770876012,133,2222,327,961,1.8610747435412396,2.34104093556031,1.143048567768042,0.5527404912945786,0.5052866882426248,0.06941595441595441,0.703149151758622,0.7175559770505242,0.5368690820054131,2016-10-06,2026-05-16,157,86
selected_features,7,14,strict,soft,none,soft,0.52,0.35,tuned,1.15,228.8895674757911,-0.7268165335542037,1.2675270947709807,314.92069443783674,130.87412294653177,156,2101,260,1149,1.6761701060264427,2.055607498179954,0.8761898916193999,0.5527404912945786,0.5052866882426248,0.06941595441595441,0.703149151758622,0.7175559770505242,0.5368690820054131,2016-10-06,2026-05-16,158,61
selected_features,7,7,soft,soft,none,soft,0.52,0.35,tuned,1.15,211.75375810516354,-0.622773901165772,1.299183178379522,340.0170715387738,130.86178847527944,172,1885,179,1446,1.6344536318414233,1.9986378714049864,0.8761898916193999,0.5527404912945786,0.5052866882426248,0.06941595441595441,0.703149151758622,0.7175559770505242,0.5368690820054131,2016-10-06,2026-05-16,159,62
selected_features,90,3,none,soft,soft,none,0.52,0.35,tuned,1.15,248.82040828237373,-0.8706126113051272,1.2537877498818693,285.79922350236734,130.8465271335128,155,2219,380,911,1.9818849332323754,2.526226200370472,1.143048567768042,0.5527404912945786,0.5052866882426248,0.06941595441595441,0.703149151758622,0.7175559770505242,0.5368690820054131,2016-10-06,2026-05-16,160,87
selected_features,90,7,soft,strict,none,none,0.52,0.35,tuned,1.15,247.77430347781706,-0.8652552132483344,1.2254426397391356,286.35979267622633,130.64358548593867,154,2444,465,601,2.3613837075573856,2.9427505343636193,1.143048567768042,0.5527404912945786,0.5052866882426248,0.06941595441595441,0.703149151758622,0.7175559770505242,0.5368690820054131,2016-10-06,2026-05-16,161,88
selected_features,60,3,none,strict,none,none,0.56,0.35,tuned,1.15,235.2343504291486,-0.8286398453080923,1.2726111296833282,283.88008585525756,126.45193638855014,152,2099,327,1084,1.9070617135896188,2.434621720042705,0.8177115779335068,0.5527404912945786,0.5052866882426248,0.06941595441595441,0.703149151758622,0.7175559770505242,0.5368690820054131,2016-10-06,2026-05-16,162,2
selected_features,90,3,soft,none,none,none,0.52,0.35,tuned,1.15,237.41514504950337,-0.8508263362791465,1.235802781647452,279.04066308968856,126.0956741860164,153,2221,483,806,1.8944154905759003,2.5873894767136063,1.143048567768042,0.5527404912945786,0.5052866882426248,0.06941595441595441,0.703149151758622,0.7175559770505242,0.5368690820054131,2016-10-06,2026-05-16,163,89
selected_features,3,7,soft,none,soft,none,0.52,0.35,tuned,1.15,218.0060816571467,-0.724237915982223,1.2981175664531888,301.01445512070904,124.81375927456666,170,1790,151,1569,1.393433266422691,1.708825308997231,0.840825153225227,0.5527404912945786,0.5052866882426248,0.06941595441595441,0.703149151758622,0.7175559770505242,0.5368690820054131,2016-10-06,2026-05-16,164,11
selected_features,90,3,strict,none,none,none,0.52,0.35,tuned,1.15,231.00370717157514,-0.8210802119310099,1.230403643383641,281.34121833030474,124.639646827804,167,2243,490,777,1.9237176813637211,2.620689849689186,1.143048567768042,0.5527404912945786,0.5052866882426248,0.06941595441595441,0.703149151758622,0.7175559770505242,0.5368690820054131,2016-10-06,2026-05-16,165,90
selected_features,90,7,strict,none,soft,soft,0.52,0.35,tuned,1.15,234.2294918076557,-0.853354734400137,1.240689547642547,274.4808019050912,124.25455584698967,139,2246,372,892,1.7654992653324926,2.2654251532824734,1.143048567768042,0.5527404912945786,0.5052866882426248,0.06941595441595441,0.703149151758622,0.7175559770505242,0.5368690820054131,2016-10-06,2026-05-16,166,91
selected_features,3,14,soft,none,soft,none,0.52,0.35,tuned,1.15,218.4620798464924,-0.7459905386409721,1.281796067257889,292.84832518718196,123.34042944162316,142,1956,156,1398,1.393433266422691,1.708825308997231,0.840825153225227,0.5527404912945786,0.5052866882426248,0.06941595441595441,0.703149151758622,0.7175559770505242,0.5368690820054131,2016-10-06,2026-05-16,167,12
selected_features,7,14,soft,strict,none,soft,0.52,0.35,tuned,1.15,206.092332853124,-0.6969305156015371,1.242763240285256,295.7143190598289,120.2243676575009,155,2205,282,1023,1.8565462626633789,2.228544177956739,0.8761898916193999,0.5527404912945786,0.5052866882426248,0.06941595441595441,0.703149151758622,0.7175559770505242,0.5368690820054131,2016-10-06,2026-05-16,168,63
selected_features,3,7,soft,none,none,soft,0.52,0.35,tuned,1.15,202.32906040674737,-0.6738983614703178,1.29640103716994,300.2367596877724,120.01143747075027,173,1784,138,1588,1.3755338272967594,1.6663227488819816,0.840825153225227,0.5527404912945786,0.5052866882426248,0.06941595441595441,0.703149151758622,0.7175559770505242,0.5368690820054131,2016-10-06,2026-05-16,169,13
selected_features,90,3,strict,strict,none,soft,0.52,0.35,tuned,1.15,226.5379607210233,-0.877532956696477,1.2365615608059082,258.15322261381317,118.5599130894811,184,2296,358,856,2.249352474821532,2.730666257140066,1.143048567768042,0.5527404912945786,0.5052866882426248,0.06941595441595441,0.703149151758622,0.7175559770505242,0.5368690820054131,2016-10-06,2026-05-16,170,92
selected_features,90,3,strict,strict,soft,none,0.52,0.35,tuned,1.15,225.65010059890318,-0.871517208223354,1.2329715164358852,258.9164028773522,118.47645427561477,172,2307,378,825,2.26488461582047,2.7888296456188995,1.143048567768042,0.5527404912945786,0.5052866882426248,0.06941595441595441,0.703149151758622,0.7175559770505242,0.5368690820054131,2016-10-06,2026-05-16,171,93
selected_features,7,7,none,strict,soft,soft,0.52,0.35,tuned,1.15,188.0174232640089,-0.5998414383913676,1.279135030384456,313.44520606683494,118.45216365521502,170,1920,195,1395,1.6913468329328771,2.055258856208108,0.8761898916193999,0.5527404912945786,0.5052866882426248,0.06941595441595441,0.703149151758622,0.7175559770505242,0.5368690820054131,2016-10-06,2026-05-16,172,64
selected_features,3,3,soft,none,none,none,0.52,0.35,tuned,1.15,203.29208125709053,-0.7188597446489033,1.2955130303999354,282.7979766155635,116.68607458006872,208,1743,165,1602,1.4964069324094307,1.8599730774502399,0.840825153225227,0.5527404912945786,0.5052866882426248,0.06941595441595441,0.703149151758622,0.7175559770505242,0.5368690820054131,2016-10-06,2026-05-16,173,14
selected_features,90,3,strict,soft,soft,none,0.52,0.35,tuned,1.15,219.59291449604171,-0.8549813915118079,1.2265566087309083,256.83940805746647,116.28632403397187,160,2262,402,846,2.0305451423352916,2.588923801108779,1.143048567768042,0.5527404912945786,0.5052866882426248,0.06941595441595441,0.703149151758622,0.7175559770505242,0.5368690820054131,2016-10-06,2026-05-16,174,94
selected_features,90,7,none,soft,soft,none,0.52,0.35,tuned,1.15,220.65171986771108,-0.8714972410211005,1.2268751312466792,253.18694022390912,115.89093874975511,141,2267,405,838,1.9818849332323754,2.526226200370472,1.143048567768042,0.5527404912945786,0.5052866882426248,0.06941595441595441,0.703149151758622,0.7175559770505242,0.5368690820054131,2016-10-06,2026-05-16,175,95
selected_features,90,7,none,none,soft,soft,0.52,0.35,tuned,1.15,218.09301902944924,-0.867637931259092,1.233646524192267,251.36408998735072,114.77195257569835,138,2208,355,947,1.7050162312963602,2.209798715014264,1.143048567768042,0.5527404912945786,0.5052866882426248,0.06941595441595441,0.703149151758622,0.7175559770505242,0.5368690820054131,2016-10-06,2026-05-16,176,96
selected_features,90,3,none,none,none,none,0.52,0.35,tuned,1.15,215.17488567861508,-0.8511551252051548,1.2196491382366972,252.80337191972058,114.18207337940504,147,2209,485,816,1.8691520606652443,2.5670867953356087,1.143048567768042,0.5527404912945786,0.5052866882426248,0.06941595441595441,0.703149151758622,0.7175559770505242,0.5368690820054131,2016-10-06,2026-05-16,177,97
selected_features,7,7,soft,soft,none,none,0.52,0.35,tuned,1.15,191.20963570270223,-0.6771663471633179,1.249494498410251,282.36730384445195,113.0372166201905,195,2013,273,1224,1.75920612385513,2.20564264029375,0.8761898916193999,0.5527404912945786,0.5052866882426248,0.06941595441595441,0.703149151758622,0.7175559770505242,0.5368690820054131,2016-10-06,2026-05-16,178,65
selected_features,90,7,strict,strict,soft,soft,0.52,0.35,tuned,1.15,213.6105275757426,-0.8571459108455601,1.2207493384938735,249.21139431793983,112.97726701622665,152,2290,337,883,2.121621289318566,2.571720349849467,1.143048567768042,0.5527404912945786,0.5052866882426248,0.06941595441595441,0.703149151758622,0.7175559770505242,0.5368690820054131,2016-10-06,2026-05-16,179,98
selected_features,7,14,none,strict,soft,none,0.52,0.35,tuned,1.15,196.96614185566978,-0.7297694714266115,1.2339078589961456,269.9018656818086,112.29387160442803,148,2173,295,1042,1.846902292400741,2.236150685382335,0.8761898916193999,0.5527404912945786,0.5052866882426248,0.06941595441595441,0.703149151758622,0.7175559770505242,0.5368690820054131,2016-10-06,2026-05-16,180,66
selected_features,3,3,none,none,none,none,0.52,0.35,tuned,1.15,202.0539721321289,-0.7843664460457265,1.2930696060275533,257.6014988284566,111.1626077098825,223,1736,153,1621,1.471782931999933,1.8199367549035002,0.840825153225227,0.5527404912945786,0.5052866882426248,0.06941595441595441,0.703149151758622,0.7175559770505242,0.5368690820054131,2016-10-06,2026-05-16,181,15
selected_features,7,3,strict,soft,none,soft,0.52,0.35,tuned,1.15,180.39531911224358,-0.6308058884899433,1.2766719653521008,285.97595933050576,110.53411542703503,219,1864,173,1473,1.6761701060264427,2.055607498179954,0.8761898916193999,0.5527404912945786,0.5052866882426248,0.06941595441595441,0.703149151758622,0.7175559770505242,0.5368690820054131,2016-10-06,2026-05-16,182,67
selected_features,60,14,none,strict,none,soft,0.56,0.35,tuned,1.15,205.90937477627284,-0.8461167197862903,1.241966831631896,243.35812064827277,109.60347905387471,109,2092,353,1065,1.7807964375264789,2.2004937798365174,0.8177115779335068,0.5527404912945786,0.5052866882426248,0.06941595441595441,0.703149151758622,0.7175559770505242,0.5368690820054131,2016-10-06,2026-05-16,183,3
selected_features,90,7,strict,soft,soft,soft,0.52,0.35,tuned,1.15,208.70533745533066,-0.8758177762212347,1.225374387706273,238.2976723260878,109.31724451723741,144,2265,351,894,1.9050516620382139,2.4003730332704856,1.143048567768042,0.5527404912945786,0.5052866882426248,0.06941595441595441,0.703149151758622,0.7175559770505242,0.5368690820054131,2016-10-06,2026-05-16,184,99
selected_features,3,3,none,soft,none,soft,0.52,0.35,tuned,1.15,191.31391944893002,-0.7303231625713162,1.292253013288861,261.9578965226208,108.93513974064012,195,1729,131,1650,1.5486754406833942,1.8173456634515377,0.840825153225227,0.5527404912945786,0.5052866882426248,0.06941595441595441,0.703149151758622,0.7175559770505242,0.5368690820054131,2016-10-06,2026-05-16,185,16
selected_features,7,7,soft,strict,soft,soft,0.52,0.35,tuned,1.15,179.31233544782904,-0.6466926036408636,1.251102899916653,277.2759954858073,108.52641999192993,176,1965,210,1335,1.7210431676570235,2.098264244166339,0.8761898916193999,0.5527404912945786,0.5052866882426248,0.06941595441595441,0.703149151758622,0.7175559770505242,0.5368690820054131,2016-10-06,2026-05-16,186,68
selected_features,90,7,none,none,none,none,0.52,0.35,tuned,1.15,204.96632605371224,-0.8565228247890895,1.2071469572084685,239.3004834450071,108.4258424091517,138,2238,516,756,1.8691520606652443,2.5670867953356087,1.143048567768042,0.5527404912945786,0.5052866882426248,0.06941595441595441,0.703149151758622,0.7175559770505242,0.5368690820054131,2016-10-06,2026-05-16,187,100
selected_features,90,7,soft,none,none,none,0.52,0.35,tuned,1.15,204.75476914106918,-0.8549878839624392,1.206623752556699,239.48265581511367,108.38454536378528,146,2254,521,735,1.8944154905759003,2.5873894767136063,1.143048567768042,0.5527404912945786,0.5052866882426248,0.06941595441595441,0.703149151758622,0.7175559770505242,0.5368690820054131,2016-10-06,2026-05-16,188,101
selected_features,7,7,strict,soft,soft,none,0.52,0.35,tuned,1.15,174.60061684949258,-0.6206896342305086,1.2462551689454888,281.301003304093,107.91271298200917,194,1975,249,1286,1.6895423314995959,2.1033692802648156,0.8761898916193999,0.5527404912945786,0.5052866882426248,0.06941595441595441,0.703149151758622,0.7175559770505242,0.5368690820054131,2016-10-06,2026-05-16,189,69
selected_features,90,7,strict,none,none,none,0.52,0.35,tuned,1.15,202.63392692045875,-0.8440322761335453,1.2056363101824952,240.07841009198256,107.87479245793108,149,2270,531,709,1.9237176813637211,2.620689849689186,1.143048567768042,0.5527404912945786,0.5052866882426248,0.06941595441595441,0.703149151758622,0.7175559770505242,0.5368690820054131,2016-10-06,2026-05-16,190,102
selected_features,90,3,strict,strict,soft,soft,0.52,0.35,tuned,1.15,202.37815333177366,-0.8614975653856958,1.2276113052321562,234.9143647796244,106.72511095555612,162,2241,304,965,2.121621289318566,2.571720349849467,1.143048567768042,0.5527404912945786,0.5052866882426248,0.06941595441595441,0.703149151758622,0.7175559770505242,0.5368690820054131,2016-10-06,2026-05-16,191,103
selected_features,7,3,none,strict,soft,soft,0.52,0.35,tuned,1.15,167.43318359237958,-0.5891905380233257,1.275142845653472,284.1749362678173,106.3647541547269,205,1827,166,1517,1.6913468329328771,2.055258856208108,0.8761898916193999,0.5527404912945786,0.5052866882426248,0.06941595441595441,0.703149151758622,0.7175559770505242,0.5368690820054131,2016-10-06,2026-05-16,192,70
selected_features,3,7,soft,none,soft,soft,0.52,0.35,tuned,1.15,177.54874488306282,-0.6772973272275342,1.2806045903633128,262.1429876445036,104.95481094141232,170,1722,128,1660,1.2725601613100195,1.596884066154226,0.840825153225227,0.5527404912945786,0.5052866882426248,0.06941595441595441,0.703149151758622,0.7175559770505242,0.5368690820054131,2016-10-06,2026-05-16,193,17
selected_features,3,14,strict,none,soft,none,0.52,0.35,tuned,1.15,184.8088173350177,-0.7390936856404113,1.2496311729130853,250.04789098540897,104.67972720105617,143,1960,188,1362,1.4324588547531893,1.7696200974933878,0.840825153225227,0.5527404912945786,0.5052866882426248,0.06941595441595441,0.703149151758622,0.7175559770505242,0.5368690820054131,2016-10-06,2026-05-16,194,18
selected_features,7,7,strict,soft,soft,soft,0.52,0.35,tuned,1.15,172.7513782272007,-0.6491066710330358,1.2587623400611163,266.1371172665219,104.33802040169468,172,1894,177,1439,1.5741883873582796,1.953174426164231,0.8761898916193999,0.5527404912945786,0.5052866882426248,0.06941595441595441,0.703149151758622,0.7175559770505242,0.5368690820054131,2016-10-06,2026-05-16,195,71
selected_features,7,3,soft,soft,soft,none,0.52,0.35,tuned,1.15,164.1313749198943,-0.6134293770084828,1.265445913810252,267.56360401309024,102.00225262715932,213,1800,199,1511,1.6501013683241812,2.0445224731433655,0.8761898916193999,0.5527404912945786,0.5052866882426248,0.06941595441595441,0.703149151758622,0.7175559770505242,0.5368690820054131,2016-10-06,2026-05-16,196,72
selected_features,7,3,strict,soft,soft,soft,0.52,0.35,tuned,1.15,161.70783436596642,-0.5977449710577978,1.2692887440890506,270.5298115345087,101.90938246330059,203,1793,151,1566,1.5741883873582796,1.953174426164231,0.8761898916193999,0.5527404912945786,0.5052866882426248,0.06941595441595441,0.703149151758622,0.7175559770505242,0.5368690820054131,2016-10-06,2026-05-16,197,73
selected_features,90,7,strict,none,none,soft,0.52,0.35,tuned,1.15,187.7801896184282,-0.8572428773495742,1.1977037213914923,219.05132673602085,99.20196493853268,145,2254,445,811,1.838487669436594,2.39743474232216,1.143048567768042,0.5527404912945786,0.5052866882426248,0.06941595441595441,0.703149151758622,0.7175559770505242,0.5368690820054131,2016-10-06,2026-05-16,198,104
selected_features,7,3,strict,soft,soft,none,0.52,0.35,tuned,1.15,161.82800058449467,-0.6322092008378144,1.246044847797033,255.97223256168598,98.92670088336729,231,1879,205,1426,1.6895423314995959,2.1033692802648156,0.8761898916193999,0.5527404912945786,0.5052866882426248,0.06941595441595441,0.703149151758622,0.7175559770505242,0.5368690820054131,2016-10-06,2026-05-16,199,74
selected_features,90,7,soft,soft,soft,soft,0.52,0.35,tuned,1.15,188.3906310039209,-0.8784820766269091,1.2075507996754022,214.4501703748821,98.46376356025546,134,2242,340,928,1.8783023043727125,2.366907477282953,1.143048567768042,0.5527404912945786,0.5052866882426248,0.06941595441595441,0.703149151758622,0.7175559770505242,0.5368690820054131,2016-10-06,2026-05-16,200,105
selected_features,7,7,strict,strict,soft,soft,0.52,0.35,tuned,1.15,155.17246119526985,-0.6056193367862378,1.2249878070240032,256.22111410560893,97.10368274117833,182,2012,220,1278,1.7633295419385604,2.157128622564623,0.8761898916193999,0.5527404912945786,0.5052866882426248,0.06941595441595441,0.703149151758622,0.7175559770505242,0.5368690820054131,2016-10-06,2026-05-16,201,75
selected_features,60,3,none,strict,soft,none,0.56,0.35,tuned,1.15,181.05708567290807,-0.8446828259269565,1.2393939462615997,214.34919725544992,96.28289950174529,141,1997,260,1253,1.7981777700405068,2.2565198541088547,0.8177115779335068,0.5527404912945786,0.5052866882426248,0.06941595441595441,0.703149151758622,0.7175559770505242,0.5368690820054131,2016-10-06,2026-05-16,202,4
selected_features,7,14,strict,soft,soft,soft,0.52,0.35,tuned,1.15,167.03381709275445,-0.7134578277795187,1.2324393980621837,234.11869712413224,96.18141605725015,146,2025,208,1277,1.5741883873582796,1.953174426164231,0.8761898916193999,0.5527404912945786,0.5052866882426248,0.06941595441595441,0.703149151758622,0.7175559770505242,0.5368690820054131,2016-10-06,2026-05-16,203,76
selected_features,90,7,strict,strict,none,soft,0.52,0.35,tuned,1.15,183.78748301941195,-0.8822893338571771,1.184248504264471,208.30749728769024,95.7813696725327,164,2355,396,759,2.249352474821532,2.730666257140066,1.143048567768042,0.5527404912945786,0.5052866882426248,0.06941595441595441,0.703149151758622,0.7175559770505242,0.5368690820054131,2016-10-06,2026-05-16,204,106
selected_features,3,7,strict,none,soft,none,0.52,0.35,tuned,1.15,168.5099706990202,-0.7452769863402811,1.2481668514112798,226.10381614827074,94.9230166044288,178,1804,169,1537,1.4324588547531893,1.7696200974933878,0.840825153225227,0.5527404912945786,0.5052866882426248,0.06941595441595441,0.703149151758622,0.7175559770505242,0.5368690820054131,2016-10-06,2026-05-16,205,19
selected_features,7,3,soft,strict,soft,soft,0.52,0.35,tuned,1.15,155.92275623773946,-0.6399142164916918,1.2496030552162596,243.66196627507472,94.72068842504785,213,1865,178,1467,1.7210431676570235,2.098264244166339,0.8761898916193999,0.5527404912945786,0.5052866882426248,0.06941595441595441,0.703149151758622,0.7175559770505242,0.5368690820054131,2016-10-06,2026-05-16,206,77
selected_features,60,14,none,strict,none,none,0.56,0.35,tuned,1.15,171.30019760329114,-0.7974150883558615,1.1944385294945197,214.819358330031,93.5552155718718,110,2216,451,843,1.9070617135896188,2.434621720042705,0.8177115779335068,0.5527404912945786,0.5052866882426248,0.06941595441595441,0.703149151758622,0.7175559770505242,0.5368690820054131,2016-10-06,2026-05-16,207,5
selected_features,3,3,none,none,none,soft,0.52,0.35,tuned,1.15,165.61857649636366,-0.7479179236891476,1.2861969230514037,221.4395072649692,93.09474592035949,197,1667,70,1773,1.3491749793872898,1.6245141485165577,0.840825153225227,0.5527404912945786,0.5052866882426248,0.06941595441595441,0.703149151758622,0.7175559770505242,0.5368690820054131,2016-10-06,2026-05-16,208,20
selected_features,7,14,strict,soft,none,none,0.52,0.35,tuned,1.15,155.3380405178538,-0.6816006996998674,1.1827121428547305,227.90182079662563,91.4217246900556,161,2201,371,938,1.7915240501677592,2.2656322603290096,0.8761898916193999,0.5527404912945786,0.5052866882426248,0.06941595441595441,0.703149151758622,0.7175559770505242,0.5368690820054131,2016-10-06,2026-05-16,209,78
selected_features,3,14,none,none,none,soft,0.52,0.35,tuned,1.15,158.88123187988302,-0.736435763291358,1.2384544812429663,215.74350377797234,90.03998468388022,143,1942,110,1458,1.3491749793872898,1.6245141485165577,0.840825153225227,0.5527404912945786,0.5052866882426248,0.06941595441595441,0.703149151758622,0.7175559770505242,0.5368690820054131,2016-10-06,2026-05-16,210,21
selected_features,7,14,strict,strict,none,soft,0.52,0.35,tuned,1.15,150.83382076430675,-0.67048412932672,1.1760238370375031,224.962551933585,89.49215979731375,162,2231,311,968,1.8943534984564072,2.2852898798779746,0.8761898916193999,0.5527404912945786,0.5052866882426248,0.06941595441595441,0.703149151758622,0.7175559770505242,0.5368690820054131,2016-10-06,2026-05-16,211,79
selected_features,7,14,soft,soft,none,none,0.52,0.35,tuned,1.15,158.2668923962979,-0.7472603660578204,1.1928306214327433,211.7961818733094,89.01671935348044,153,2171,331,1008,1.75920612385513,2.20564264029375,0.8761898916193999,0.5527404912945786,0.5052866882426248,0.06941595441595441,0.703149151758622,0.7175559770505242,0.5368690820054131,2016-10-06,2026-05-16,212,80
selected_features,3,7,strict,none,soft,soft,0.52,0.35,tuned,1.15,150.17510550086405,-0.7067406170578414,1.239491573940228,212.48970538306185,86.75686900642836,172,1735,140,1635,1.322619888187486,1.6484814810430306,0.840825153225227,0.5527404912945786,0.5052866882426248,0.06941595441595441,0.703149151758622,0.7175559770505242,0.5368690820054131,2016-10-06,2026-05-16,213,22
selected_features,3,7,none,soft,soft,none,0.52,0.35,tuned,1.15,151.0170579945408,-0.7147904603644522,1.221989670085207,211.2745851665974,86.744242740756,175,1842,197,1471,1.5653754541721892,1.8617372892043496,0.840825153225227,0.5527404912945786,0.5052866882426248,0.06941595441595441,0.703149151758622,0.7175559770505242,0.5368690820054131,2016-10-06,2026-05-16,214,23
selected_features,90,7,strict,none,soft,none,0.52,0.35,tuned,1.15,160.89396407652498,-0.8620866716885816,1.1699609057889986,186.63316504056334,84.63270020848559,147,2255,473,782,1.8507292772596198,2.450190096274269,1.143048567768042,0.5527404912945786,0.5052866882426248,0.06941595441595441,0.703149151758622,0.7175559770505242,0.5368690820054131,2016-10-06,2026-05-16,215,107
selected_features,90,7,strict,strict,soft,none,0.52,0.35,tuned,1.15,160.9647956387791,-0.8798241076856573,1.1606467136723726,182.95110833254006,83.87810657331998,154,2364,414,732,2.26488461582047,2.7888296456188995,1.143048567768042,0.5527404912945786,0.5052866882426248,0.06941595441595441,0.703149151758622,0.7175559770505242,0.5368690820054131,2016-10-06,2026-05-16,216,108
selected_features,3,3,strict,none,soft,none,0.52,0.35,tuned,1.15,142.41253608575929,-0.6921954525322016,1.2366009440257115,205.74035204187376,83.0413972488463,199,1702,144,1664,1.4324588547531893,1.7696200974933878,0.840825153225227,0.5527404912945786,0.5052866882426248,0.06941595441595441,0.703149151758622,0.7175559770505242,0.5368690820054131,2016-10-06,2026-05-16,217,24
selected_features,7,7,strict,soft,none,soft,0.52,0.35,tuned,1.15,138.95140441441632,-0.6600362296803681,1.2070365357906154,210.52087471274947,83.01901376730105,184,1962,205,1343,1.6761701060264427,2.055607498179954,0.8761898916193999,0.5527404912945786,0.5052866882426248,0.06941595441595441,0.703149151758622,0.7175559770505242,0.5368690820054131,2016-10-06,2026-05-16,218,81
selected_features,7,7,none,strict,none,soft,0.52,0.35,tuned,1.15,143.1850308671844,-0.7005668590177909,1.1988533446968974,204.38453378730011,82.99630611448703,190,2055,224,1231,1.8286248920871546,2.186434608075242,0.8761898916193999,0.5527404912945786,0.5052866882426248,0.06941595441595441,0.703149151758622,0.7175559770505242,0.5368690820054131,2016-10-06,2026-05-16,219,82
selected_features,7,3,strict,soft,none,none,0.52,0.35,tuned,1.15,137.10349536833175,-0.6527227903143942,1.1953057907528035,210.0485801978719,82.2652181889444,239,1965,250,1295,1.7915240501677592,2.2656322603290096,0.8761898916193999,0.5527404912945786,0.5052866882426248,0.06941595441595441,0.703149151758622,0.7175559770505242,0.5368690820054131,2016-10-06,2026-05-16,220,83
selected_features,60,7,none,strict,none,none,0.56,0.35,tuned,1.15,149.8702080399639,-0.7886183700524569,1.183910138866346,190.04148740536553,82.13795547909992,130,2148,365,997,1.9070617135896188,2.434621720042705,0.8177115779335068,0.5527404912945786,0.5052866882426248,0.06941595441595441,0.703149151758622,0.7175559770505242,0.5368690820054131,2016-10-06,2026-05-16,221,6
selected_features,3,3,soft,none,soft,none,0.52,0.35,tuned,1.15,147.29328466252224,-0.7763076799107723,1.243463218571368,189.73570463640385,81.20595385264895,197,1684,133,1693,1.393433266422691,1.708825308997231,0.840825153225227,0.5527404912945786,0.5052866882426248,0.06941595441595441,0.703149151758622,0.7175559770505242,0.5368690820054131,2016-10-06,2026-05-16,222,25
selected_features,3,7,none,none,soft,soft,0.52,0.35,tuned,1.15,138.93042523671355,-0.6989588292885234,1.2403442248220728,198.7676804628566,80.67108560566244,161,1701,76,1733,1.245496271924086,1.5596397480411006,0.840825153225227,0.5527404912945786,0.5052866882426248,0.06941595441595441,0.703149151758622,0.7175559770505242,0.5368690820054131,2016-10-06,2026-05-16,223,26
selected_features,7,3,none,strict,none,soft,0.52,0.35,tuned,1.15,133.6956487966364,-0.667782960279605,1.2109886536383812,200.20823643157524,79.3014592537299,219,1943,196,1371,1.8286248920871546,2.186434608075242,0.8761898916193999,0.5527404912945786,0.5052866882426248,0.06941595441595441,0.703149151758622,0.7175559770505242,0.5368690820054131,2016-10-06,2026-05-16,224,84
selected_features,3,3,none,none,soft,none,0.52,0.35,tuned,1.15,142.59923265466082,-0.7787383281876556,1.2459942701900892,183.11572384850965,78.44558965043213,210,1676,114,1720,1.368104224536729,1.6658561620911494,0.840825153225227,0.5527404912945786,0.5052866882426248,0.06941595441595441,0.703149151758622,0.7175559770505242,0.5368690820054131,2016-10-06,2026-05-16,225,27
selected_features,14,3,soft,soft,none,soft,0.52,0.32,tuned,1.15,141.2273983269625,-0.7813690591667969,1.2163645330287203,180.74352531639602,77.6399408239695,163,1884,187,1439,1.7905985536253666,2.1809736532029707,0.9786361953517102,0.5527404912945786,0.5052866882426248,0.06941595441595441,0.703149151758622,0.7175559770505242,0.5368690820054131,2016-10-06,2026-05-16,226,1
selected_features,7,7,soft,strict,none,soft,0.52,0.35,tuned,1.15,130.84078526725673,-0.693349387275076,1.1829059876163082,188.70830156996678,76.16122625574225,190,2063,242,1205,1.8565462626633789,2.228544177956739,0.8761898916193999,0.5527404912945786,0.5052866882426248,0.06941595441595441,0.703149151758622,0.7175559770505242,0.5368690820054131,2016-10-06,2026-05-16,227,85
selected_features,3,3,strict,none,none,soft,0.52,0.35,tuned,1.15,125.59916206843549,-0.6520666101959167,1.2181153464702459,192.61707332430132,75.4204203939106,197,1684,132,1694,1.4189342105790066,1.7260640889367949,0.840825153225227,0.5527404912945786,0.5052866882426248,0.06941595441595441,0.703149151758622,0.7175559770505242,0.5368690820054131,2016-10-06,2026-05-16,228,28
selected_features,3,3,none,soft,soft,soft,0.52,0.35,tuned,1.15,134.13970319448177,-0.745891347827605,1.2325052133562706,179.8381273427574,75.3245490667862,192,1672,110,1728,1.4209329311759082,1.7109806998756358,0.840825153225227,0.5527404912945786,0.5052866882426248,0.06941595441595441,0.703149151758622,0.7175559770505242,0.5368690820054131,2016-10-06,2026-05-16,229,29
selected_features,60,14,soft,soft,none,none,0.56,0.35,tuned,1.15,138.3482119606447,-0.7996194811452775,1.1658628781628313,173.01756050576907,75.29450334527262,111,2062,501,947,1.6825578631028912,2.3036996600027546,0.8177115779335068,0.5527404912945786,0.5052866882426248,0.06941595441595441,0.703149151758622,0.7175559770505242,0.5368690820054131,2016-10-06,2026-05-16,230,7
selected_features,60,14,none,strict,soft,soft,0.56,0.35,tuned,1.15,143.48858561184247,-0.8741423735675848,1.1932713833230866,164.14784359009062,74.96511141877446,118,2012,306,1192,1.671912493977367,2.0646723552172483,0.8177115779335068,0.5527404912945786,0.5052866882426248,0.06941595441595441,0.703149151758622,0.7175559770505242,0.5368690820054131,2016-10-06,2026-05-16,231,8
selected_features,60,14,soft,strict,soft,soft,0.56,0.35,tuned,1.15,139.96272882109974,-0.8652710421798593,1.1859467339357253,161.75593773309987,73.44949874710258,112,2013,340,1157,1.7031841148927285,2.09912579732592,0.8177115779335068,0.5527404912945786,0.5052866882426248,0.06941595441595441,0.703149151758622,0.7175559770505242,0.5368690820054131,2016-10-06,2026-05-16,232,9
selected_features,3,14,soft,none,none,none,0.52,0.35,tuned,1.15,132.8528655667606,-0.775307575692103,1.1789863545753012,171.35504634810937,73.28037969413629,145,1993,257,1260,1.4964069324094307,1.8599730774502399,0.840825153225227,0.5527404912945786,0.5052866882426248,0.06941595441595441,0.703149151758622,0.7175559770505242,0.5368690820054131,2016-10-06,2026-05-16,233,30
selected_features,60,7,none,strict,soft,none,0.56,0.35,tuned,1.15,137.80098450259928,-0.8403469875456145,1.1815793999469544,163.9810537133857,73.25762514900633,121,2027,306,1177,1.7981777700405068,2.2565198541088547,0.8177115779335068,0.5527404912945786,0.5052866882426248,0.06941595441595441,0.703149151758622,0.7175559770505242,0.5368690820054131,2016-10-06,2026-05-16,234,10
selected_features,3,14,none,none,none,none,0.52,0.35,tuned,1.15,133.96150062436504,-0.7901966459054834,1.1795582803494058,169.52932073111884,73.22741392427372,146,2007,228,1275,1.471782931999933,1.8199367549035002,0.840825153225227,0.5527404912945786,0.5052866882426248,0.06941595441595441,0.703149151758622,0.7175559770505242,0.5368690820054131,2016-10-06,2026-05-16,235,31
selected_features,7,3,soft,soft,none,none,0.52,0.35,tuned,1.15,122.08582545493948,-0.6650874358638249,1.18863712122838,183.5635720533086,72.47312574474371,225,1906,239,1365,1.75920612385513,2.20564264029375,0.8761898916193999,0.5527404912945786,0.5052866882426248,0.06941595441595441,0.703149151758622,0.7175559770505242,0.5368690820054131,2016-10-06,2026-05-16,236,86
selected_features,60,3,none,strict,none,soft,0.56,0.35,tuned,1.15,136.30131163871943,-0.84828627094865,1.1911522312659744,160.67843640365868,72.08662621460482,148,1960,241,1309,1.7807964375264789,2.2004937798365174,0.8177115779335068,0.5527404912945786,0.5052866882426248,0.06941595441595441,0.703149151758622,0.7175559770505242,0.5368690820054131,2016-10-06,2026-05-16,237,11
selected_features,60,3,soft,strict,none,soft,0.56,0.35,tuned,1.15,135.4177329142488,-0.8551748664627152,1.1875692684021806,158.35092707340795,71.3321859498186,155,1974,259,1277,1.8096060884163976,2.237120328579846,0.8177115779335068,0.5527404912945786,0.5052866882426248,0.06941595441595441,0.703149151758622,0.7175559770505242,0.5368690820054131,2016-10-06,2026-05-16,238,12
selected_features,14,3,none,soft,none,soft,0.52,0.32,tuned,1.15,130.57283635641735,-0.8052585026447988,1.2067009383387373,162.15021130179025,70.69966536739581,159,1867,171,1472,1.76073517201873,2.140815512472279,0.9786361953517102,0.5527404912945786,0.5052866882426248,0.06941595441595441,0.703149151758622,0.7175559770505242,0.5368690820054131,2016-10-06,2026-05-16,239,2
selected_features,60,14,soft,strict,none,soft,0.56,0.35,tuned,1.15,132.54371010214354,-0.8488669559591258,1.1593959451501321,156.14191266567067,70.11420044963084,111,2126,372,1012,1.8096060884163976,2.237120328579846,0.8177115779335068,0.5527404912945786,0.5052866882426248,0.06941595441595441,0.703149151758622,0.7175559770505242,0.5368690820054131,2016-10-06,2026-05-16,240,13
selected_features,60,3,soft,strict,soft,soft,0.56,0.35,tuned,1.15,129.99778104106238,-0.856474854106241,1.1956294736671156,151.78236747734903,68.4116845559392,146,1872,228,1410,1.7031841148927285,2.09912579732592,0.8177115779335068,0.5527404912945786,0.5052866882426248,0.06941595441595441,0.703149151758622,0.7175559770505242,0.5368690820054131,2016-10-06,2026-05-16,241,14
selected_features,60,3,soft,soft,none,none,0.56,0.35,tuned,1.15,125.71361372041568,-0.8028742325390416,1.1679195424646858,156.57945992718427,68.13115515075039,152,1961,393,1156,1.6825578631028912,2.3036996600027546,0.8177115779335068,0.5527404912945786,0.5052866882426248,0.06941595441595441,0.703149151758622,0.7175559770505242,0.5368690820054131,2016-10-06,2026-05-16,242,15
selected_features,60,14,none,soft,soft,none,0.56,0.35,tuned,1.15,125.27817969166026,-0.8002681154991211,1.1629860042243718,156.54525935164267,68.07321573493124,113,1951,453,1106,1.5761256976159332,2.085603466444776,0.8177115779335068,0.5527404912945786,0.5052866882426248,0.06941595441595441,0.703149151758622,0.7175559770505242,0.5368690820054131,2016-10-06,2026-05-16,243,16
selected_features,3,7,strict,strict,none,soft,0.52,0.35,tuned,1.15,119.75362263830515,-0.7328789029148557,1.1406769084104766,163.4016508894074,67.72355525867313,183,2075,246,1189,1.8380437753481886,2.1781016393154133,0.840825153225227,0.5527404912945786,0.5052866882426248,0.06941595441595441,0.703149151758622,0.7175559770505242,0.5368690820054131,2016-10-06,2026-05-16,244,32
selected_features,60,3,soft,strict,none,none,0.56,0.35,tuned,1.15,125.37141818238614,-0.8149661049196197,1.1501195164396645,153.8363588688778,67.46053142809575,151,2093,349,1068,1.9329826567489103,2.474115682736338,0.8177115779335068,0.5527404912945786,0.5052866882426248,0.06941595441595441,0.703149151758622,0.7175559770505242,0.5368690820054131,2016-10-06,2026-05-16,245,17
selected_features,60,14,strict,none,soft,soft,0.56,0.35,tuned,1.15,123.90594305916778,-0.8002681154991211,1.1672421841227902,154.83053824016042,67.32809018585148,109,1884,439,1187,1.3690461862159895,1.8647588172924436,0.8177115779335068,0.5527404912945786,0.5052866882426248,0.06941595441595441,0.703149151758622,0.7175559770505242,0.5368690820054131,2016-10-06,2026-05-16,246,18
selected_features,3,7,strict,soft,none,soft,0.52,0.35,tuned,1.15,117.21483811873762,-0.7104456813193154,1.1562104872817562,164.98775515260607,67.30461903504198,187,1919,200,1391,1.6111005641604528,1.9164974328222697,0.840825153225227,0.5527404912945786,0.5052866882426248,0.06941595441595441,0.703149151758622,0.7175559770505242,0.5368690820054131,2016-10-06,2026-05-16,247,33
selected_features,14,3,none,none,soft,none,0.52,0.32,tuned,1.15,120.98436063497954,-0.7815957938612456,1.1904070080577098,154.79146841015054,66.37124958301762,161,1850,182,1478,1.5929740433731399,2.021894068644136,0.9786361953517102,0.5527404912945786,0.5052866882426248,0.06941595441595441,0.703149151758622,0.7175559770505242,0.5368690820054131,2016-10-06,2026-05-16,248,3
selected_features,7,14,soft,strict,soft,none,0.52,0.35,tuned,1.15,122.85944060077476,-0.8077252781513868,1.1448938376143343,152.10547933074344,66.36398429185691,153,2205,325,980,1.8733436954077731,2.278821321514133,0.8761898916193999,0.5527404912945786,0.5052866882426248,0.06941595441595441,0.703149151758622,0.7175559770505242,0.5368690820054131,2016-10-06,2026-05-16,249,87
selected_features,14,3,soft,none,soft,none,0.52,0.32,tuned,1.15,120.9200839959097,-0.7882270745848959,1.187036515655011,153.4076764104936,66.04973941811977,169,1856,189,1465,1.6165561190935565,2.056748995118659,0.9786361953517102,0.5527404912945786,0.5052866882426248,0.06941595441595441,0.703149151758622,0.7175559770505242,0.5368690820054131,2016-10-06,2026-05-16,250,4
selected_features,60,7,soft,soft,none,none,0.56,0.35,tuned,1.15,121.8392413622676,-0.803644877900009,1.1543867786882702,151.60830948197378,66.00891358024091,132,1990,438,1082,1.6825578631028912,2.3036996600027546,0.8177115779335068,0.5527404912945786,0.5052866882426248,0.06941595441595441,0.703149151758622,0.7175559770505242,0.5368690820054131,2016-10-06,2026-05-16,251,19
selected_features,14,14,none,soft,none,none,0.52,0.32,tuned,1.15,124.62669474483812,-0.8475926067991264,1.1505870067563373,147.03608047677767,65.88643921267278,126,2011,388,1111,1.8789337175296925,2.3654466561038454,0.9786361953517102,0.5527404912945786,0.5052866882426248,0.06941595441595441,0.703149151758622,0.7175559770505242,0.5368690820054131,2016-10-06,2026-05-16,252,5
selected_features,7,7,strict,soft,none,none,0.52,0.35,tuned,1.15,112.92296485511002,-0.6890172939591226,1.149655596397331,163.889884688162,65.79197423545557,202,2054,301,1155,1.7915240501677592,2.2656322603290096,0.8761898916193999,0.5527404912945786,0.5052866882426248,0.06941595441595441,0.703149151758622,0.7175559770505242,0.5368690820054131,2016-10-06,2026-05-16,253,88
selected_features,3,14,strict,none,soft,soft,0.52,0.35,tuned,1.15,115.90411062321458,-0.7430526722993733,1.17131804391595,155.9837074060306,65.15512014316687,147,1882,165,1463,1.322619888187486,1.6484814810430306,0.840825153225227,0.5527404912945786,0.5052866882426248,0.06941595441595441,0.703149151758622,0.7175559770505242,0.5368690820054131,2016-10-06,2026-05-16,254,34
selected_features,3,3,none,none,soft,soft,0.52,0.35,tuned,1.15,113.76207842573422,-0.7484953468093236,1.2165044897259507,151.98768958374657,63.64631883236202,185,1609,60,1841,1.245496271924086,1.5596397480411006,0.840825153225227,0.5527404912945786,0.5052866882426248,0.06941595441595441,0.703149151758622,0.7175559770505242,0.5368690820054131,2016-10-06,2026-05-16,255,35
selected_features,3,3,none,soft,soft,none,0.52,0.35,tuned,1.15,112.47527478881163,-0.7320052567652139,1.1843424067656882,153.6536435350865,63.560824415072275,206,1743,162,1605,1.5653754541721892,1.8617372892043496,0.840825153225227,0.5527404912945786,0.5052866882426248,0.06941595441595441,0.703149151758622,0.7175559770505242,0.5368690820054131,2016-10-06,2026-05-16,256,36
selected_features,60,14,soft,soft,none,soft,0.56,0.35,tuned,1.15,115.42245991596845,-0.7808919144505609,1.1475096346701865,147.808496643457,63.3819507825533,116,1998,428,1084,1.5851576919112895,2.0661019302895838,0.8177115779335068,0.5527404912945786,0.5052866882426248,0.06941595441595441,0.703149151758622,0.7175559770505242,0.5368690820054131,2016-10-06,2026-05-16,257,20
selected_features,30,3,none,none,soft,soft,0.52,0.32,tuned,1.15,113.78809315524884,-0.768373191963919,1.1657135755333128,148.08961887961348,62.91988498397912,141,1921,189,1400,1.484356162291151,1.9477178363895598,0.9804382773345159,0.5527404912945786,0.5052866882426248,0.06941595441595441,0.703149151758622,0.7175559770505242,0.5368690820054131,2016-10-06,2026-05-16,258,1
selected_features,3,7,soft,soft,none,soft,0.52,0.35,tuned,1.15,111.19832520589065,-0.7484194718534513,1.1545322618956533,148.57754158975771,62.1755678315654,184,1874,188,1448,1.576473458722553,1.8590595248012596,0.840825153225227,0.5527404912945786,0.5052866882426248,0.06941595441595441,0.703149151758622,0.7175559770505242,0.5368690820054131,2016-10-06,2026-05-16,259,37
selected_features,60,3,none,strict,soft,soft,0.56,0.35,tuned,1.15,118.29772438866326,-0.8686014221691238,1.1821575111674922,136.19333490525844,61.74998764884788,153,1850,213,1447,1.671912493977367,2.0646723552172483,0.8177115779335068,0.5527404912945786,0.5052866882426248,0.06941595441595441,0.703149151758622,0.7175559770505242,0.5368690820054131,2016-10-06,2026-05-16,260,21
selected_features,3,14,strict,soft,none,soft,0.52,0.35,tuned,1.15,111.15226744761212,-0.7614616139208842,1.1324919149577077,145.97225311893507,61.67467601090474,155,2062,256,1192,1.6111005641604528,1.9164974328222697,0.840825153225227,0.5527404912945786,0.5052866882426248,0.06941595441595441,0.703149151758622,0.7175559770505242,0.5368690820054131,2016-10-06,2026-05-16,261,38
selected_features,14,3,none,none,none,soft,0.52,0.32,tuned,1.15,110.61819472931694,-0.7829376477017292,1.1739534772218416,141.28608459949604,60.560886996094766,157,1847,167,1496,1.5792061289074149,1.9738953332431601,0.9786361953517102,0.5527404912945786,0.5052866882426248,0.06941595441595441,0.703149151758622,0.7175559770505242,0.5368690820054131,2016-10-06,2026-05-16,262,6
selected_features,14,3,none,strict,soft,none,0.52,0.32,tuned,1.15,109.56983344912666,-0.7690781520266314,1.1475935309327965,142.46904968031455,60.455070016594085,175,1948,271,1291,2.0007993299021756,2.419553233711563,0.9786361953517102,0.5527404912945786,0.5052866882426248,0.06941595441595441,0.703149151758622,0.7175559770505242,0.5368690820054131,2016-10-06,2026-05-16,263,7
selected_features,30,7,none,soft,soft,soft,0.52,0.32,tuned,1.15,115.45576015978384,-0.8640756429672197,1.15647829137624,133.617653847192,60.454931665646214,115,1983,192,1335,1.6639037784191033,2.0511459425386245,0.9804382773345159,0.5527404912945786,0.5052866882426248,0.06941595441595441,0.703149151758622,0.7175559770505242,0.5368690820054131,2016-10-06,2026-05-16,264,2
selected_features,7,7,none,strict,soft,none,0.52,0.35,tuned,1.15,106.3726653509429,-0.7322973427856967,1.1405289730622221,145.258843827421,60.091381832856726,178,2051,258,1201,1.846902292400741,2.236150685382335,0.8761898916193999,0.5527404912945786,0.5052866882426248,0.06941595441595441,0.703149151758622,0.7175559770505242,0.5368690820054131,2016-10-06,2026-05-16,265,89
selected_features,7,7,none,strict,none,none,0.52,0.35,tuned,1.15,108.35287752861923,-0.7691009229002594,1.1382439027229156,140.8825217892385,59.767376828761165,176,2124,294,1092,1.984180351555019,2.4226043305855285,0.8761898916193999,0.5527404912945786,0.5052866882426248,0.06941595441595441,0.703149151758622,0.7175559770505242,0.5368690820054131,2016-10-06,2026-05-16,266,90
selected_features,14,3,soft,none,none,soft,0.52,0.32,tuned,1.15,109.48064879923928,-0.7882270745848958,1.1693722613862871,138.89480877943083,59.729152843912026,159,1852,176,1482,1.6043274191664556,2.0077332147511764,0.9786361953517102,0.5527404912945786,0.5052866882426248,0.06941595441595441,0.703149151758622,0.7175559770505242,0.5368690820054131,2016-10-06,2026-05-16,267,8
selected_features,3,3,strict,none,none,none,0.52,0.35,tuned,1.15,107.6395343909579,-0.7673486588390973,1.1562910280691507,140.27461070148095,59.33629849385889,228,1794,177,1539,1.52877317714471,1.9198691044482963,0.840825153225227,0.5527404912945786,0.5052866882426248,0.06941595441595441,0.703149151758622,0.7175559770505242,0.5368690820054131,2016-10-06,2026-05-16,268,39
selected_features,60,14,none,soft,none,none,0.56,0.35,tuned,1.15,109.54936798431135,-0.8164196334645334,1.1329977083451312,134.1826721136421,58.851369474111955,113,2042,486,982,1.6572878895003023,2.269252906051699,0.8177115779335068,0.5527404912945786,0.5052866882426248,0.06941595441595441,0.703149151758622,0.7175559770505242,0.5368690820054131,2016-10-06,2026-05-16,269,22
selected_features,3,3,soft,none,none,soft,0.52,0.35,tuned,1.15,104.3753478914635,-0.7467144820725968,1.1858252379650998,139.7794610890056,58.3481423159372,201,1674,119,1717,1.3755338272967594,1.6663227488819816,0.840825153225227,0.5527404912945786,0.5052866882426248,0.06941595441595441,0.703149151758622,0.7175559770505242,0.5368690820054131,2016-10-06,2026-05-16,270,40
selected_features,60,7,none,soft,none,none,0.56,0.35,tuned,1.15,108.30966502863384,-0.8190772878392231,1.1392426678473309,132.23375453903927,58.05653874034554,129,1966,427,1117,1.6572878895003023,2.269252906051699,0.8177115779335068,0.5527404912945786,0.5052866882426248,0.06941595441595441,0.703149151758622,0.7175559770505242,0.5368690820054131,2016-10-06,2026-05-16,271,23
selected_features,3,3,strict,strict,none,soft,0.52,0.35,tuned,1.15,100.29225200760087,-0.6978495088925424,1.1240403210770145,143.71616047528704,57.94000992359895,206,1968,216,1326,1.8380437753481886,2.1781016393154133,0.840825153225227,0.5527404912945786,0.5052866882426248,0.06941595441595441,0.703149151758622,0.7175559770505242,0.5368690820054131,2016-10-06,2026-05-16,272,41
selected_features,14,14,none,none,none,soft,0.52,0.32,tuned,1.15,108.15945377521543,-0.8322709178280612,1.1464281493868635,129.95702656230515,57.56415265002599,118,1967,254,1289,1.5792061289074149,1.9738953332431601,0.9786361953517102,0.5527404912945786,0.5052866882426248,0.06941595441595441,0.703149151758622,0.7175559770505242,0.5368690820054131,2016-10-06,2026-05-16,273,9
selected_features,60,14,soft,strict,none,none,0.56,0.35,tuned,1.15,106.73188517151125,-0.8164972954450198,1.1055266146306266,130.71921458519788,57.31172116430739,109,2193,480,837,1.9329826567489103,2.474115682736338,0.8177115779335068,0.5527404912945786,0.5052866882426248,0.06941595441595441,0.703149151758622,0.7175559770505242,0.5368690820054131,2016-10-06,2026-05-16,274,24
selected_features,3,7,soft,soft,soft,soft,0.52,0.35,tuned,1.15,101.87033162668268,-0.7416675665765236,1.1485690152309314,137.35308946689923,57.176632078494826,165,1786,135,1589,1.4506872184685584,1.752648779343515,0.840825153225227,0.5527404912945786,0.5052866882426248,0.06941595441595441,0.703149151758622,0.7175559770505242,0.5368690820054131,2016-10-06,2026-05-16,275,42
selected_features,7,7,strict,strict,none,soft,0.52,0.35,tuned,1.15,96.42940442476926,-0.6651073371472924,1.118911611884198,144.98322156294952,57.089700532746036,198,2108,252,1150,1.8943534984564072,2.2852898798779746,0.8761898916193999,0.5527404912945786,0.5052866882426248,0.06941595441595441,0.703149151758622,0.7175559770505242,0.5368690820054131,2016-10-06,2026-05-16,276,91
selected_features,14,3,soft,soft,soft,soft,0.52,0.32,tuned,1.15,106.50282633760669,-0.82253727535291,1.1737450694523446,129.4808509339733,56.93565726819386,147,1850,139,1521,1.6912297751027392,2.0641266626222037,0.9786361953517102,0.5527404912945786,0.5052866882426248,0.06941595441595441,0.703149151758622,0.7175559770505242,0.5368690820054131,2016-10-06,2026-05-16,277,10
selected_features,60,14,soft,none,none,soft,0.56,0.35,tuned,1.15,106.47917862042213,-0.8261573632148931,1.1367694124366667,128.88486305571504,56.86389878760386,111,1931,470,1109,1.389108517559967,1.955587195754647,0.8177115779335068,0.5527404912945786,0.5052866882426248,0.06941595441595441,0.703149151758622,0.7175559770505242,0.5368690820054131,2016-10-06,2026-05-16,278,25
selected_features,3,14,soft,soft,none,soft,0.52,0.35,tuned,1.15,105.65697982953306,-0.8168044875378861,1.1280024125136356,129.35406384460188,56.6397019527377,151,2039,237,1234,1.576473458722553,1.8590595248012596,0.840825153225227,0.5527404912945786,0.5052866882426248,0.06941595441595441,0.703149151758622,0.7175559770505242,0.5368690820054131,2016-10-06,2026-05-16,279,43
selected_features,60,14,none,soft,none,soft,0.56,0.35,tuned,1.15,105.48252920901955,-0.8288307285444863,1.1396337269712287,127.2666728877897,56.24692673402312,107,1940,397,1173,1.5591457767414294,2.0319579463046016,0.8177115779335068,0.5527404912945786,0.5052866882426248,0.06941595441595441,0.703149151758622,0.7175559770505242,0.5368690820054131,2016-10-06,2026-05-16,280,26
selected_features,3,3,strict,soft,none,soft,0.52,0.35,tuned,1.15,97.34405653588415,-0.7012134040394026,1.1379690443333856,138.82229856863117,56.05744908495891,216,1817,159,1534,1.6111005641604528,1.9164974328222697,0.840825153225227,0.5527404912945786,0.5052866882426248,0.06941595441595441,0.703149151758622,0.7175559770505242,0.5368690820054131,2016-10-06,2026-05-16,281,44
selected_features,30,3,soft,none,soft,soft,0.52,0.32,tuned,1.15,101.55574410779151,-0.7725256916711307,1.142177267750617,131.45937436476152,55.91470303441356,139,1927,184,1399,1.510930698633121,1.9689847778546734,0.9804382773345159,0.5527404912945786,0.5052866882426248,0.06941595441595441,0.703149151758622,0.7175559770505242,0.5368690820054131,2016-10-06,2026-05-16,282,3
selected_features,3,3,soft,soft,none,soft,0.52,0.35,tuned,1.15,99.54461273982558,-0.7418007534618444,1.1480885136389325,134.1931944329655,55.7426027464871,217,1770,150,1590,1.576473458722553,1.8590595248012596,0.840825153225227,0.5527404912945786,0.5052866882426248,0.06941595441595441,0.703149151758622,0.7175559770505242,0.5368690820054131,2016-10-06,2026-05-16,283,45
selected_features,14,3,none,soft,soft,soft,0.52,0.32,tuned,1.15,103.44091204287058,-0.8217133590506733,1.1691874724748463,125.88442296030823,55.29723212147567,147,1836,133,1541,1.657469555425031,2.0262061087360195,0.9786361953517102,0.5527404912945786,0.5052866882426248,0.06941595441595441,0.703149151758622,0.7175559770505242,0.5368690820054131,2016-10-06,2026-05-16,284,11
selected_features,14,7,none,soft,none,soft,0.52,0.32,tuned,1.15,102.58274536077586,-0.8231337003458171,1.1537313446743749,124.62464520366318,54.804641494169154,135,1914,197,1399,1.76073517201873,2.140815512472279,0.9786361953517102,0.5527404912945786,0.5052866882426248,0.06941595441595441,0.703149151758622,0.7175559770505242,0.5368690820054131,2016-10-06,2026-05-16,285,12
selected_features,60,7,none,strict,none,soft,0.56,0.35,tuned,1.15,103.47065273793778,-0.8457978987641206,1.133452288138871,122.33496073840931,54.59564889645665,126,2002,278,1230,1.7807964375264789,2.2004937798365174,0.8177115779335068,0.5527404912945786,0.5052866882426248,0.06941595441595441,0.703149151758622,0.7175559770505242,0.5368690820054131,2016-10-06,2026-05-16,286,27
selected_features,3,3,soft,soft,none,none,0.52,0.35,tuned,1.15,94.19819130435447,-0.6973633803155062,1.116260236999693,135.0776280534499,54.36996985955183,212,1866,222,1422,1.7175753999438539,2.081498562827899,0.840825153225227,0.5527404912945786,0.5052866882426248,0.06941595441595441,0.703149151758622,0.7175559770505242,0.5368690820054131,2016-10-06,2026-05-16,287,46
selected_features,30,3,none,soft,soft,soft,0.52,0.32,tuned,1.15,101.67323875918606,-0.840013608913162,1.140890815780513,121.03760901056631,53.8147882042508,122,1940,176,1394,1.6639037784191033,2.0511459425386245,0.9804382773345159,0.5527404912945786,0.5052866882426248,0.06941595441595441,0.703149151758622,0.7175559770505242,0.5368690820054131,2016-10-06,2026-05-16,288,4
selected_features,7,14,none,strict,none,none,0.52,0.35,tuned,1.15,97.96102719223181,-0.7761733853255003,1.106087472975193,126.21023735714714,53.759269512983415,144,2225,330,955,1.984180351555019,2.4226043305855285,0.8761898916193999,0.5527404912945786,0.5052866882426248,0.06941595441595441,0.703149151758622,0.7175559770505242,0.5368690820054131,2016-10-06,2026-05-16,289,92
selected_features,7,7,soft,strict,soft,none,0.52,0.35,tuned,1.15,98.57051538824805,-0.7874753970447099,1.1280104893007676,125.17281905970655,53.636177853365105,190,2089,274,1147,1.8733436954077731,2.278821321514133,0.8761898916193999,0.5527404912945786,0.5052866882426248,0.06941595441595441,0.703149151758622,0.7175559770505242,0.5368690820054131,2016-10-06,2026-05-16,290,93
selected_features,14,3,soft,strict,soft,none,0.52,0.32,tuned,1.15,95.96756900799303,-0.7492157669006432,1.1197142853454938,128.09069596198142,53.51779018603932,173,1968,305,1237,2.0258583427999635,2.462650236161751,0.9786361953517102,0.5527404912945786,0.5052866882426248,0.06941595441595441,0.703149151758622,0.7175559770505242,0.5368690820054131,2016-10-06,2026-05-16,291,13
selected_features,60,7,soft,strict,soft,soft,0.56,0.35,tuned,1.15,102.34316951042774,-0.8632212287427251,1.1421824329761294,118.55960685708547,53.479609540158656,128,1918,269,1323,1.7031841148927285,2.09912579732592,0.8177115779335068,0.5527404912945786,0.5052866882426248,0.06941595441595441,0.703149151758622,0.7175559770505242,0.5368690820054131,2016-10-06,2026-05-16,292,28
selected_features,60,14,soft,soft,soft,none,0.56,0.35,tuned,1.15,98.78766059688846,-0.8002681154991211,1.115970943864555,123.44320445064258,53.47719375517375,119,2002,470,1038,1.600901359620266,2.121197424963181,0.8177115779335068,0.5527404912945786,0.5052866882426248,0.06941595441595441,0.703149151758622,0.7175559770505242,0.5368690820054131,2016-10-06,2026-05-16,293,29
selected_features,60,14,strict,strict,none,none,0.56,0.35,tuned,1.15,99.5331797138025,-0.815298892821965,1.0921416858855555,122.08182862764826,53.40544561370289,117,2178,527,805,1.9644264605421924,2.529159715411594,0.8177115779335068,0.5527404912945786,0.5052866882426248,0.06941595441595441,0.703149151758622,0.7175559770505242,0.5368690820054131,2016-10-06,2026-05-16,294,30
selected_features,14,14,soft,none,none,soft,0.52,0.32,tuned,1.15,100.52796000863641,-0.8373635790412601,1.130725577256991,120.0529405921093,53.27802559925115,120,1969,269,1272,1.6043274191664556,2.0077332147511764,0.9786361953517102,0.5527404912945786,0.5052866882426248,0.06941595441595441,0.703149151758622,0.7175559770505242,0.5368690820054131,2016-10-06,2026-05-16,295,14
selected_features,14,3,none,soft,none,none,0.52,0.32,tuned,1.15,99.0284042132642,-0.8086120355962098,1.1361205815853723,122.46714104403367,53.250826631845605,169,1908,279,1323,1.8789337175296925,2.3654466561038454,0.9786361953517102,0.5527404912945786,0.5052866882426248,0.06941595441595441,0.703149151758622,0.7175559770505242,0.5368690820054131,2016-10-06,2026-05-16,296,15
selected_features,60,7,none,strict,soft,soft,0.56,0.35,tuned,1.15,101.79683500748422,-0.8741423735675847,1.1456111675169491,116.45338114891618,52.872012673699956,133,1906,248,1356,1.671912493977367,2.0646723552172483,0.8177115779335068,0.5527404912945786,0.5052866882426248,0.06941595441595441,0.703149151758622,0.7175559770505242,0.5368690820054131,2016-10-06,2026-05-16,297,31
selected_features,60,14,strict,soft,soft,none,0.56,0.35,tuned,1.15,98.94895057987887,-0.825510400610966,1.110799977485086,119.86396598594767,52.78237036250926,116,2044,471,995,1.6321973417150297,2.172789776172809,0.8177115779335068,0.5527404912945786,0.5052866882426248,0.06941595441595441,0.703149151758622,0.7175559770505242,0.5368690820054131,2016-10-06,2026-05-16,298,32
selected_features,60,14,soft,none,soft,none,0.56,0.35,tuned,1.15,99.24033494587268,-0.8317590975747731,1.1246686875001919,119.31379558725081,52.77079476986856,109,1909,476,1125,1.4035500643585945,2.009896082792271,0.8177115779335068,0.5527404912945786,0.5052866882426248,0.06941595441595441,0.703149151758622,0.7175559770505242,0.5368690820054131,2016-10-06,2026-05-16,299,33
selected_features,3,14,soft,soft,soft,soft,0.52,0.35,tuned,1.15,98.34979844036204,-0.8239234119047372,1.1270596968888356,119.36764633620258,52.465035428379295,139,1943,149,1418,1.4506872184685584,1.752648779343515,0.840825153225227,0.5527404912945786,0.5052866882426248,0.06941595441595441,0.703149151758622,0.7175559770505242,0.5368690820054131,2016-10-06,2026-05-16,300,47
selected_features,30,3,none,soft,soft,none,0.52,0.32,tuned,1.15,99.31888261189653,-0.8420997229076485,1.1252227572531992,117.94194904727293,52.4172579044276,154,1981,252,1277,1.776082389731042,2.2236939088036736,0.9804382773345159,0.5527404912945786,0.5052866882426248,0.06941595441595441,0.703149151758622,0.7175559770505242,0.5368690820054131,2016-10-06,2026-05-16,301,5
selected_features,7,3,soft,strict,none,soft,0.52,0.35,tuned,1.15,90.48640075005885,-0.7213626626974043,1.1317601335332308,125.43815396779954,51.27796373694244,225,1968,209,1333,1.8565462626633789,2.228544177956739,0.8761898916193999,0.5527404912945786,0.5052866882426248,0.06941595441595441,0.703149151758622,0.7175559770505242,0.5368690820054131,2016-10-06,2026-05-16,302,94
selected_features,14,7,none,strict,none,none,0.52,0.32,tuned,1.15,93.10513541218809,-0.7875913140965937,1.0974850976364228,118.21503582601632,50.6441784304117,165,2138,388,984,2.1268805297378655,2.6124185206406834,0.9786361953517102,0.5527404912945786,0.5052866882426248,0.06941595441595441,0.703149151758622,0.7175559770505242,0.5368690820054131,2016-10-06,2026-05-16,303,16
selected_features,60,3,strict,strict,none,none,0.56,0.35,tuned,1.15,94.06630655854947,-0.818267660156847,1.0979581201063333,114.95786909202629,50.26491655281126,154,2080,371,1059,1.9644264605421924,2.529159715411594,0.8177115779335068,0.5527404912945786,0.5052866882426248,0.06941595441595441,0.703149151758622,0.7175559770505242,0.5368690820054131,2016-10-06,2026-05-16,304,34
selected_features,14,14,none,none,soft,none,0.52,0.32,tuned,1.15,94.95514639096808,-0.8394719646751756,1.1242172083143664,113.11294526400286,50.22326903715706,115,1963,258,1289,1.5929740433731399,2.021894068644136,0.9786361953517102,0.5527404912945786,0.5052866882426248,0.06941595441595441,0.703149151758622,0.7175559770505242,0.5368690820054131,2016-10-06,2026-05-16,305,17
selected_features,30,7,soft,none,soft,soft,0.52,0.32,tuned,1.15,92.47013876500088,-0.8029540033515256,1.1204382481908808,115.16243568004025,49.90798964818572,127,1972,207,1331,1.510930698633121,1.9689847778546734,0.9804382773345159,0.5527404912945786,0.5052866882426248,0.06941595441595441,0.703149151758622,0.7175559770505242,0.5368690820054131,2016-10-06,2026-05-16,306,6
selected_features,14,7,soft,none,soft,none,0.52,0.32,tuned,1.15,93.02291166833601,-0.8231337003458172,1.1303874415943511,113.01069513890023,49.5897310074066,143,1909,223,1378,1.6165561190935565,2.056748995118659,0.9786361953517102,0.5527404912945786,0.5052866882426248,0.06941595441595441,0.703149151758622,0.7175559770505242,0.5368690820054131,2016-10-06,2026-05-16,307,18
selected_features,14,7,soft,none,none,soft,0.52,0.32,tuned,1.15,92.63583456636347,-0.823133700345817,1.1312331067726975,112.5404469862491,49.38985422909703,138,1910,201,1399,1.6043274191664556,2.0077332147511764,0.9786361953517102,0.5527404912945786,0.5052866882426248,0.06941595441595441,0.703149151758622,0.7175559770505242,0.5368690820054131,2016-10-06,2026-05-16,308,19
selected_features,30,7,none,soft,none,soft,0.52,0.32,tuned,1.15,94.18196028805203,-0.8637884779093851,1.111272598189474,109.03359178395073,49.108516255185336,131,2031,238,1241,1.7539469546507997,2.1775064385569953,0.9804382773345159,0.5527404912945786,0.5052866882426248,0.06941595441595441,0.703149151758622,0.7175559770505242,0.5368690820054131,2016-10-06,2026-05-16,309,7
selected_features,3,3,soft,none,soft,soft,0.52,0.35,tuned,1.15,88.12603996834828,-0.7479179236891472,1.1567376189317307,117.82849050289052,49.079470853097256,197,1623,113,1774,1.2725601613100195,1.596884066154226,0.840825153225227,0.5527404912945786,0.5052866882426248,0.06941595441595441,0.703149151758622,0.7175559770505242,0.5368690820054131,2016-10-06,2026-05-16,310,48
selected_features,14,3,none,strict,none,none,0.52,0.32,tuned,1.15,89.603525839012,-0.7762333862767373,1.0983248251067286,115.43374379811482,48.983928467267994,199,2067,353,1090,2.1268805297378655,2.6124185206406834,0.9786361953517102,0.5527404912945786,0.5052866882426248,0.06941595441595441,0.703149151758622,0.7175559770505242,0.5368690820054131,2016-10-06,2026-05-16,311,20
selected_features,14,3,strict,soft,soft,soft,0.52,0.32,tuned,1.15,91.56106886512124,-0.8245355517475162,1.1360288717942104,111.0456288647193,48.72638709792381,159,1865,191,1454,1.7225264264553042,2.118565985806836,0.9786361953517102,0.5527404912945786,0.5052866882426248,0.06941595441595441,0.703149151758622,0.7175559770505242,0.5368690820054131,2016-10-06,2026-05-16,312,21
selected_features,14,3,strict,none,soft,soft,0.52,0.32,tuned,1.15,90.65273318575188,-0.815277728520666,1.139935619507848,111.19245628142285,48.48219151818706,166,1851,174,1485,1.5754441448493843,1.9418842283985769,0.9786361953517102,0.5527404912945786,0.5052866882426248,0.06941595441595441,0.703149151758622,0.7175559770505242,0.5368690820054131,2016-10-06,2026-05-16,313,22
selected_features,3,3,strict,strict,none,none,0.52,0.35,tuned,1.15,86.39700438100277,-0.7361937765254714,1.083431017715456,117.35633624717765,48.43532719927993,207,2105,274,1131,1.9956766858595176,2.414986090152295,0.840825153225227,0.5527404912945786,0.5052866882426248,0.06941595441595441,0.703149151758622,0.7175559770505242,0.5368690820054131,2016-10-06,2026-05-16,314,49
selected_features,7,14,soft,strict,none,none,0.52,0.35,tuned,1.15,88.28947622094829,-0.7749535647908341,1.087028598147264,113.9287310005191,48.3983571197513,143,2231,354,925,2.008846790414129,2.464572445747197,0.8761898916193999,0.5527404912945786,0.5052866882426248,0.06941595441595441,0.703149151758622,0.7175559770505242,0.5368690820054131,2016-10-06,2026-05-16,315,95
selected_features,60,14,none,soft,soft,soft,0.56,0.35,tuned,1.15,92.00756615178635,-0.8559794408406289,1.1199988293808338,107.48805609329679,48.211906353427764,105,1911,361,1238,1.4779835848570602,1.9095713446031939,0.8177115779335068,0.5527404912945786,0.5052866882426248,0.06941595441595441,0.703149151758622,0.7175559770505242,0.5368690820054131,2016-10-06,2026-05-16,316,35
selected_features,3,7,none,strict,none,soft,0.52,0.35,tuned,1.15,83.95852867898509,-0.7111846709414694,1.0839571303730435,118.05446898600952,47.91685655785116,186,2026,223,1261,1.7764287667324086,2.0830580617602616,0.840825153225227,0.5527404912945786,0.5052866882426248,0.06941595441595441,0.703149151758622,0.7175559770505242,0.5368690820054131,2016-10-06,2026-05-16,317,50
selected_features,3,14,strict,none,none,soft,0.52,0.35,tuned,1.15,84.87199170816523,-0.7360760504894744,1.1113394280674884,115.30329189725329,47.707129628612,142,1911,195,1404,1.4189342105790066,1.7260640889367949,0.840825153225227,0.5527404912945786,0.5052866882426248,0.06941595441595441,0.703149151758622,0.7175559770505242,0.5368690820054131,2016-10-06,2026-05-16,318,51
selected_features,60,3,soft,strict,soft,none,0.56,0.35,tuned,1.15,91.31922349539508,-0.8600727864166716,1.105337122171663,106.17615734112356,47.62277552658247,160,2003,289,1218,1.826560683225241,2.293843469318263,0.8177115779335068,0.5527404912945786,0.5052866882426248,0.06941595441595441,0.703149151758622,0.7175559770505242,0.5368690820054131,2016-10-06,2026-05-16,319,36
selected_features,14,7,none,soft,none,none,0.52,0.32,tuned,1.15,89.40913458605586,-0.8268227670381336,1.1048235127935793,108.13579179288885,47.51705850507461,143,1959,309,1242,1.8789337175296925,2.3654466561038454,0.9786361953517102,0.5527404912945786,0.5052866882426248,0.06941595441595441,0.703149151758622,0.7175559770505242,0.5368690820054131,2016-10-06,2026-05-16,320,23
selected_features,3,3,none,soft,none,none,0.52,0.35,tuned,1.15,85.78446591476472,-0.7610247991462464,1.103870494295281,112.72230026012528,47.32087350052502,197,1818,203,1489,1.693117963679675,2.0388185593067223,0.840825153225227,0.5527404912945786,0.5052866882426248,0.06941595441595441,0.703149151758622,0.7175559770505242,0.5368690820054131,2016-10-06,2026-05-16,321,52
selected_features,14,7,none,none,soft,none,0.52,0.32,tuned,1.15,88.43913240076782,-0.8175954565818366,1.1247487806211878,108.16979435099829,47.26736634292013,135,1900,205,1405,1.5929740433731399,2.021894068644136,0.9786361953517102,0.5527404912945786,0.5052866882426248,0.06941595441595441,0.703149151758622,0.7175559770505242,0.5368690820054131,2016-10-06,2026-05-16,322,24
selected_features,14,7,soft,strict,none,none,0.52,0.32,tuned,1.15,86.71177815506874,-0.7817528122741877,1.0792796352198137,110.91968815924889,47.2660279353546,166,2156,420,934,2.151558485801179,2.6548856950023767,0.9786361953517102,0.5527404912945786,0.5052866882426248,0.06941595441595441,0.703149151758622,0.7175559770505242,0.5368690820054131,2016-10-06,2026-05-16,323,25
selected_features,14,3,soft,soft,soft,none,0.52,0.32,tuned,1.15,86.22354149503114,-0.7800175084971418,1.1169031612594735,110.5405206367199,47.04506079667271,173,1888,241,1381,1.8044033654347182,2.2304064919652165,0.9786361953517102,0.5527404912945786,0.5052866882426248,0.06941595441595441,0.703149151758622,0.7175559770505242,0.5368690820054131,2016-10-06,2026-05-16,324,26
selected_features,60,14,strict,soft,none,soft,0.56,0.35,tuned,1.15,87.61417987261123,-0.8150052284351331,1.0922353392128632,107.50137154437226,46.9020541038384,123,2051,449,1010,1.616929756070928,2.1168157150726654,0.8177115779335068,0.5527404912945786,0.5052866882426248,0.06941595441595441,0.703149151758622,0.7175559770505242,0.5368690820054131,2016-10-06,2026-05-16,325,37
selected_features,7,3,strict,strict,none,soft,0.52,0.35,tuned,1.15,78.23881960131479,-0.65006154996343,1.0950866324885433,120.3560179889369,46.66355286209852,225,2008,215,1287,1.8943534984564072,2.2852898798779746,0.8761898916193999,0.5527404912945786,0.5052866882426248,0.06941595441595441,0.703149151758622,0.7175559770505242,0.5368690820054131,2016-10-06,2026-05-16,326,96
selected_features,14,3,none,none,soft,soft,0.52,0.32,tuned,1.15,86.55955784231469,-0.8025724986903549,1.138085808783325,107.85263385371834,46.6515085331493,141,1819,134,1557,1.515217112934944,1.8688283854629844,0.9786361953517102,0.5527404912945786,0.5052866882426248,0.06941595441595441,0.703149151758622,0.7175559770505242,0.5368690820054131,2016-10-06,2026-05-16,327,27
selected_features,30,3,soft,none,none,soft,0.52,0.32,tuned,1.15,87.24035046161856,-0.8235458523971753,1.1014476931348123,105.93259647617623,46.38069881082152,167,1949,321,1240,1.579419765835512,2.093345216878426,0.9804382773345159,0.5527404912945786,0.5052866882426248,0.06941595441595441,0.703149151758622,0.7175559770505242,0.5368690820054131,2016-10-06,2026-05-16,328,8
selected_features,14,3,soft,strict,none,none,0.52,0.32,tuned,1.15,83.57392323034415,-0.7550405929199058,1.0818782069138284,110.6879868632568,46.25463097302457,195,2086,381,1043,2.151558485801179,2.6548856950023767,0.9786361953517102,0.5527404912945786,0.5052866882426248,0.06941595441595441,0.703149151758622,0.7175559770505242,0.5368690820054131,2016-10-06,2026-05-16,329,28
selected_features,60,7,soft,strict,none,soft,0.56,0.35,tuned,1.15,88.31105154538764,-0.8534024020278531,1.1017383860376357,103.48113777925056,46.246398452044765,131,2024,297,1189,1.8096060884163976,2.237120328579846,0.8177115779335068,0.5527404912945786,0.5052866882426248,0.06941595441595441,0.703149151758622,0.7175559770505242,0.5368690820054131,2016-10-06,2026-05-16,330,38
selected_features,30,3,none,soft,none,soft,0.52,0.32,tuned,1.15,88.33430759939957,-0.8603162575122557,1.1077025227398045,102.67655275378914,46.05990339164631,144,1979,209,1322,1.7539469546507997,2.1775064385569953,0.9804382773345159,0.5527404912945786,0.5052866882426248,0.06941595441595441,0.703149151758622,0.7175559770505242,0.5368690820054131,2016-10-06,2026-05-16,331,9
selected_features,3,7,soft,strict,none,none,0.52,0.35,tuned,1.15,84.02368041514984,-0.7755358555402112,1.071329539884048,108.34274110591815,45.917197865262736,182,2175,296,1039,1.9642578481083521,2.3584402417193373,0.840825153225227,0.5527404912945786,0.5052866882426248,0.06941595441595441,0.703149151758622,0.7175559770505242,0.5368690820054131,2016-10-06,2026-05-16,332,53
selected_features,14,3,strict,none,none,soft,0.52,0.32,tuned,1.15,85.18330375808053,-0.8102454644718481,1.1204524634129878,105.13271285462433,45.63088522995376,165,1866,194,1450,1.6391815205311697,2.058566233297647,0.9786361953517102,0.5527404912945786,0.5052866882426248,0.06941595441595441,0.703149151758622,0.7175559770505242,0.5368690820054131,2016-10-06,2026-05-16,333,29
selected_features,30,3,strict,none,soft,soft,0.52,0.32,tuned,1.15,83.48708020408196,-0.777893567152128,1.1039664041491026,107.32455406429,45.619056156594624,153,1938,209,1363,1.5504360757233033,2.0051513049218417,0.9804382773345159,0.5527404912945786,0.5052866882426248,0.06941595441595441,0.703149151758622,0.7175559770505242,0.5368690820054131,2016-10-06,2026-05-16,334,10
selected_features,3,14,soft,none,none,soft,0.52,0.35,tuned,1.15,81.59346300897116,-0.7430526722993736,1.108144850314394,109.8084510704746,45.610763974022085,144,1930,163,1417,1.3755338272967594,1.6663227488819816,0.840825153225227,0.5527404912945786,0.5052866882426248,0.06941595441595441,0.703149151758622,0.7175559770505242,0.5368690820054131,2016-10-06,2026-05-16,335,54
selected_features,30,3,soft,soft,soft,none,0.52,0.32,tuned,1.15,86.45620353033796,-0.8406417201642253,1.0928003165213669,102.84548275030666,45.51363556973992,162,2026,281,1203,1.798547104919,2.259121313455547,0.9804382773345159,0.5527404912945786,0.5052866882426248,0.06941595441595441,0.703149151758622,0.7175559770505242,0.5368690820054131,2016-10-06,2026-05-16,336,11
selected_features,14,14,soft,none,soft,none,0.52,0.32,tuned,1.15,85.81239024325066,-0.8373635790412599,1.1019356346337799,102.47924843053435,45.33653975740232,121,1977,280,1253,1.6165561190935565,2.056748995118659,0.9786361953517102,0.5527404912945786,0.5052866882426248,0.06941595441595441,0.703149151758622,0.7175559770505242,0.5368690820054131,2016-10-06,2026-05-16,337,30
selected_features,3,3,soft,strict,none,none,0.52,0.35,tuned,1.15,79.55993340803445,-0.7231030335363857,1.0701416145570837,110.02572208685262,44.937795212955365,203,2083,266,1161,1.9642578481083521,2.3584402417193373,0.840825153225227,0.5527404912945786,0.5052866882426248,0.06941595441595441,0.703149151758622,0.7175559770505242,0.5368690820054131,2016-10-06,2026-05-16,338,55
selected_features,14,14,soft,soft,none,none,0.52,0.32,tuned,1.15,83.00561460203305,-0.7944408294573817,1.073615043642584,104.4830672395419,44.917012056971465,132,2017,463,1030,1.9037721439573456,2.4051620814412025,0.9786361953517102,0.5527404912945786,0.5052866882426248,0.06941595441595441,0.703149151758622,0.7175559770505242,0.5368690820054131,2016-10-06,2026-05-16,339,31
selected_features,14,7,none,none,none,soft,0.52,0.32,tuned,1.15,83.50340321591739,-0.8175954565818364,1.1145080117714592,102.13291003967217,44.573686456102365,136,1907,192,1411,1.5792061289074149,1.9738953332431601,0.9786361953517102,0.5527404912945786,0.5052866882426248,0.06941595441595441,0.703149151758622,0.7175559770505242,0.5368690820054131,2016-10-06,2026-05-16,340,32
selected_features,14,3,strict,none,soft,none,0.52,0.32,tuned,1.15,81.50465113345663,-0.7766459372211398,1.1071819310049225,104.94441189647175,44.50298397365664,177,1871,232,1407,1.6503945025881646,2.108009844329794,0.9786361953517102,0.5527404912945786,0.5052866882426248,0.06941595441595441,0.703149151758622,0.7175559770505242,0.5368690820054131,2016-10-06,2026-05-16,341,33
selected_features,3,14,soft,none,soft,soft,0.52,0.35,tuned,1.15,79.21933907367446,-0.7364357632913576,1.107272882876192,107.57128187205208,44.463058901405226,142,1859,151,1500,1.2725601613100195,1.596884066154226,0.840825153225227,0.5527404912945786,0.5052866882426248,0.06941595441595441,0.703149151758622,0.7175559770505242,0.5368690820054131,2016-10-06,2026-05-16,342,56
selected_features,14,3,none,soft,soft,none,0.52,0.32,tuned,1.15,81.7745432420957,-0.7892057411001924,1.11200676221338,103.61625490470696,44.32830914396955,165,1874,209,1427,1.7756681009359931,2.189274786615188,0.9786361953517102,0.5527404912945786,0.5052866882426248,0.06941595441595441,0.703149151758622,0.7175559770505242,0.5368690820054131,2016-10-06,2026-05-16,343,34
selected_features,30,7,soft,soft,soft,soft,0.52,0.32,tuned,1.15,81.60437350561418,-0.8197774611117885,1.0917562468072723,99.54454394847804,43.493613701372674,127,2015,202,1293,1.6854406254866132,2.08026960247771,0.9804382773345159,0.5527404912945786,0.5052866882426248,0.06941595441595441,0.703149151758622,0.7175559770505242,0.5368690820054131,2016-10-06,2026-05-16,344,12
selected_features,3,7,soft,strict,soft,soft,0.52,0.35,tuned,1.15,75.91462442003383,-0.704639967596804,1.075424505306655,107.73533706715922,43.449053356803326,184,1916,202,1392,1.659212672371757,1.9800645529130245,0.840825153225227,0.5527404912945786,0.5052866882426248,0.06941595441595441,0.703149151758622,0.7175559770505242,0.5368690820054131,2016-10-06,2026-05-16,345,57
selected_features,7,3,none,strict,none,none,0.52,0.35,tuned,1.15,77.98589223385659,-0.7456911938559279,1.089400496555574,104.58202118573489,43.36134808877849,200,2053,276,1181,1.984180351555019,2.4226043305855285,0.8761898916193999,0.5527404912945786,0.5052866882426248,0.06941595441595441,0.703149151758622,0.7175559770505242,0.5368690820054131,2016-10-06,2026-05-16,346,97
selected_features,60,7,none,soft,soft,none,0.56,0.35,tuned,1.15,80.10152360022478,-0.8108473457321221,1.089535308833161,98.78742777150035,42.88372081029396,136,1883,378,1249,1.5761256976159332,2.085603466444776,0.8177115779335068,0.5527404912945786,0.5052866882426248,0.06941595441595441,0.703149151758622,0.7175559770505242,0.5368690820054131,2016-10-06,2026-05-16,347,39
selected_features,3,7,soft,strict,none,soft,0.52,0.35,tuned,1.15,76.16649125425296,-0.730035404772333,1.06588101512758,104.33259915388084,42.83298130638129,172,2013,231,1266,1.8025397746569267,2.123431504066092,0.840825153225227,0.5527404912945786,0.5052866882426248,0.06941595441595441,0.703149151758622,0.7175559770505242,0.5368690820054131,2016-10-06,2026-05-16,348,58
selected_features,3,7,none,strict,soft,soft,0.52,0.35,tuned,1.15,76.46503675737483,-0.7424709893324004,1.0808788785130137,102.9872383648674,42.64317757099999,172,1899,182,1429,1.6320185384372528,1.938751445422631,0.840825153225227,0.5527404912945786,0.5052866882426248,0.06941595441595441,0.703149151758622,0.7175559770505242,0.5368690820054131,2016-10-06,2026-05-16,349,59
selected_features,3,7,strict,none,none,none,0.52,0.35,tuned,1.15,81.09598665793042,-0.8387706038869961,1.0880906611183823,96.68434525735493,42.61603352538281,191,1913,211,1386,1.52877317714471,1.9198691044482963,0.840825153225227,0.5527404912945786,0.5052866882426248,0.06941595441595441,0.703149151758622,0.7175559770505242,0.5368690820054131,2016-10-06,2026-05-16,350,60
selected_features,3,14,soft,strict,none,soft,0.52,0.35,tuned,1.15,77.3563761424435,-0.776392369898155,1.057751203887055,99.6356728139805,42.24576986451693,144,2149,285,1076,1.8025397746569267,2.123431504066092,0.840825153225227,0.5527404912945786,0.5052866882426248,0.06941595441595441,0.703149151758622,0.7175559770505242,0.5368690820054131,2016-10-06,2026-05-16,351,61
selected_features,14,7,soft,soft,none,soft,0.52,0.32,tuned,1.15,78.77429673062085,-0.8162773206983179,1.0995159568319945,96.50433098304157,42.023639149812865,137,1927,220,1363,1.7905985536253666,2.1809736532029707,0.9786361953517102,0.5527404912945786,0.5052866882426248,0.06941595441595441,0.703149151758622,0.7175559770505242,0.5368690820054131,2016-10-06,2026-05-16,352,35
selected_features,14,7,none,soft,soft,soft,0.52,0.32,tuned,1.15,79.0854490072961,-0.8294078259790898,1.1118567973723554,95.35170338420454,41.890365475636195,129,1884,163,1463,1.657469555425031,2.0262061087360195,0.9786361953517102,0.5527404912945786,0.5052866882426248,0.06941595441595441,0.703149151758622,0.7175559770505242,0.5368690820054131,2016-10-06,2026-05-16,353,36
selected_features,60,3,strict,soft,soft,none,0.56,0.35,tuned,1.15,78.68999979845358,-0.8209649356170071,1.0863919933734087,95.85062209668318,41.82115538703214,155,1914,354,1242,1.6321973417150297,2.172789776172809,0.8177115779335068,0.5527404912945786,0.5052866882426248,0.06941595441595441,0.703149151758622,0.7175559770505242,0.5368690820054131,2016-10-06,2026-05-16,354,40
selected_features,60,14,strict,none,none,soft,0.56,0.35,tuned,1.15,79.27088523421254,-0.8380763946228937,1.0767481634305025,94.58670563067437,41.7898730603207,119,1980,503,1027,1.4233670328552464,1.9985351302928354,0.8177115779335068,0.5527404912945786,0.5052866882426248,0.06941595441595441,0.703149151758622,0.7175559770505242,0.5368690820054131,2016-10-06,2026-05-16,355,41
selected_features,7,3,none,strict,soft,none,0.52,0.35,tuned,1.15,73.63085875615586,-0.7150328575657637,1.0919824976902428,102.97548983528188,41.76275839613752,205,1947,240,1323,1.846902292400741,2.236150685382335,0.8761898916193999,0.5527404912945786,0.5052866882426248,0.06941595441595441,0.703149151758622,0.7175559770505242,0.5368690820054131,2016-10-06,2026-05-16,356,98
selected_features,3,7,strict,strict,none,none,0.52,0.35,tuned,1.15,78.91023225081858,-0.8257540449923642,1.0590131228994375,95.56142380331697,41.747816472683326,188,2202,302,1006,1.9956766858595176,2.414986090152295,0.840825153225227,0.5527404912945786,0.5052866882426248,0.06941595441595441,0.703149151758622,0.7175559770505242,0.5368690820054131,2016-10-06,2026-05-16,357,62
selected_features,3,14,none,strict,none,none,0.52,0.35,tuned,1.15,77.99301865028777,-0.8101424346425519,1.0503290374205303,96.27074859336255,41.712992433552834,147,2271,358,881,1.9397160967736404,2.315947043475856,0.840825153225227,0.5527404912945786,0.5052866882426248,0.06941595441595441,0.703149151758622,0.7175559770505242,0.5368690820054131,2016-10-06,2026-05-16,358,63
selected_features,7,3,soft,strict,none,none,0.52,0.35,tuned,1.15,72.61730052720071,-0.6978754746885769,1.073538601211978,104.05481086666039,41.70354649855576,198,2084,288,1138,2.008846790414129,2.464572445747197,0.8761898916193999,0.5527404912945786,0.5052866882426248,0.06941595441595441,0.703149151758622,0.7175559770505242,0.5368690820054131,2016-10-06,2026-05-16,359,99
selected_features,60,14,soft,none,soft,soft,0.56,0.35,tuned,1.15,78.22149634943405,-0.8227108236207479,1.0927137166705925,95.07775284295091,41.64006074472917,98,1853,374,1283,1.3342532230836583,1.8244865605453482,0.8177115779335068,0.5527404912945786,0.5052866882426248,0.06941595441595441,0.703149151758622,0.7175559770505242,0.5368690820054131,2016-10-06,2026-05-16,360,42
selected_features,3,3,soft,soft,soft,soft,0.52,0.35,tuned,1.15,75.61162591219299,-0.7803833397409476,1.1041508352509795,96.89036408349347,41.09653420801825,188,1687,121,1702,1.4506872184685584,1.752648779343515,0.840825153225227,0.5527404912945786,0.5052866882426248,0.06941595441595441,0.703149151758622,0.7175559770505242,0.5368690820054131,2016-10-06,2026-05-16,361,64
selected_features,60,3,none,soft,none,none,0.56,0.35,tuned,1.15,77.37697005573018,-0.8388092791178577,1.0852965383463058,92.24620182683775,40.70167357161049,146,1933,385,1192,1.6572878895003023,2.269252906051699,0.8177115779335068,0.5527404912945786,0.5052866882426248,0.06941595441595441,0.703149151758622,0.7175559770505242,0.5368690820054131,2016-10-06,2026-05-16,362,43
selected_features,60,3,strict,soft,none,none,0.56,0.35,tuned,1.15,76.45593438346674,-0.8189367796296059,1.071518759431519,93.35999589375719,40.63614008505549,162,1981,423,1106,1.7145828083143255,2.3540331502682017,0.8177115779335068,0.5527404912945786,0.5052866882426248,0.06941595441595441,0.703149151758622,0.7175559770505242,0.5368690820054131,2016-10-06,2026-05-16,363,44
selected_features,7,7,soft,strict,none,none,0.52,0.35,tuned,1.15,74.11534309841439,-0.7702193602760983,1.0687930147764009,96.22627905879499,40.55116209610993,170,2146,318,1046,2.008846790414129,2.464572445747197,0.8761898916193999,0.5527404912945786,0.5052866882426248,0.06941595441595441,0.703149151758622,0.7175559770505242,0.5368690820054131,2016-10-06,2026-05-16,364,100
selected_features,60,7,soft,strict,none,none,0.56,0.35,tuned,1.15,75.2811880407065,-0.8056683789770585,1.055713497096429,93.43942247837698,40.37065515814977,132,2139,392,979,1.9329826567489103,2.474115682736338,0.8177115779335068,0.5527404912945786,0.5052866882426248,0.06941595441595441,0.703149151758622,0.7175559770505242,0.5368690820054131,2016-10-06,2026-05-16,365,45
selected_features,30,3,soft,none,soft,none,0.52,0.32,tuned,1.15,75.51088392086731,-0.8194801018319569,1.0745751049950258,92.14486569236018,40.08398947419054,175,1952,352,1206,1.5995631689935668,2.139406824089858,0.9804382773345159,0.5527404912945786,0.5052866882426248,0.06941595441595441,0.703149151758622,0.7175559770505242,0.5368690820054131,2016-10-06,2026-05-16,366,13
selected_features,14,14,soft,strict,none,none,0.52,0.32,tuned,1.15,72.51692746425587,-0.7649108230811814,1.0361613532302112,94.804420693312,39.844480322718255,139,2212,503,795,2.151558485801179,2.6548856950023767,0.9786361953517102,0.5527404912945786,0.5052866882426248,0.06941595441595441,0.703149151758622,0.7175559770505242,0.5368690820054131,2016-10-06,2026-05-16,367,37
selected_features,3,3,strict,none,soft,soft,0.52,0.35,tuned,1.15,71.88397142591373,-0.7484319542728042,1.114712457047596,96.04610147325691,39.83902113955116,195,1629,120,1761,1.322619888187486,1.6484814810430306,0.840825153225227,0.5527404912945786,0.5052866882426248,0.06941595441595441,0.703149151758622,0.7175559770505242,0.5368690820054131,2016-10-06,2026-05-16,368,65
selected_features,3,14,strict,strict,none,soft,0.52,0.35,tuned,1.15,74.1369309197983,-0.8022858840157305,1.0468353483226445,92.40712369101672,39.7900390310361,148,2175,316,1019,1.8380437753481886,2.1781016393154133,0.840825153225227,0.5527404912945786,0.5052866882426248,0.06941595441595441,0.703149151758622,0.7175559770505242,0.5368690820054131,2016-10-06,2026-05-16,369,66
selected_features,30,3,none,soft,none,none,0.52,0.32,tuned,1.15,75.8499636000899,-0.846094360668784,1.0650507780638392,89.64716836090871,39.63957257369507,180,2051,376,1083,1.8661255659627383,2.4083824600704826,0.9804382773345159,0.5527404912945786,0.5052866882426248,0.06941595441595441,0.703149151758622,0.7175559770505242,0.5368690820054131,2016-10-06,2026-05-16,370,14
selected_features,14,7,soft,soft,none,none,0.52,0.32,tuned,1.15,73.45103048104227,-0.7939315770092674,1.0666911415526066,92.51556759806883,39.61335009220828,153,1975,359,1176,1.9037721439573456,2.4051620814412025,0.9786361953517102,0.5527404912945786,0.5052866882426248,0.06941595441595441,0.703149151758622,0.7175559770505242,0.5368690820054131,2016-10-06,2026-05-16,371,38
selected_features,14,14,strict,none,none,soft,0.52,0.32,tuned,1.15,74.96532242715749,-0.8379531466371535,1.0761985864049175,89.46242725861929,39.467310251816386,122,1972,296,1242,1.6391815205311697,2.058566233297647,0.9786361953517102,0.5527404912945786,0.5052866882426248,0.06941595441595441,0.703149151758622,0.7175559770505242,0.5368690820054131,2016-10-06,2026-05-16,372,39
selected_features,3,14,none,soft,soft,none,0.52,0.35,tuned,1.15,71.03070537746602,-0.7515839751540638,1.0674536525997873,94.50800938498689,39.356942299704535,144,2004,232,1274,1.5653754541721892,1.8617372892043496,0.840825153225227,0.5527404912945786,0.5052866882426248,0.06941595441595441,0.703149151758622,0.7175559770505242,0.5368690820054131,2016-10-06,2026-05-16,373,67
selected_features,30,3,soft,soft,soft,soft,0.52,0.32,tuned,1.15,73.83328493819232,-0.8174936734293936,1.0793016629207794,90.31664383219139,39.293202738131505,138,1966,184,1360,1.6854406254866132,2.08026960247771,0.9804382773345159,0.5527404912945786,0.5052866882426248,0.06941595441595441,0.703149151758622,0.7175559770505242,0.5368690820054131,2016-10-06,2026-05-16,374,15
selected_features,60,3,strict,strict,soft,none,0.56,0.35,tuned,1.15,74.30185958982788,-0.8457220508672045,1.066127885506625,87.85612189446717,38.853774452185114,162,1997,308,1205,1.8586306447257486,2.3463371779991746,0.8177115779335068,0.5527404912945786,0.5052866882426248,0.06941595441595441,0.703149151758622,0.7175559770505242,0.5368690820054131,2016-10-06,2026-05-16,375,46
selected_features,3,14,none,strict,none,soft,0.52,0.35,tuned,1.15,71.33274167613553,-0.7816600499747552,1.0457707777377634,91.2580113035575,38.75036947329193,145,2153,265,1092,1.7764287667324086,2.0830580617602616,0.840825153225227,0.5527404912945786,0.5052866882426248,0.06941595441595441,0.703149151758622,0.7175559770505242,0.5368690820054131,2016-10-06,2026-05-16,376,68
selected_features,14,7,strict,none,none,soft,0.52,0.32,tuned,1.15,72.89869872098552,-0.823774852176797,1.0846099283871946,88.49347431322185,38.63419938865455,142,1918,223,1369,1.6391815205311697,2.058566233297647,0.9786361953517102,0.5527404912945786,0.5052866882426248,0.06941595441595441,0.703149151758622,0.7175559770505242,0.5368690820054131,2016-10-06,2026-05-16,377,40
selected_features,60,14,strict,soft,none,none,0.56,0.35,tuned,1.15,71.2505657586603,-0.7936815614591515,1.0437969579697497,89.77223261640225,38.46484323434401,119,2108,535,867,1.7145828083143255,2.3540331502682017,0.8177115779335068,0.5527404912945786,0.5052866882426248,0.06941595441595441,0.703149151758622,0.7175559770505242,0.5368690820054131,2016-10-06,2026-05-16,378,47
selected_features,30,7,strict,none,soft,soft,0.52,0.32,tuned,1.15,70.83728211233716,-0.7940890431508719,1.06964683165981,89.20571656707587,38.20409303425866,135,1979,238,1293,1.5504360757233033,2.0051513049218417,0.9804382773345159,0.5527404912945786,0.5052866882426248,0.06941595441595441,0.703149151758622,0.7175559770505242,0.5368690820054131,2016-10-06,2026-05-16,379,16
selected_features,7,3,strict,strict,soft,soft,0.52,0.35,tuned,1.15,67.05301142613163,-0.7049189855556907,1.079999852499691,95.1215853170325,38.191071707676265,223,1917,186,1407,1.7633295419385604,2.157128622564623,0.8761898916193999,0.5527404912945786,0.5052866882426248,0.06941595441595441,0.703149151758622,0.7175559770505242,0.5368690820054131,2016-10-06,2026-05-16,380,101
selected_features,14,7,none,strict,soft,none,0.52,0.32,tuned,1.15,71.18700013157097,-0.8039054101591703,1.0634923569023382,88.5514629357653,38.1477331888412,143,1992,305,1213,2.0007993299021756,2.419553233711563,0.9786361953517102,0.5527404912945786,0.5052866882426248,0.06941595441595441,0.703149151758622,0.7175559770505242,0.5368690820054131,2016-10-06,2026-05-16,381,41
selected_features,30,14,none,soft,none,soft,0.52,0.32,tuned,1.15,72.98451090553404,-0.8579151783719505,1.0571420494170507,85.07194271120761,37.977347558232765,115,2073,305,1132,1.7539469546507997,2.1775064385569953,0.9804382773345159,0.5527404912945786,0.5052866882426248,0.06941595441595441,0.703149151758622,0.7175559770505242,0.5368690820054131,2016-10-06,2026-05-16,382,17
selected_features,30,7,soft,none,none,soft,0.52,0.32,tuned,1.15,72.0352183803469,-0.8365833762254276,1.0597885845513555,86.10644249872847,37.85905079816095,149,1997,364,1149,1.579419765835512,2.093345216878426,0.9804382773345159,0.5527404912945786,0.5052866882426248,0.06941595441595441,0.703149151758622,0.7175559770505242,0.5368690820054131,2016-10-06,2026-05-16,383,18
selected_features,3,14,none,none,soft,soft,0.52,0.35,tuned,1.15,68.607805314513,-0.7579393962433224,1.0856013950338579,90.51885369010128,37.846648575331855,136,1859,94,1557,1.245496271924086,1.5596397480411006,0.840825153225227,0.5527404912945786,0.5052866882426248,0.06941595441595441,0.703149151758622,0.7175559770505242,0.5368690820054131,2016-10-06,2026-05-16,384,69
selected_features,3,3,soft,strict,none,soft,0.52,0.35,tuned,1.15,67.60276780795536,-0.7421234198817848,1.054764801166465,91.09369950718443,37.567083649379526,187,1925,198,1387,1.8025397746569267,2.123431504066092,0.840825153225227,0.5527404912945786,0.5052866882426248,0.06941595441595441,0.703149151758622,0.7175559770505242,0.5368690820054131,2016-10-06,2026-05-16,385,70
selected_features,7,14,strict,strict,soft,none,0.52,0.35,tuned,1.15,67.44057809854426,-0.7449050434074498,1.0374094336634831,90.53580546326825,37.45929651973984,156,2229,335,946,1.909735451447506,2.335861910363763,0.8761898916193999,0.5527404912945786,0.5052866882426248,0.06941595441595441,0.703149151758622,0.7175559770505242,0.5368690820054131,2016-10-06,2026-05-16,386,102
selected_features,14,14,none,soft,none,soft,0.52,0.32,tuned,1.15,70.89384224163831,-0.83736357904126,1.0737903923216046,84.66315471089423,37.29590577818132,117,1971,252,1287,1.76073517201873,2.140815512472279,0.9786361953517102,0.5527404912945786,0.5052866882426248,0.06941595441595441,0.703149151758622,0.7175559770505242,0.5368690820054131,2016-10-06,2026-05-16,387,42
selected_features,60,3,soft,soft,none,soft,0.56,0.35,tuned,1.15,68.79062998191375,-0.7861746434775683,1.0708989764594428,87.5004435116668,37.23137403432133,149,1857,319,1334,1.5851576919112895,2.0661019302895838,0.8177115779335068,0.5527404912945786,0.5052866882426248,0.06941595441595441,0.703149151758622,0.7175559770505242,0.5368690820054131,2016-10-06,2026-05-16,388,48
selected_features,60,3,soft,soft,soft,none,0.56,0.35,tuned,1.15,69.62179024814189,-0.817809441852936,1.0720379512315032,85.13204505244848,36.95589756554711,155,1868,338,1304,1.600901359620266,2.121197424963181,0.8177115779335068,0.5527404912945786,0.5052866882426248,0.06941595441595441,0.703149151758622,0.7175559770505242,0.5368690820054131,2016-10-06,2026-05-16,389,49
selected_features,60,14,soft,soft,soft,soft,0.56,0.35,tuned,1.15,70.8174023079909,-0.8540770907475235,1.0678626811237977,82.91687375200357,36.91275101775691,111,1940,367,1203,1.5035011884286644,1.944446226601138,0.8177115779335068,0.5527404912945786,0.5052866882426248,0.06941595441595441,0.703149151758622,0.7175559770505242,0.5368690820054131,2016-10-06,2026-05-16,390,50
selected_features,14,7,none,none,none,none,0.52,0.32,tuned,1.15,68.47666563434271,-0.7980968697800341,1.0650533171207792,85.79994262252372,36.760135788574786,159,1933,305,1272,1.6569630593456106,2.1869870855088096,0.9786361953517102,0.5527404912945786,0.5052866882426248,0.06941595441595441,0.703149151758622,0.7175559770505242,0.5368690820054131,2016-10-06,2026-05-16,391,43
selected_features,60,7,strict,soft,none,none,0.56,0.35,tuned,1.15,69.2414669463422,-0.8182594553644008,1.0495839766491408,84.62042997780752,36.75705615208586,142,2021,462,1027,1.7145828083143255,2.3540331502682017,0.8177115779335068,0.5527404912945786,0.5052866882426248,0.06941595441595441,0.703149151758622,0.7175559770505242,0.5368690820054131,2016-10-06,2026-05-16,392,51
selected_features,14,3,soft,none,soft,soft,0.52,0.32,tuned,1.15,69.44236170299145,-0.8237316317551127,1.0936063925133104,84.30216714518009,36.742239637619214,152,1828,152,1530,1.538971341361301,1.8983125417570028,0.9786361953517102,0.5527404912945786,0.5052866882426248,0.06941595441595441,0.703149151758622,0.7175559770505242,0.5368690820054131,2016-10-06,2026-05-16,393,44
selected_features,14,7,soft,strict,soft,none,0.52,0.32,tuned,1.15,68.03179982482122,-0.7905526439087867,1.0522337835585274,86.05600189817426,36.71883134644072,141,2015,340,1155,2.0258583427999635,2.462650236161751,0.9786361953517102,0.5527404912945786,0.5052866882426248,0.06941595441595441,0.703149151758622,0.7175559770505242,0.5368690820054131,2016-10-06,2026-05-16,394,45
selected_features,14,3,none,strict,none,soft,0.52,0.32,tuned,1.15,67.74107508238656,-0.7856565370856083,1.0677310900329926,86.22225092617694,36.6124079201059,173,1940,228,1342,1.9828388239526724,2.364975913645819,0.9786361953517102,0.5527404912945786,0.5052866882426248,0.06941595441595441,0.703149151758622,0.7175559770505242,0.5368690820054131,2016-10-06,2026-05-16,395,46
selected_features,3,3,none,strict,none,soft,0.52,0.35,tuned,1.15,66.63007361641849,-0.7615478648174319,1.0539202484370611,87.49295572168916,36.48655048519456,209,1928,188,1394,1.7764287667324086,2.0830580617602616,0.840825153225227,0.5527404912945786,0.5052866882426248,0.06941595441595441,0.703149151758622,0.7175559770505242,0.5368690820054131,2016-10-06,2026-05-16,396,71
selected_features,7,3,strict,strict,none,none,0.52,0.35,tuned,1.15,63.45481878999159,-0.6953296492610541,1.0395711112009987,91.25861216679998,36.37485589770151,204,2116,298,1096,2.040759407965353,2.52026613015712,0.8761898916193999,0.5527404912945786,0.5052866882426248,0.06941595441595441,0.703149151758622,0.7175559770505242,0.5368690820054131,2016-10-06,2026-05-16,397,103
selected_features,14,3,soft,soft,none,none,0.52,0.32,tuned,1.15,67.60089270829644,-0.7926410240947851,1.0608751913572605,85.28563454749049,36.359899758843596,179,1919,321,1270,1.9037721439573456,2.4051620814412025,0.9786361953517102,0.5527404912945786,0.5052866882426248,0.06941595441595441,0.703149151758622,0.7175559770505242,0.5368690820054131,2016-10-06,2026-05-16,398,47
selected_features,30,7,none,none,soft,soft,0.52,0.32,tuned,1.15,68.53425910793611,-0.8245142975135953,1.0645351410133117,83.12076493349839,36.26837514654318,129,1973,221,1316,1.484356162291151,1.9477178363895598,0.9804382773345159,0.5527404912945786,0.5052866882426248,0.06941595441595441,0.703149151758622,0.7175559770505242,0.5368690820054131,2016-10-06,2026-05-16,399,19
selected_features,14,14,none,strict,none,none,0.52,0.32,tuned,1.15,67.20459358188968,-0.7913411194617253,1.0273444986633287,84.92493556710743,36.238759363193395,139,2204,456,850,2.1268805297378655,2.6124185206406834,0.9786361953517102,0.5527404912945786,0.5052866882426248,0.06941595441595441,0.703149151758622,0.7175559770505242,0.5368690820054131,2016-10-06,2026-05-16,400,48
selected_features,60,7,soft,soft,none,soft,0.56,0.35,tuned,1.15,66.71681107361391,-0.7890848838661366,1.057707512931371,84.54959971699573,36.042804790176625,133,1901,362,1247,1.5851576919112895,2.0661019302895838,0.8177115779335068,0.5527404912945786,0.5052866882426248,0.06941595441595441,0.703149151758622,0.7175559770505242,0.5368690820054131,2016-10-06,2026-05-16,401,52
selected_features,30,7,strict,soft,soft,soft,0.52,0.32,tuned,1.15,68.4457472121391,-0.8332683230851106,1.0511819680905996,82.14130468649533,36.030313385916116,129,2060,244,1206,1.7184622386665382,2.129901259089996,0.9804382773345159,0.5527404912945786,0.5052866882426248,0.06941595441595441,0.703149151758622,0.7175559770505242,0.5368690820054131,2016-10-06,2026-05-16,402,20
selected_features,3,14,strict,strict,none,none,0.52,0.35,tuned,1.15,67.69597189327969,-0.8179461611517442,1.0243230958448737,82.76335914084794,35.88754377825951,155,2309,380,821,1.9956766858595176,2.414986090152295,0.840825153225227,0.5527404912945786,0.5052866882426248,0.06941595441595441,0.703149151758622,0.7175559770505242,0.5368690820054131,2016-10-06,2026-05-16,403,72
selected_features,60,7,strict,soft,soft,none,0.56,0.35,tuned,1.15,67.32348966208798,-0.8166339880807573,1.0523681569761052,82.44022492905394,35.75862825427787,137,1954,397,1159,1.6321973417150297,2.172789776172809,0.8177115779335068,0.5527404912945786,0.5052866882426248,0.06941595441595441,0.703149151758622,0.7175559770505242,0.5368690820054131,2016-10-06,2026-05-16,404,53
selected_features,14,7,strict,soft,soft,soft,0.52,0.32,tuned,1.15,67.4068456005675,-0.822794668400362,1.0728002874209173,81.92426153127202,35.683892751521526,135,1911,228,1371,1.7225264264553042,2.118565985806836,0.9786361953517102,0.5527404912945786,0.5052866882426248,0.06941595441595441,0.703149151758622,0.7175559770505242,0.5368690820054131,2016-10-06,2026-05-16,405,49
selected_features,14,3,strict,soft,none,soft,0.52,0.32,tuned,1.15,66.26679694790539,-0.7935671757566204,1.0666968765578884,83.50496211580807,35.608416444632724,177,1903,241,1366,1.822254026164712,2.2385615992190715,0.9786361953517102,0.5527404912945786,0.5052866882426248,0.06941595441595441,0.703149151758622,0.7175559770505242,0.5368690820054131,2016-10-06,2026-05-16,406,50
selected_features,14,7,soft,soft,soft,soft,0.52,0.32,tuned,1.15,67.38551382816834,-0.8301961838305889,1.0801715512040002,81.16818065489824,35.53160509256331,129,1901,171,1438,1.6912297751027392,2.0641266626222037,0.9786361953517102,0.5527404912945786,0.5052866882426248,0.06941595441595441,0.703149151758622,0.7175559770505242,0.5368690820054131,2016-10-06,2026-05-16,407,51
selected_features,14,3,soft,strict,none,soft,0.52,0.32,tuned,1.15,65.04820712520338,-0.7689479337358279,1.05429985212154,84.59377322099768,35.47903681283329,181,1964,282,1264,2.0084283972557313,2.4083317337191685,0.9786361953517102,0.5527404912945786,0.5052866882426248,0.06941595441595441,0.703149151758622,0.7175559770505242,0.5368690820054131,2016-10-06,2026-05-16,408,52
selected_features,3,7,strict,strict,soft,soft,0.52,0.35,tuned,1.15,63.54067312332312,-0.7346002848817282,1.0393441789383657,86.49693504210016,35.44710905194323,180,1945,216,1349,1.6971990955733451,2.0366031726958806,0.840825153225227,0.5527404912945786,0.5052866882426248,0.06941595441595441,0.703149151758622,0.7175559770505242,0.5368690820054131,2016-10-06,2026-05-16,409,73
selected_features,30,14,soft,soft,soft,soft,0.52,0.32,tuned,1.15,66.34326047540598,-0.8116861193920245,1.0453448138437362,81.7351176648172,35.37926471119051,111,2063,255,1192,1.6854406254866132,2.08026960247771,0.9804382773345159,0.5527404912945786,0.5052866882426248,0.06941595441595441,0.703149151758622,0.7175559770505242,0.5368690820054131,2016-10-06,2026-05-16,410,21
selected_features,60,14,soft,strict,soft,none,0.56,0.35,tuned,1.15,67.9202938037749,-0.8539782065689474,1.0379777732744142,79.53398960455935,35.346705524479205,116,2130,380,1000,1.826560683225241,2.293843469318263,0.8177115779335068,0.5527404912945786,0.5052866882426248,0.06941595441595441,0.703149151758622,0.7175559770505242,0.5368690820054131,2016-10-06,2026-05-16,411,54
selected_features,60,7,strict,none,soft,soft,0.56,0.35,tuned,1.15,65.95765152186024,-0.8100085673186785,1.0615722695898704,81.4283381473307,35.17600267123232,128,1805,367,1338,1.3690461862159895,1.8647588172924436,0.8177115779335068,0.5527404912945786,0.5052866882426248,0.06941595441595441,0.703149151758622,0.7175559770505242,0.5368690820054131,2016-10-06,2026-05-16,412,55
selected_features,30,7,soft,strict,none,none,0.52,0.32,tuned,1.15,67.76301627192449,-0.8575330169739435,1.0328108545707981,79.02088308045111,35.142649025549915,140,2274,350,886,2.1401044548104013,2.624657868593455,0.9804382773345159,0.5527404912945786,0.5052866882426248,0.06941595441595441,0.703149151758622,0.7175559770505242,0.5368690820054131,2016-10-06,2026-05-16,413,22
selected_features,30,3,soft,soft,none,soft,0.52,0.32,tuned,1.15,67.8460654177413,-0.8590264606638336,1.056525952298768,78.98018108232849,35.141856849262865,152,2024,232,1254,1.7767636438157852,2.211719624081224,0.9804382773345159,0.5527404912945786,0.5052866882426248,0.06941595441595441,0.703149151758622,0.7175559770505242,0.5368690820054131,2016-10-06,2026-05-16,414,23
selected_features,3,3,soft,strict,soft,soft,0.52,0.35,tuned,1.15,64.05444030243146,-0.7594716625404683,1.0537952048235828,84.34079039653219,35.08597891354855,209,1816,169,1525,1.659212672371757,1.9800645529130245,0.840825153225227,0.5527404912945786,0.5052866882426248,0.06941595441595441,0.703149151758622,0.7175559770505242,0.5368690820054131,2016-10-06,2026-05-16,415,74
selected_features,14,3,strict,strict,soft,none,0.52,0.32,tuned,1.15,64.19954261501373,-0.7704409585351903,1.0414177415540005,83.32830946199154,34.964969688277336,181,2000,317,1193,2.0588031690287547,2.5213009674728055,0.9786361953517102,0.5527404912945786,0.5052866882426248,0.06941595441595441,0.703149151758622,0.7175559770505242,0.5368690820054131,2016-10-06,2026-05-16,416,53
selected_features,3,3,none,strict,soft,soft,0.52,0.35,tuned,1.15,64.36450578568981,-0.7819601589257295,1.0593237901241657,82.31174574688677,34.771014012970596,197,1804,156,1550,1.6320185384372528,1.938751445422631,0.840825153225227,0.5527404912945786,0.5052866882426248,0.06941595441595441,0.703149151758622,0.7175559770505242,0.5368690820054131,2016-10-06,2026-05-16,417,75
selected_features,30,7,soft,soft,none,soft,0.52,0.32,tuned,1.15,66.67654494630256,-0.8625307424794609,1.0472585318489367,77.30338370854103,34.482017283646776,135,2076,252,1182,1.7767636438157852,2.211719624081224,0.9804382773345159,0.5527404912945786,0.5052866882426248,0.06941595441595441,0.703149151758622,0.7175559770505242,0.5368690820054131,2016-10-06,2026-05-16,418,24
selected_features,3,7,strict,soft,soft,soft,0.52,0.35,tuned,1.15,63.18819357123529,-0.7699214234078174,1.0618462276817007,82.07096419210212,34.44989531021984,165,1802,146,1562,1.487331146489905,1.8127157157356377,0.840825153225227,0.5527404912945786,0.5052866882426248,0.06941595441595441,0.703149151758622,0.7175559770505242,0.5368690820054131,2016-10-06,2026-05-16,419,76
selected_features,30,7,none,soft,soft,none,0.52,0.32,tuned,1.15,65.6049027725769,-0.836058057624393,1.0427657276050095,78.46931462988248,34.41522919038083,140,2032,284,1194,1.776082389731042,2.2236939088036736,0.9804382773345159,0.5527404912945786,0.5052866882426248,0.06941595441595441,0.703149151758622,0.7175559770505242,0.5368690820054131,2016-10-06,2026-05-16,420,25
selected_features,7,3,soft,strict,soft,none,0.52,0.35,tuned,1.15,62.22734726584672,-0.7460147954344554,1.0565790245416415,83.4130202868262,34.35009240141576,219,1983,251,1276,1.8733436954077731,2.278821321514133,0.8761898916193999,0.5527404912945786,0.5052866882426248,0.06941595441595441,0.703149151758622,0.7175559770505242,0.5368690820054131,2016-10-06,2026-05-16,421,104
selected_features,14,3,none,none,none,none,0.52,0.32,tuned,1.15,64.2470781091759,-0.8138446264753673,1.063688219813875,78.94268269291138,34.059645065175694,179,1872,253,1385,1.6569630593456106,2.1869870855088096,0.9786361953517102,0.5527404912945786,0.5052866882426248,0.06941595441595441,0.703149151758622,0.7175559770505242,0.5368690820054131,2016-10-06,2026-05-16,422,54
selected_features,14,14,strict,soft,none,none,0.52,0.32,tuned,1.15,61.05281597996695,-0.7500538126945151,1.0125332470525146,81.39791431849275,33.742247028288865,135,2088,488,934,1.9351198911763432,2.463567925102624,0.9786361953517102,0.5527404912945786,0.5052866882426248,0.06941595441595441,0.703149151758622,0.7175559770505242,0.5368690820054131,2016-10-06,2026-05-16,423,55
selected_features,3,7,soft,soft,none,none,0.52,0.35,tuned,1.15,61.50675092164483,-0.7585925881202429,1.0304773802845475,81.08008420442874,33.70246846532848,189,1971,264,1275,1.7175753999438539,2.081498562827899,0.840825153225227,0.5527404912945786,0.5052866882426248,0.06941595441595441,0.703149151758622,0.7175559770505242,0.5368690820054131,2016-10-06,2026-05-16,424,77
selected_features,3,3,strict,soft,none,none,0.52,0.35,tuned,1.15,60.41391109548389,-0.7291940116381368,1.0312806455071797,82.85025676467616,33.69968039296024,222,1911,246,1353,1.7492146467106968,2.1393700179107378,0.840825153225227,0.5527404912945786,0.5052866882426248,0.06941595441595441,0.703149151758622,0.7175559770505242,0.5368690820054131,2016-10-06,2026-05-16,425,78
selected_features,3,14,soft,strict,none,none,0.52,0.35,tuned,1.15,62.78384468860851,-0.8023047356981863,1.012787031165014,78.25436133562441,33.535620214992456,151,2272,375,863,1.9642578481083521,2.3584402417193373,0.840825153225227,0.5527404912945786,0.5052866882426248,0.06941595441595441,0.703149151758622,0.7175559770505242,0.5368690820054131,2016-10-06,2026-05-16,426,79
selected_features,14,7,none,none,soft,soft,0.52,0.32,tuned,1.15,62.93223667240185,-0.8110930438725298,1.0723310411743918,77.5894173274308,33.51700402677709,121,1862,155,1493,1.515217112934944,1.8688283854629844,0.9786361953517102,0.5527404912945786,0.5052866882426248,0.06941595441595441,0.703149151758622,0.7175559770505242,0.5368690820054131,2016-10-06,2026-05-16,427,56
selected_features,7,14,strict,strict,none,none,0.52,0.35,tuned,1.15,61.52382402277177,-0.7749535647908339,1.0150972833574545,79.39033616727414,33.40780653347292,157,2273,397,840,2.040759407965353,2.52026613015712,0.8761898916193999,0.5527404912945786,0.5052866882426248,0.06941595441595441,0.703149151758622,0.7175559770505242,0.5368690820054131,2016-10-06,2026-05-16,428,105
selected_features,60,7,soft,none,none,none,0.56,0.35,tuned,1.15,62.81393898902742,-0.8258252172568978,1.0427225553152202,76.06202580937565,33.127258231372565,131,1884,476,1150,1.458405358834903,2.189199530825006,0.8177115779335068,0.5527404912945786,0.5052866882426248,0.06941595441595441,0.703149151758622,0.7175559770505242,0.5368690820054131,2016-10-06,2026-05-16,429,56
selected_features,30,7,none,soft,none,none,0.52,0.32,tuned,1.15,62.78551299505758,-0.834544267996235,1.0242383741570846,75.2332924720787,32.8736154888927,162,2114,416,980,1.8661255659627383,2.4083824600704826,0.9804382773345159,0.5527404912945786,0.5052866882426248,0.06941595441595441,0.703149151758622,0.7175559770505242,0.5368690820054131,2016-10-06,2026-05-16,430,26
selected_features,14,14,none,soft,soft,soft,0.52,0.32,tuned,1.15,62.84468187094551,-0.8431329163295739,1.0582911993532271,74.53709925657799,32.85531018696091,111,1953,196,1361,1.657469555425031,2.0262061087360195,0.9786361953517102,0.5527404912945786,0.5052866882426248,0.06941595441595441,0.703149151758622,0.7175559770505242,0.5368690820054131,2016-10-06,2026-05-16,431,57
selected_features,30,14,none,soft,soft,soft,0.52,0.32,tuned,1.15,63.78967544830638,-0.8732351981204505,1.0395056425382367,73.04982161232981,32.809149934195695,105,2030,232,1248,1.6639037784191033,2.0511459425386245,0.9804382773345159,0.5527404912945786,0.5052866882426248,0.06941595441595441,0.703149151758622,0.7175559770505242,0.5368690820054131,2016-10-06,2026-05-16,432,27
selected_features,60,3,strict,soft,none,soft,0.56,0.35,tuned,1.15,61.33725718203405,-0.8125966134462733,1.0450423098189137,75.48303323822492,32.53580284388398,156,1895,336,1279,1.616929756070928,2.1168157150726654,0.8177115779335068,0.5527404912945786,0.5052866882426248,0.06941595441595441,0.703149151758622,0.7175559770505242,0.5368690820054131,2016-10-06,2026-05-16,433,57
selected_features,3,3,none,strict,none,none,0.52,0.35,tuned,1.15,59.41931010999988,-0.7671452110525323,1.020327987881162,77.45510139921994,32.32699659478669,194,2061,258,1191,1.9397160967736404,2.315947043475856,0.840825153225227,0.5527404912945786,0.5052866882426248,0.06941595441595441,0.703149151758622,0.7175559770505242,0.5368690820054131,2016-10-06,2026-05-16,434,80
selected_features,14,7,soft,soft,soft,none,0.52,0.32,tuned,1.15,60.83243131191355,-0.816277320698318,1.0455990091532115,74.52422083694785,32.210186563294364,145,1929,277,1304,1.8044033654347182,2.2304064919652165,0.9786361953517102,0.5527404912945786,0.5052866882426248,0.06941595441595441,0.703149151758622,0.7175559770505242,0.5368690820054131,2016-10-06,2026-05-16,435,58
selected_features,14,7,strict,none,soft,soft,0.52,0.32,tuned,1.15,61.1089877042876,-0.8273878064899927,1.0577234827073163,73.85773300615679,32.15621137335271,142,1893,220,1397,1.5754441448493843,1.9418842283985769,0.9786361953517102,0.5527404912945786,0.5052866882426248,0.06941595441595441,0.703149151758622,0.7175559770505242,0.5368690820054131,2016-10-06,2026-05-16,436,59
selected_features,3,3,strict,soft,soft,none,0.52,0.35,tuned,1.15,58.00393012717251,-0.7370595772503659,1.036498188825224,78.6963929612838,32.13990752493439,221,1830,189,1491,1.625445229040149,1.962365762102358,0.840825153225227,0.5527404912945786,0.5052866882426248,0.06941595441595441,0.703149151758622,0.7175559770505242,0.5368690820054131,2016-10-06,2026-05-16,437,81
selected_features,30,3,none,strict,none,soft,0.52,0.32,tuned,1.15,62.64266989347869,-0.8727635900546629,1.0378705850078151,71.7750724334814,32.12811567192429,146,2094,223,1193,1.9808528128347422,2.350990230897073,0.9804382773345159,0.5527404912945786,0.5052866882426248,0.06941595441595441,0.703149151758622,0.7175559770505242,0.5368690820054131,2016-10-06,2026-05-16,438,28
selected_features,3,14,soft,strict,soft,soft,0.52,0.35,tuned,1.15,59.370789636678005,-0.7798103256453106,1.0199838982647405,76.13491086764893,32.106450521869206,157,2087,245,1178,1.659212672371757,1.9800645529130245,0.840825153225227,0.5527404912945786,0.5052866882426248,0.06941595441595441,0.703149151758622,0.7175559770505242,0.5368690820054131,2016-10-06,2026-05-16,439,82
selected_features,14,7,soft,none,soft,soft,0.52,0.32,tuned,1.15,60.32442225376434,-0.8219827722569989,1.0617983125496115,73.38891311325862,31.859260242852148,130,1877,178,1455,1.538971341361301,1.8983125417570028,0.9786361953517102,0.5527404912945786,0.5052866882426248,0.06941595441595441,0.703149151758622,0.7175559770505242,0.5368690820054131,2016-10-06,2026-05-16,440,60
selected_features,14,3,strict,soft,soft,none,0.52,0.32,tuned,1.15,58.02840784238527,-0.7558863281739421,1.0363919755892093,76.7686961379092,31.81814086153621,181,1913,294,1303,1.8353922914669352,2.289148253549912,0.9786361953517102,0.5527404912945786,0.5052866882426248,0.06941595441595441,0.703149151758622,0.7175559770505242,0.5368690820054131,2016-10-06,2026-05-16,441,61
selected_features,30,3,none,none,none,soft,0.52,0.32,tuned,1.15,60.892048124446426,-0.8406792683206868,1.0377241757743296,72.43196117596949,31.748361048647983,159,1943,301,1266,1.5530834537220402,2.063523099766513,0.9804382773345159,0.5527404912945786,0.5052866882426248,0.06941595441595441,0.703149151758622,0.7175559770505242,0.5368690820054131,2016-10-06,2026-05-16,442,29
selected_features,60,3,none,soft,soft,none,0.56,0.35,tuned,1.15,60.483213826144976,-0.8314788824700078,1.0468152075224884,72.74173175207088,31.720347217803027,150,1849,329,1332,1.5761256976159332,2.085603466444776,0.8177115779335068,0.5527404912945786,0.5052866882426248,0.06941595441595441,0.703149151758622,0.7175559770505242,0.5368690820054131,2016-10-06,2026-05-16,443,58
selected_features,14,14,none,none,soft,soft,0.52,0.32,tuned,1.15,59.9335351394475,-0.8262916604302076,1.051979055198841,72.53314780914428,31.60801819744494,107,1925,189,1396,1.515217112934944,1.8688283854629844,0.9786361953517102,0.5527404912945786,0.5052866882426248,0.06941595441595441,0.703149151758622,0.7175559770505242,0.5368690820054131,2016-10-06,2026-05-16,444,62
selected_features,60,14,strict,none,soft,none,0.56,0.35,tuned,1.15,60.333190380852855,-0.8395667989160884,1.0272008220796096,71.86228714468606,31.54047633227582,121,1963,514,1033,1.43670150900218,2.05520027670198,0.8177115779335068,0.5527404912945786,0.5052866882426248,0.06941595441595441,0.703149151758622,0.7175559770505242,0.5368690820054131,2016-10-06,2026-05-16,445,59
selected_features,3,7,soft,soft,soft,none,0.52,0.35,tuned,1.15,57.76170265519307,-0.7638798536140702,1.03085493998824,75.61621422781444,31.497703054099105,180,1871,215,1424,1.591789159689859,1.904035924193935,0.840825153225227,0.5527404912945786,0.5052866882426248,0.06941595441595441,0.703149151758622,0.7175559770505242,0.5368690820054131,2016-10-06,2026-05-16,446,83
selected_features,7,7,strict,strict,none,none,0.52,0.35,tuned,1.15,57.77860143137184,-0.7702193602760984,1.0124602690539861,75.01577396166736,31.364322115568793,182,2190,341,979,2.040759407965353,2.52026613015712,0.8761898916193999,0.5527404912945786,0.5052866882426248,0.06941595441595441,0.703149151758622,0.7175559770505242,0.5368690820054131,2016-10-06,2026-05-16,447,106
selected_features,60,14,none,none,none,none,0.56,0.35,tuned,1.15,59.79700885779592,-0.8433058664669617,1.0310143886981629,70.9078535268776,31.217396065674954,105,1919,505,1086,1.432365323022602,2.157036265708662,0.8177115779335068,0.5527404912945786,0.5052866882426248,0.06941595441595441,0.703149151758622,0.7175559770505242,0.5368690820054131,2016-10-06,2026-05-16,448,60
selected_features,14,3,strict,strict,none,soft,0.52,0.32,tuned,1.15,56.38290659826045,-0.7463008720744722,1.023318827053009,75.54983346265485,31.084124171384566,183,1998,302,1210,2.041786759930662,2.468398808290886,0.9786361953517102,0.5527404912945786,0.5052866882426248,0.06941595441595441,0.703149151758622,0.7175559770505242,0.5368690820054131,2016-10-06,2026-05-16,449,63
selected_features,3,3,strict,strict,soft,none,0.52,0.35,tuned,1.15,55.85311254391058,-0.7310018518232353,1.0179043101514742,76.40625315052759,31.05969858705266,210,1960,242,1308,1.8548320060846741,2.2270244905571923,0.840825153225227,0.5527404912945786,0.5052866882426248,0.06941595441595441,0.703149151758622,0.7175559770505242,0.5368690820054131,2016-10-06,2026-05-16,450,84
selected_features,30,3,strict,strict,soft,none,0.52,0.32,tuned,1.15,59.355847220946174,-0.831923801572979,1.020519765423338,71.3476968788701,31.04557070798982,174,2163,299,1048,2.0629653337788287,2.491809032312304,0.9804382773345159,0.5527404912945786,0.5052866882426248,0.06941595441595441,0.703149151758622,0.7175559770505242,0.5368690820054131,2016-10-06,2026-05-16,451,30
selected_features,30,14,strict,soft,soft,soft,0.52,0.32,tuned,1.15,58.173113859581136,-0.8049475450761001,1.01435197208517,72.26944689182376,31.016662295123773,119,2133,299,1078,1.7184622386665382,2.129901259089996,0.9804382773345159,0.5527404912945786,0.5052866882426248,0.06941595441595441,0.703149151758622,0.7175559770505242,0.5368690820054131,2016-10-06,2026-05-16,452,31
selected_features,60,7,strict,strict,none,none,0.56,0.35,tuned,1.15,58.11658074286264,-0.8116380840170176,1.00891767879293,71.60405836949872,30.82035947931479,137,2127,425,958,1.9644264605421924,2.529159715411594,0.8177115779335068,0.5527404912945786,0.5052866882426248,0.06941595441595441,0.703149151758622,0.7175559770505242,0.5368690820054131,2016-10-06,2026-05-16,453,61
selected_features,3,7,none,soft,none,none,0.52,0.35,tuned,1.15,57.45216649863668,-0.7925691819527675,1.021202282654697,72.48851937074244,30.74406314522767,178,1910,235,1365,1.693117963679675,2.0388185593067223,0.840825153225227,0.5527404912945786,0.5052866882426248,0.06941595441595441,0.703149151758622,0.7175559770505242,0.5368690820054131,2016-10-06,2026-05-16,454,85
selected_features,7,3,strict,strict,soft,none,0.52,0.35,tuned,1.15,54.694970014628424,-0.7163043614060429,1.0259121570144893,76.35716458192014,30.705612723970074,219,2015,253,1242,1.909735451447506,2.335861910363763,0.8761898916193999,0.5527404912945786,0.5052866882426248,0.06941595441595441,0.703149151758622,0.7175559770505242,0.5368690820054131,2016-10-06,2026-05-16,455,107
selected_features,30,3,none,none,soft,none,0.52,0.32,tuned,1.15,58.6898091893837,-0.8370082956420845,1.0290137262292216,70.11855138707038,30.602547468856805,171,1948,340,1222,1.5749248600435193,2.109397422267653,0.9804382773345159,0.5527404912945786,0.5052866882426248,0.06941595441595441,0.703149151758622,0.7175559770505242,0.5368690820054131,2016-10-06,2026-05-16,456,32
selected_features,30,3,soft,none,none,none,0.52,0.32,tuned,1.15,59.61260740567986,-0.8652969523819473,1.023846124615728,68.89265845855712,30.597038866553454,171,1992,439,1079,1.6680522361959578,2.3143965278480505,0.9804382773345159,0.5527404912945786,0.5052866882426248,0.06941595441595441,0.703149151758622,0.7175559770505242,0.5368690820054131,2016-10-06,2026-05-16,457,33
selected_features,3,14,strict,strict,soft,soft,0.52,0.35,tuned,1.15,57.66452752508241,-0.8127133333113828,1.0103727901296196,70.95309645054,30.505716357538862,161,2107,266,1137,1.6971990955733451,2.0366031726958806,0.840825153225227,0.5527404912945786,0.5052866882426248,0.06941595441595441,0.703149151758622,0.7175559770505242,0.5368690820054131,2016-10-06,2026-05-16,458,86
selected_features,14,3,strict,soft,none,none,0.52,0.32,tuned,1.15,55.15219655482292,-0.7412144642351794,1.014158787145217,74.40787952206463,30.47967236606665,188,1975,366,1169,1.9351198911763432,2.463567925102624,0.9786361953517102,0.5527404912945786,0.5052866882426248,0.06941595441595441,0.703149151758622,0.7175559770505242,0.5368690820054131,2016-10-06,2026-05-16,459,64
selected_features,14,7,none,soft,soft,none,0.52,0.32,tuned,1.15,57.65210344297338,-0.8239510528228472,1.0422652759223714,69.97030132488806,30.350545328413894,137,1919,230,1361,1.7756681009359931,2.189274786615188,0.9786361953517102,0.5527404912945786,0.5052866882426248,0.06941595441595441,0.703149151758622,0.7175559770505242,0.5368690820054131,2016-10-06,2026-05-16,460,65
selected_features,60,3,none,soft,none,soft,0.56,0.35,tuned,1.15,57.989499178197434,-0.835246812636166,1.0424178782223228,69.42798021003368,30.327233537048574,138,1826,313,1371,1.5591457767414294,2.0319579463046016,0.8177115779335068,0.5527404912945786,0.5052866882426248,0.06941595441595441,0.703149151758622,0.7175559770505242,0.5368690820054131,2016-10-06,2026-05-16,461,62
selected_features,60,3,strict,strict,none,soft,0.56,0.35,tuned,1.15,58.07758488543922,-0.8445949139099573,1.025268475233035,68.76383450685911,30.175142690947705,152,1966,275,1269,1.8417627404847006,2.289602630011672,0.8177115779335068,0.5527404912945786,0.5052866882426248,0.06941595441595441,0.703149151758622,0.7175559770505242,0.5368690820054131,2016-10-06,2026-05-16,462,63
selected_features,30,3,none,strict,soft,soft,0.52,0.32,tuned,1.15,58.66373249442893,-0.8668314412442436,1.038210606114055,67.67605523194155,30.1261652053016,144,2003,185,1322,1.8706487610349927,2.2176527155042223,0.9804382773345159,0.5527404912945786,0.5052866882426248,0.06941595441595441,0.703149151758622,0.7175559770505242,0.5368690820054131,2016-10-06,2026-05-16,463,34
selected_features,30,3,soft,strict,none,none,0.52,0.32,tuned,1.15,58.61569861952524,-0.8674783167638112,1.0128511803745037,67.570217591369,30.036903121307684,166,2220,329,961,2.1401044548104013,2.624657868593455,0.9804382773345159,0.5527404912945786,0.5052866882426248,0.06941595441595441,0.703149151758622,0.7175559770505242,0.5368690820054131,2016-10-06,2026-05-16,464,35
selected_features,30,7,strict,strict,soft,soft,0.52,0.32,tuned,1.15,56.17968786302246,-0.7968872923055308,1.015565155203147,70.49891296482473,30.03302764081087,140,2101,255,1154,1.931886646177946,2.302526269174225,0.9804382773345159,0.5527404912945786,0.5052866882426248,0.06941595441595441,0.703149151758622,0.7175559770505242,0.5368690820054131,2016-10-06,2026-05-16,465,36
selected_features,14,14,strict,strict,none,none,0.52,0.32,tuned,1.15,55.39949285445459,-0.7749962309749878,0.9902273129862028,71.48356422941437,30.022394973045685,136,2224,504,782,2.183635706689575,2.7123458724814293,0.9786361953517102,0.5527404912945786,0.5052866882426248,0.06941595441595441,0.703149151758622,0.7175559770505242,0.5368690820054131,2016-10-06,2026-05-16,466,66
selected_features,14,3,soft,none,none,none,0.52,0.32,tuned,1.15,57.03284680313783,-0.8196988786898437,1.041530526217339,69.57780263686054,30.00732665412722,179,1885,261,1364,1.6819121968987112,2.226779251845834,0.9786361953517102,0.5527404912945786,0.5052866882426248,0.06941595441595441,0.703149151758622,0.7175559770505242,0.5368690820054131,2016-10-06,2026-05-16,467,67
selected_features,3,14,strict,soft,soft,soft,0.52,0.35,tuned,1.15,56.95465001428102,-0.8253110094557334,1.031327981824254,69.00992397016589,29.935705830136303,141,1944,181,1385,1.487331146489905,1.8127157157356377,0.840825153225227,0.5527404912945786,0.5052866882426248,0.06941595441595441,0.703149151758622,0.7175559770505242,0.5368690820054131,2016-10-06,2026-05-16,468,87
selected_features,60,7,soft,soft,soft,none,0.56,0.35,tuned,1.15,56.22513448925906,-0.8124553065300357,1.0258354003453118,69.20397225220225,29.777808054176482,137,1912,388,1210,1.600901359620266,2.121197424963181,0.8177115779335068,0.5527404912945786,0.5052866882426248,0.06941595441595441,0.703149151758622,0.7175559770505242,0.5368690820054131,2016-10-06,2026-05-16,469,64
selected_features,30,7,soft,none,soft,none,0.52,0.32,tuned,1.15,56.99633560138856,-0.8348351717343192,1.0187213311105379,68.27256149615995,29.760421480869343,153,1998,388,1124,1.5995631689935668,2.139406824089858,0.9804382773345159,0.5527404912945786,0.5052866882426248,0.06941595441595441,0.703149151758622,0.7175559770505242,0.5368690820054131,2016-10-06,2026-05-16,470,37
selected_features,14,14,soft,soft,none,soft,0.52,0.32,tuned,1.15,56.58160379295216,-0.8310588333164728,1.0279374427209764,68.08375234657484,29.678186170507363,117,1977,282,1251,1.7905985536253666,2.1809736532029707,0.9786361953517102,0.5527404912945786,0.5052866882426248,0.06941595441595441,0.703149151758622,0.7175559770505242,0.5368690820054131,2016-10-06,2026-05-16,471,68
selected_features,60,14,strict,none,none,none,0.56,0.35,tuned,1.15,55.807464847297126,-0.8150288019445883,1.0085748374695604,68.47299716788577,29.519054078449898,126,2000,588,922,1.491022355641437,2.237204054814047,0.8177115779335068,0.5527404912945786,0.5052866882426248,0.06941595441595441,0.703149151758622,0.7175559770505242,0.5368690820054131,2016-10-06,2026-05-16,472,65
selected_features,30,3,soft,strict,soft,none,0.52,0.32,tuned,1.15,55.74144677086561,-0.8109971819750174,1.0118410781913711,68.73198576981333,29.509229085120555,150,2128,282,1100,2.0301035309235345,2.43671640036756,0.9804382773345159,0.5527404912945786,0.5052866882426248,0.06941595441595441,0.703149151758622,0.7175559770505242,0.5368690820054131,2016-10-06,2026-05-16,473,38
selected_features,30,7,none,strict,none,none,0.52,0.32,tuned,1.15,56.53536175175972,-0.8388471086151017,1.0041615316493957,67.39650309470224,29.48680679477678,128,2243,320,947,2.1158820814259287,2.583533730682146,0.9804382773345159,0.5527404912945786,0.5052866882426248,0.06941595441595441,0.703149151758622,0.7175559770505242,0.5368690820054131,2016-10-06,2026-05-16,474,39
selected_features,14,3,none,strict,soft,soft,0.52,0.32,tuned,1.15,55.61767269943883,-0.8316723917386648,1.0417370057219246,66.87449679935449,29.06721863203189,159,1870,181,1459,1.856757624116983,2.2205090354077868,0.9786361953517102,0.5527404912945786,0.5052866882426248,0.06941595441595441,0.703149151758622,0.7175559770505242,0.5368690820054131,2016-10-06,2026-05-16,475,69
selected_features,30,7,soft,soft,soft,none,0.52,0.32,tuned,1.15,55.32427202124935,-0.8286824254415668,1.0071786918406207,66.76172961164174,28.97428703904541,146,2078,311,1121,1.798547104919,2.259121313455547,0.9804382773345159,0.5527404912945786,0.5052866882426248,0.06941595441595441,0.703149151758622,0.7175559770505242,0.5368690820054131,2016-10-06,2026-05-16,476,40
selected_features,60,7,soft,strict,soft,none,0.56,0.35,tuned,1.15,56.11867214003642,-0.8583602659204832,1.0142925217319816,65.37892580553716,28.929438853323948,132,2045,323,1142,1.826560683225241,2.293843469318263,0.8177115779335068,0.5527404912945786,0.5052866882426248,0.06941595441595441,0.703149151758622,0.7175559770505242,0.5368690820054131,2016-10-06,2026-05-16,477,66
selected_features,60,7,soft,none,soft,soft,0.56,0.35,tuned,1.15,54.21645307404873,-0.8336846205815064,1.030742633682299,65.03232965510628,28.358055999297797,116,1778,337,1395,1.3342532230836583,1.8244865605453482,0.8177115779335068,0.5527404912945786,0.5052866882426248,0.06941595441595441,0.703149151758622,0.7175559770505242,0.5368690820054131,2016-10-06,2026-05-16,478,67
selected_features,30,3,none,strict,none,none,0.52,0.32,tuned,1.15,54.72397951265596,-0.8500968296577216,1.0028860511633837,64.37381907975086,28.29234675058199,144,2193,304,1013,2.1158820814259287,2.583533730682146,0.9804382773345159,0.5527404912945786,0.5052866882426248,0.06941595441595441,0.703149151758622,0.7175559770505242,0.5368690820054131,2016-10-06,2026-05-16,479,41
selected_features,14,14,none,strict,soft,none,0.52,0.32,tuned,1.15,53.30558200753395,-0.8168954489751328,1.0046209706430131,65.25386091256904,28.122944813280128,125,2038,376,1096,2.0007993299021756,2.419553233711563,0.9786361953517102,0.5527404912945786,0.5052866882426248,0.06941595441595441,0.703149151758622,0.7175559770505242,0.5368690820054131,2016-10-06,2026-05-16,480,70
selected_features,30,7,strict,strict,soft,none,0.52,0.32,tuned,1.15,53.84614631547302,-0.8431435697312282,0.9973257464730777,63.86355568439874,27.9236895806232,149,2233,316,961,2.0629653337788287,2.491809032312304,0.9804382773345159,0.5527404912945786,0.5052866882426248,0.06941595441595441,0.703149151758622,0.7175559770505242,0.5368690820054131,2016-10-06,2026-05-16,481,42
selected_features,30,14,none,none,soft,soft,0.52,0.32,tuned,1.15,53.11438698553248,-0.8285573112807498,1.0116621713018457,64.10466272203963,27.85963376092238,107,2027,255,1228,1.484356162291151,1.9477178363895598,0.9804382773345159,0.5527404912945786,0.5052866882426248,0.06941595441595441,0.703149151758622,0.7175559770505242,0.5368690820054131,2016-10-06,2026-05-16,482,43
selected_features,14,7,soft,none,none,none,0.52,0.32,tuned,1.15,52.12944549669564,-0.798096869780034,1.0166683059259756,65.31719077041762,27.75048462294127,155,1942,304,1264,1.6819121968987112,2.226779251845834,0.9786361953517102,0.5527404912945786,0.5052866882426248,0.06941595441595441,0.703149151758622,0.7175559770505242,0.5368690820054131,2016-10-06,2026-05-16,483,71
selected_features,60,14,soft,none,none,none,0.56,0.35,tuned,1.15,52.91303777445046,-0.8340368112944849,1.0058665574936236,63.44208919547044,27.649836452433885,111,1952,529,1029,1.458405358834903,2.189199530825006,0.8177115779335068,0.5527404912945786,0.5052866882426248,0.06941595441595441,0.703149151758622,0.7175559770505242,0.5368690820054131,2016-10-06,2026-05-16,484,68
selected_features,60,3,soft,none,none,none,0.56,0.35,tuned,1.15,52.48446049579153,-0.8177426571318951,1.0156667344658308,64.18212384795065,27.62106795397576,147,1846,439,1225,1.458405358834903,2.189199530825006,0.8177115779335068,0.5527404912945786,0.5052866882426248,0.06941595441595441,0.703149151758622,0.7175559770505242,0.5368690820054131,2016-10-06,2026-05-16,485,69
selected_features,14,14,soft,soft,soft,soft,0.52,0.32,tuned,1.15,52.979049056862465,-0.8438578464019122,1.024506614333676,62.78195940555328,27.531861605183792,111,1962,212,1336,1.6912297751027392,2.0641266626222037,0.9786361953517102,0.5527404912945786,0.5052866882426248,0.06941595441595441,0.703149151758622,0.7175559770505242,0.5368690820054131,2016-10-06,2026-05-16,486,72
selected_features,14,7,strict,strict,soft,none,0.52,0.32,tuned,1.15,51.04116346153421,-0.7868083842966321,0.9976836846700216,64.87114840185961,27.3522575280959,150,2049,355,1106,2.0588031690287547,2.5213009674728055,0.9786361953517102,0.5527404912945786,0.5052866882426248,0.06941595441595441,0.703149151758622,0.7175559770505242,0.5368690820054131,2016-10-06,2026-05-16,487,73
selected_features,3,3,soft,soft,soft,none,0.52,0.35,tuned,1.15,49.98481522822029,-0.7517501184592514,1.0156916994393117,66.49126352073826,27.291501719343437,209,1771,175,1564,1.591789159689859,1.904035924193935,0.840825153225227,0.5527404912945786,0.5052866882426248,0.06941595441595441,0.703149151758622,0.7175559770505242,0.5368690820054131,2016-10-06,2026-05-16,488,88
selected_features,60,7,strict,soft,none,soft,0.56,0.35,tuned,1.15,51.491302348246094,-0.8076733044406801,1.0058474650477023,63.75263620221324,27.256372927132322,142,1940,390,1180,1.616929756070928,2.1168157150726654,0.8177115779335068,0.5527404912945786,0.5052866882426248,0.06941595441595441,0.703149151758622,0.7175559770505242,0.5368690820054131,2016-10-06,2026-05-16,489,70
selected_features,3,3,strict,strict,soft,soft,0.52,0.35,tuned,1.15,49.388108904844934,-0.7427215170920631,1.004624798376702,66.49613316470418,27.108876087461088,215,1846,183,1481,1.6971990955733451,2.0366031726958806,0.840825153225227,0.5527404912945786,0.5052866882426248,0.06941595441595441,0.703149151758622,0.7175559770505242,0.5368690820054131,2016-10-06,2026-05-16,490,89
selected_features,60,7,strict,none,none,none,0.56,0.35,tuned,1.15,50.89199665218811,-0.8013538578095813,0.9996899227843564,63.50752062427973,27.01930227122493,149,1912,522,1076,1.491022355641437,2.237204054814047,0.8177115779335068,0.5527404912945786,0.5052866882426248,0.06941595441595441,0.703149151758622,0.7175559770505242,0.5368690820054131,2016-10-06,2026-05-16,491,71
selected_features,60,7,none,soft,none,soft,0.56,0.35,tuned,1.15,51.951786169825134,-0.8421942957748308,1.0169282782743982,61.686224224576044,26.973962723540254,126,1859,349,1302,1.5591457767414294,2.0319579463046016,0.8177115779335068,0.5527404912945786,0.5052866882426248,0.06941595441595441,0.703149151758622,0.7175559770505242,0.5368690820054131,2016-10-06,2026-05-16,492,72
selected_features,3,14,none,strict,soft,none,0.52,0.35,tuned,1.15,50.61766894567972,-0.7952357654212505,0.985472417344701,63.65114742904784,26.972400808807567,147,2143,323,1044,1.7953058684784846,2.130118790984195,0.840825153225227,0.5527404912945786,0.5052866882426248,0.06941595441595441,0.703149151758622,0.7175559770505242,0.5368690820054131,2016-10-06,2026-05-16,493,90
selected_features,60,7,none,none,none,none,0.56,0.35,tuned,1.15,52.2094048925609,-0.8546546772552648,1.0127302880104305,61.08830417945189,26.912619557893212,127,1849,470,1191,1.432365323022602,2.157036265708662,0.8177115779335068,0.5527404912945786,0.5052866882426248,0.06941595441595441,0.703149151758622,0.7175559770505242,0.5368690820054131,2016-10-06,2026-05-16,494,73
selected_features,14,3,strict,strict,none,none,0.52,0.32,tuned,1.15,49.23306471580157,-0.7574952865065318,0.9863760979326115,64.99454926361055,26.77719179360583,195,2096,396,1018,2.183635706689575,2.7123458724814293,0.9786361953517102,0.5527404912945786,0.5052866882426248,0.06941595441595441,0.703149151758622,0.7175559770505242,0.5368690820054131,2016-10-06,2026-05-16,495,74
selected_features,14,7,strict,strict,none,none,0.52,0.32,tuned,1.15,50.414318299697456,-0.8060952081401136,0.9847661677891187,62.54139435466605,26.6416235093935,164,2162,429,919,2.183635706689575,2.7123458724814293,0.9786361953517102,0.5527404912945786,0.5052866882426248,0.06941595441595441,0.703149151758622,0.7175559770505242,0.5368690820054131,2016-10-06,2026-05-16,496,75
selected_features,60,7,none,soft,soft,soft,0.56,0.35,tuned,1.15,51.87917996352239,-0.8621579498069024,1.0219832436711012,60.17363752795155,26.626478192673286,126,1831,300,1379,1.4779835848570602,1.9095713446031939,0.8177115779335068,0.5527404912945786,0.5052866882426248,0.06941595441595441,0.703149151758622,0.7175559770505242,0.5368690820054131,2016-10-06,2026-05-16,497,74
selected_features,30,3,strict,strict,soft,soft,0.52,0.32,tuned,1.15,49.987122283683654,-0.8223726478867378,0.9985159059812517,60.78402827737066,26.182457097814243,146,2055,235,1220,1.931886646177946,2.302526269174225,0.9804382773345159,0.5527404912945786,0.5052866882426248,0.06941595441595441,0.703149151758622,0.7175559770505242,0.5368690820054131,2016-10-06,2026-05-16,498,44
selected_features,60,14,none,none,soft,soft,0.56,0.35,tuned,1.15,49.56888169302636,-0.8161815738102534,1.0055963982018907,60.73266449966461,26.148929179948677,100,1871,362,1277,1.3066912494460998,1.7994041649037125,0.8177115779335068,0.5527404912945786,0.5052866882426248,0.06941595441595441,0.703149151758622,0.7175559770505242,0.5368690820054131,2016-10-06,2026-05-16,499,75
selected_features,3,7,none,strict,none,none,0.52,0.35,tuned,1.15,48.70592709156611,-0.7786377365784756,0.9809157318856367,62.55274411126264,26.14235028515924,175,2133,288,1089,1.9397160967736404,2.315947043475856,0.840825153225227,0.5527404912945786,0.5052866882426248,0.06941595441595441,0.703149151758622,0.7175559770505242,0.5368690820054131,2016-10-06,2026-05-16,500,91
selected_features,60,3,none,soft,soft,soft,0.56,0.35,tuned,1.15,50.69922366455248,-0.8519853286281864,1.0253931803886605,59.50715577014125,26.117104205744795,144,1778,259,1473,1.4779835848570602,1.9095713446031939,0.8177115779335068,0.5527404912945786,0.5052866882426248,0.06941595441595441,0.703149151758622,0.7175559770505242,0.5368690820054131,2016-10-06,2026-05-16,501,76
selected_features,60,7,soft,none,none,soft,0.56,0.35,tuned,1.15,49.23335333578325,-0.8200516590726772,1.006116179577341,60.03689254340004,25.846460598426205,129,1839,400,1271,1.389108517559967,1.955587195754647,0.8177115779335068,0.5527404912945786,0.5052866882426248,0.06941595441595441,0.703149151758622,0.7175559770505242,0.5368690820054131,2016-10-06,2026-05-16,502,77
selected_features,14,14,none,soft,soft,none,0.52,0.32,tuned,1.15,49.510519640839334,-0.8381151709600476,1.0053294181439005,59.07364686422013,25.73810659774613,117,1978,282,1250,1.7756681009359931,2.189274786615188,0.9786361953517102,0.5527404912945786,0.5052866882426248,0.06941595441595441,0.703149151758622,0.7175559770505242,0.5368690820054131,2016-10-06,2026-05-16,503,76
selected_features,60,7,strict,strict,soft,none,0.56,0.35,tuned,1.15,49.461822862570074,-0.8367394281717364,0.9892654822312191,59.11257578795282,25.685380649927843,138,2040,344,1126,1.8586306447257486,2.3463371779991746,0.8177115779335068,0.5527404912945786,0.5052866882426248,0.06941595441595441,0.703149151758622,0.7175559770505242,0.5368690820054131,2016-10-06,2026-05-16,504,78
selected_features,3,7,strict,soft,soft,none,0.52,0.35,tuned,1.15,47.56834365856112,-0.7718698986339612,0.9893007279809481,61.62741122920657,25.60140322491053,188,1928,229,1353,1.625445229040149,1.962365762102358,0.840825153225227,0.5527404912945786,0.5052866882426248,0.06941595441595441,0.703149151758622,0.7175559770505242,0.5368690820054131,2016-10-06,2026-05-16,505,92
selected_features,60,14,none,none,none,soft,0.56,0.35,tuned,1.15,48.41065472890803,-0.8288545702281194,0.9990733930088297,58.40669336670766,25.30814256678188,105,1914,428,1168,1.3617631429895891,1.9266327171826416,0.8177115779335068,0.5527404912945786,0.5052866882426248,0.06941595441595441,0.703149151758622,0.7175559770505242,0.5368690820054131,2016-10-06,2026-05-16,506,79
selected_features,60,3,strict,none,none,none,0.56,0.35,tuned,1.15,47.480589045833135,-0.7914312286639011,0.9928097708202508,59.99332263649761,25.259035625006675,171,1870,467,1173,1.491022355641437,2.237204054814047,0.8177115779335068,0.5527404912945786,0.5052866882426248,0.06941595441595441,0.703149151758622,0.7175559770505242,0.5368690820054131,2016-10-06,2026-05-16,507,80
selected_features,3,7,none,strict,soft,none,0.52,0.35,tuned,1.15,46.347844171042134,-0.7546180908338944,0.9792007614363011,61.41894122870182,25.217589150013342,185,2019,262,1229,1.7953058684784846,2.130118790984195,0.840825153225227,0.5527404912945786,0.5052866882426248,0.06941595441595441,0.703149151758622,0.7175559770505242,0.5368690820054131,2016-10-06,2026-05-16,508,93
selected_features,7,7,strict,strict,soft,none,0.52,0.35,tuned,1.15,46.2069831660848,-0.7590702034945597,0.9841694199741675,60.873135255948654,25.044343543637925,194,2121,286,1103,1.909735451447506,2.335861910363763,0.8761898916193999,0.5527404912945786,0.5052866882426248,0.06941595441595441,0.703149151758622,0.7175559770505242,0.5368690820054131,2016-10-06,2026-05-16,509,108
selected_features,14,7,strict,soft,soft,none,0.52,0.32,tuned,1.15,46.99143279111107,-0.7933498935408532,0.9942839431124759,59.231662061969224,25.00207426289047,149,1955,326,1229,1.8353922914669352,2.289148253549912,0.9786361953517102,0.5527404912945786,0.5052866882426248,0.06941595441595441,0.703149151758622,0.7175559770505242,0.5368690820054131,2016-10-06,2026-05-16,510,77
selected_features,14,7,strict,soft,none,none,0.52,0.32,tuned,1.15,46.07943903428292,-0.7712393721829669,0.9764281602965423,59.74725966577229,24.838984284314414,156,2031,400,1079,1.9351198911763432,2.463567925102624,0.9786361953517102,0.5527404912945786,0.5052866882426248,0.06941595441595441,0.703149151758622,0.7175559770505242,0.5368690820054131,2016-10-06,2026-05-16,511,78
selected_features,30,14,none,soft,soft,none,0.52,0.32,tuned,1.15,48.64089796241854,-0.8706458712600808,0.983666421670868,55.86760308415734,24.785765914066733,118,2079,340,1091,1.776082389731042,2.2236939088036736,0.9804382773345159,0.5527404912945786,0.5052866882426248,0.06941595441595441,0.703149151758622,0.7175559770505242,0.5368690820054131,2016-10-06,2026-05-16,512,45
selected_features,30,7,none,strict,soft,soft,0.52,0.32,tuned,1.15,48.512110654693146,-0.8663870282645488,0.9973267936899347,55.993579165038135,24.75842962187636,130,2048,209,1253,1.8706487610349927,2.2176527155042223,0.9804382773345159,0.5527404912945786,0.5052866882426248,0.06941595441595441,0.703149151758622,0.7175559770505242,0.5368690820054131,2016-10-06,2026-05-16,513,46
selected_features,14,14,strict,soft,soft,soft,0.52,0.32,tuned,1.15,47.33818650171591,-0.837051824103732,0.9975253216895471,56.55347152776709,24.586969338529865,114,1958,283,1269,1.7225264264553042,2.118565985806836,0.9786361953517102,0.5527404912945786,0.5052866882426248,0.06941595441595441,0.703149151758622,0.7175559770505242,0.5368690820054131,2016-10-06,2026-05-16,514,79
selected_features,30,3,none,none,none,none,0.52,0.32,tuned,1.15,48.311358516756975,-0.8665293791700435,0.9870272015408156,55.75270692267733,24.568246736139287,169,1978,434,1098,1.643652151474408,2.280030180260488,0.9804382773345159,0.5527404912945786,0.5052866882426248,0.06941595441595441,0.703149151758622,0.7175559770505242,0.5368690820054131,2016-10-06,2026-05-16,515,47
selected_features,30,14,soft,soft,none,soft,0.52,0.32,tuned,1.15,47.81544981922772,-0.8566032106949639,0.9811408506436086,55.81983492734629,24.535247215594133,123,2145,320,1045,1.7767636438157852,2.211719624081224,0.9804382773345159,0.5527404912945786,0.5052866882426248,0.06941595441595441,0.703149151758622,0.7175559770505242,0.5368690820054131,2016-10-06,2026-05-16,516,48
selected_features,60,7,soft,none,soft,none,0.56,0.35,tuned,1.15,46.54015696550047,-0.83018820885182,0.9966957309912391,56.059766290667,24.247108592565702,119,1826,407,1277,1.4035500643585945,2.009896082792271,0.8177115779335068,0.5527404912945786,0.5052866882426248,0.06941595441595441,0.703149151758622,0.7175559770505242,0.5368690820054131,2016-10-06,2026-05-16,517,81
selected_features,60,3,soft,none,soft,none,0.56,0.35,tuned,1.15,46.70946250407261,-0.8366435235618253,1.0030453017989225,55.829587140312015,24.21201763046153,136,1788,369,1353,1.4035500643585945,2.009896082792271,0.8177115779335068,0.5527404912945786,0.5052866882426248,0.06941595441595441,0.703149151758622,0.7175559770505242,0.5368690820054131,2016-10-06,2026-05-16,518,82
selected_features,30,7,none,strict,none,soft,0.52,0.32,tuned,1.15,47.58031854112913,-0.8694771049903115,0.9833079360449672,54.722911354473574,24.203989229611302,136,2147,250,1113,1.9808528128347422,2.350990230897073,0.9804382773345159,0.5527404912945786,0.5052866882426248,0.06941595441595441,0.703149151758622,0.7175559770505242,0.5368690820054131,2016-10-06,2026-05-16,519,49
selected_features,14,7,soft,strict,none,soft,0.52,0.32,tuned,1.15,44.86020856901198,-0.7901560553729321,0.9815788437915391,56.773859118043696,23.874691920423206,147,2012,323,1175,2.0084283972557313,2.4083317337191685,0.9786361953517102,0.5527404912945786,0.5052866882426248,0.06941595441595441,0.703149151758622,0.7175559770505242,0.5368690820054131,2016-10-06,2026-05-16,520,80
selected_features,14,7,strict,none,soft,none,0.52,0.32,tuned,1.15,45.4539449503216,-0.8181378957242774,0.9920864955500905,55.55780411575036,23.782302212033738,145,1919,266,1325,1.6503945025881646,2.108009844329794,0.9786361953517102,0.5527404912945786,0.5052866882426248,0.06941595441595441,0.703149151758622,0.7175559770505242,0.5368690820054131,2016-10-06,2026-05-16,521,81
selected_features,60,3,strict,soft,soft,soft,0.56,0.35,tuned,1.15,45.60483622190817,-0.8254314818884687,1.0017865272774287,55.249693308972,23.712225460553363,169,1835,274,1401,1.5345442894716321,1.9919208488218452,0.8177115779335068,0.5527404912945786,0.5052866882426248,0.06941595441595441,0.703149151758622,0.7175559770505242,0.5368690820054131,2016-10-06,2026-05-16,522,83
selected_features,3,14,soft,strict,soft,none,0.52,0.35,tuned,1.15,45.16969280248715,-0.8148547184708184,0.9646771185546966,55.43281738277714,23.660539910707193,148,2143,327,1040,1.820930745823182,2.1714770984950404,0.840825153225227,0.5527404912945786,0.5052866882426248,0.06941595441595441,0.703149151758622,0.7175559770505242,0.5368690820054131,2016-10-06,2026-05-16,523,94
selected_features,14,14,soft,none,none,none,0.52,0.32,tuned,1.15,45.31969075036319,-0.8285943154596587,0.9804826977395344,54.694667709882026,23.578266816969627,132,2005,378,1127,1.6819121968987112,2.226779251845834,0.9786361953517102,0.5527404912945786,0.5052866882426248,0.06941595441595441,0.703149151758622,0.7175559770505242,0.5368690820054131,2016-10-06,2026-05-16,524,82
selected_features,14,14,soft,soft,soft,none,0.52,0.32,tuned,1.15,45.12072531885697,-0.8310588333164728,0.9833393795784307,54.29305785583858,23.458174408031667,121,1981,340,1189,1.8044033654347182,2.2304064919652165,0.9786361953517102,0.5527404912945786,0.5052866882426248,0.06941595441595441,0.703149151758622,0.7175559770505242,0.5368690820054131,2016-10-06,2026-05-16,525,83
selected_features,60,7,strict,strict,none,soft,0.56,0.35,tuned,1.15,45.644364826416485,-0.849989174365728,0.978349828570032,53.699936661519075,23.44923275227111,132,2010,303,1197,1.8417627404847006,2.289602630011672,0.8177115779335068,0.5527404912945786,0.5052866882426248,0.06941595441595441,0.703149151758622,0.7175559770505242,0.5368690820054131,2016-10-06,2026-05-16,526,84
selected_features,14,7,strict,soft,none,soft,0.52,0.32,tuned,1.15,44.369884183379504,-0.8006805649722618,0.9881988759835512,55.415213162962964,23.449026787985364,145,1954,272,1284,1.822254026164712,2.2385615992190715,0.9786361953517102,0.5527404912945786,0.5052866882426248,0.06941595441595441,0.703149151758622,0.7175559770505242,0.5368690820054131,2016-10-06,2026-05-16,527,84
selected_features,14,3,soft,strict,soft,soft,0.52,0.32,tuned,1.15,44.45161690330642,-0.8098728449029639,0.9962951266656472,54.88715566038328,23.291278441272855,179,1891,223,1396,1.8827282542545165,2.2644227994687696,0.9786361953517102,0.5527404912945786,0.5052866882426248,0.06941595441595441,0.703149151758622,0.7175559770505242,0.5368690820054131,2016-10-06,2026-05-16,528,85
selected_features,60,14,strict,strict,soft,soft,0.56,0.35,tuned,1.15,44.97668876376116,-0.8491924222312862,0.9772265912017597,52.96407220118987,23.12835984849783,119,2057,323,1130,1.7359669246682572,2.1485815163362654,0.8177115779335068,0.5527404912945786,0.5052866882426248,0.06941595441595441,0.703149151758622,0.7175559770505242,0.5368690820054131,2016-10-06,2026-05-16,529,85
selected_features,60,14,none,none,soft,none,0.56,0.35,tuned,1.15,44.287561142612795,-0.8317590975747732,0.9824327468969026,53.24565883528728,23.033552699286744,103,1895,433,1182,1.377293429479113,1.9800998190860393,0.8177115779335068,0.5527404912945786,0.5052866882426248,0.06941595441595441,0.703149151758622,0.7175559770505242,0.5368690820054131,2016-10-06,2026-05-16,530,86
selected_features,60,14,strict,strict,soft,none,0.56,0.35,tuned,1.15,44.24191362084785,-0.8466752223716223,0.9617279004073832,52.25370065386089,22.76957495420459,116,2126,413,971,1.8586306447257486,2.3463371779991746,0.8177115779335068,0.5527404912945786,0.5052866882426248,0.06941595441595441,0.703149151758622,0.7175559770505242,0.5368690820054131,2016-10-06,2026-05-16,531,87
selected_features,3,3,soft,strict,soft,none,0.52,0.35,tuned,1.15,41.97787073915164,-0.7558006025316744,0.9678202458551556,55.540933148955006,22.699534184421204,198,1936,231,1343,1.820930745823182,2.1714770984950404,0.840825153225227,0.5527404912945786,0.5052866882426248,0.06941595441595441,0.703149151758622,0.7175559770505242,0.5368690820054131,2016-10-06,2026-05-16,532,95
selected_features,14,14,strict,none,soft,none,0.52,0.32,tuned,1.15,43.733263584999314,-0.8327697147208948,0.9753933861851419,52.51543471373313,22.677491560010104,123,1979,341,1190,1.6503945025881646,2.108009844329794,0.9786361953517102,0.5527404912945786,0.5052866882426248,0.06941595441595441,0.703149151758622,0.7175559770505242,0.5368690820054131,2016-10-06,2026-05-16,533,86
selected_features,60,14,strict,soft,soft,soft,0.56,0.35,tuned,1.15,43.29638897030745,-0.8361302169949878,0.9770388215639244,51.78187331383933,22.40209217016374,120,2014,379,1117,1.5345442894716321,1.9919208488218452,0.8177115779335068,0.5527404912945786,0.5052866882426248,0.06941595441595441,0.703149151758622,0.7175559770505242,0.5368690820054131,2016-10-06,2026-05-16,534,88
selected_features,60,14,strict,strict,none,soft,0.56,0.35,tuned,1.15,42.883855738788895,-0.8492764365655544,0.9577105249282793,50.49457855231422,22.005675570117468,116,2110,377,1023,1.8417627404847006,2.289602630011672,0.8177115779335068,0.5527404912945786,0.5052866882426248,0.06941595441595441,0.703149151758622,0.7175559770505242,0.5368690820054131,2016-10-06,2026-05-16,535,89
selected_features,30,7,strict,soft,soft,none,0.52,0.32,tuned,1.15,41.595250052290176,-0.8002355552391909,0.956177964692222,51.978757729475454,21.932694405175432,138,2127,339,1044,1.82994503112396,2.312358543535041,0.9804382773345159,0.5527404912945786,0.5052866882426248,0.06941595441595441,0.703149151758622,0.7175559770505242,0.5368690820054131,2016-10-06,2026-05-16,536,50
selected_features,30,3,strict,soft,soft,soft,0.52,0.32,tuned,1.15,41.64224953628039,-0.8145247261396438,0.970006219638494,51.12459843133253,21.746940816349543,146,2015,212,1283,1.7184622386665382,2.129901259089996,0.9804382773345159,0.5527404912945786,0.5052866882426248,0.06941595441595441,0.703149151758622,0.7175559770505242,0.5368690820054131,2016-10-06,2026-05-16,537,51
selected_features,30,7,strict,soft,none,none,0.52,0.32,tuned,1.15,41.832694387049955,-0.8345442679962348,0.9456411434103473,50.126393519533096,21.552881085219934,155,2217,456,837,1.9211732982551755,2.500712884331489,0.9804382773345159,0.5527404912945786,0.5052866882426248,0.06941595441595441,0.703149151758622,0.7175559770505242,0.5368690820054131,2016-10-06,2026-05-16,538,52
selected_features,30,3,strict,soft,none,none,0.52,0.32,tuned,1.15,42.009883946717736,-0.8460943606687841,0.9531227661545212,49.6515352182605,21.451247244985524,179,2155,425,930,1.9211732982551755,2.500712884331489,0.9804382773345159,0.5527404912945786,0.5052866882426248,0.06941595441595441,0.703149151758622,0.7175559770505242,0.5368690820054131,2016-10-06,2026-05-16,539,53
selected_features,3,3,none,strict,soft,none,0.52,0.35,tuned,1.15,40.526465375472924,-0.7906396514896843,0.9629186439127407,51.257820549620746,21.35022568357338,204,1924,227,1359,1.7953058684784846,2.130118790984195,0.840825153225227,0.5527404912945786,0.5052866882426248,0.06941595441595441,0.703149151758622,0.7175559770505242,0.5368690820054131,2016-10-06,2026-05-16,540,96
selected_features,30,3,strict,strict,none,soft,0.52,0.32,tuned,1.15,42.243806443929756,-0.8714381885260022,0.9637308854794127,48.47596421655932,21.28434285075108,166,2129,268,1113,2.040920482423047,2.4431784184770398,0.9804382773345159,0.5527404912945786,0.5052866882426248,0.06941595441595441,0.703149151758622,0.7175559770505242,0.5368690820054131,2016-10-06,2026-05-16,541,54
selected_features,30,7,strict,strict,none,soft,0.52,0.32,tuned,1.15,42.09617975788368,-0.8695792428609437,0.9579921679795077,48.40982590544123,21.269142313670002,145,2191,286,1033,2.040920482423047,2.4431784184770398,0.9804382773345159,0.5527404912945786,0.5052866882426248,0.06941595441595441,0.703149151758622,0.7175559770505242,0.5368690820054131,2016-10-06,2026-05-16,542,55
selected_features,30,3,strict,none,soft,none,0.52,0.32,tuned,1.15,40.2387202760835,-0.819480101831957,0.9585968514543174,49.102742319342944,20.839323317412703,182,1984,374,1152,1.6338478855767753,2.1863399313957728,0.9804382773345159,0.5527404912945786,0.5052866882426248,0.06941595441595441,0.703149151758622,0.7175559770505242,0.5368690820054131,2016-10-06,2026-05-16,543,56
selected_features,14,14,none,none,none,none,0.52,0.32,tuned,1.15,40.24207270032238,-0.8306267230189773,0.9537212944335345,48.447842556834004,20.78370937074153,137,2001,410,1099,1.6569630593456106,2.1869870855088096,0.9786361953517102,0.5527404912945786,0.5052866882426248,0.06941595441595441,0.703149151758622,0.7175559770505242,0.5368690820054131,2016-10-06,2026-05-16,544,87
selected_features,60,7,strict,none,none,soft,0.56,0.35,tuned,1.15,40.209510690047544,-0.8340779264510287,0.9660438758196068,48.20833811192864,20.734038777873067,133,1872,419,1219,1.4233670328552464,1.9985351302928354,0.8177115779335068,0.5527404912945786,0.5052866882426248,0.06941595441595441,0.703149151758622,0.7175559770505242,0.5368690820054131,2016-10-06,2026-05-16,545,90
selected_features,60,3,none,none,none,none,0.56,0.35,tuned,1.15,40.40201288562223,-0.8482557692816217,0.9705107963235272,47.62951735634906,20.63986640406769,143,1815,441,1254,1.432365323022602,2.157036265708662,0.8177115779335068,0.5527404912945786,0.5052866882426248,0.06941595441595441,0.703149151758622,0.7175559770505242,0.5368690820054131,2016-10-06,2026-05-16,546,91
selected_features,3,3,strict,soft,soft,soft,0.52,0.35,tuned,1.15,38.64963298190405,-0.7769552042449,0.9772047564666406,49.74499529798052,20.53471661362452,190,1716,128,1666,1.487331146489905,1.8127157157356377,0.840825153225227,0.5527404912945786,0.5052866882426248,0.06941595441595441,0.703149151758622,0.7175559770505242,0.5368690820054131,2016-10-06,2026-05-16,547,97
selected_features,30,14,soft,none,soft,soft,0.52,0.32,tuned,1.15,40.58416150219185,-0.8830153095441079,0.9651924868548103,45.96088093098301,20.383472870323203,109,2035,230,1245,1.510930698633121,1.9689847778546734,0.9804382773345159,0.5527404912945786,0.5052866882426248,0.06941595441595441,0.703149151758622,0.7175559770505242,0.5368690820054131,2016-10-06,2026-05-16,548,57
selected_features,3,7,strict,soft,none,none,0.52,0.35,tuned,1.15,39.06082128479989,-0.8050043466205816,0.9471219904766258,48.52249736138409,20.35798312110788,195,2027,277,1206,1.7492146467106968,2.1393700179107378,0.840825153225227,0.5527404912945786,0.5052866882426248,0.06941595441595441,0.703149151758622,0.7175559770505242,0.5368690820054131,2016-10-06,2026-05-16,549,98
selected_features,30,3,strict,none,none,soft,0.52,0.32,tuned,1.15,39.269096812026696,-0.8235458523971749,0.9574769193880068,47.68295134718039,20.295003919333425,164,1976,336,1198,1.6153684247828444,2.1382240352320108,0.9804382773345159,0.5527404912945786,0.5052866882426248,0.06941595441595441,0.703149151758622,0.7175559770505242,0.5368690820054131,2016-10-06,2026-05-16,550,58
selected_features,3,14,strict,strict,soft,none,0.52,0.35,tuned,1.15,39.47422083962377,-0.8403445958790735,0.939537787481109,46.97384981494443,20.20944369564556,153,2191,346,973,1.8548320060846741,2.2270244905571923,0.840825153225227,0.5527404912945786,0.5052866882426248,0.06941595441595441,0.703149151758622,0.7175559770505242,0.5368690820054131,2016-10-06,2026-05-16,551,99
selected_features,3,7,soft,strict,soft,none,0.52,0.35,tuned,1.15,37.92780271006635,-0.7773152701485044,0.9435103234263593,48.793332855561076,20.13359190964572,181,2020,266,1224,1.820930745823182,2.1714770984950404,0.840825153225227,0.5527404912945786,0.5052866882426248,0.06941595441595441,0.703149151758622,0.7175559770505242,0.5368690820054131,2016-10-06,2026-05-16,552,100
selected_features,60,3,soft,none,none,soft,0.56,0.35,tuned,1.15,38.54605573953545,-0.8180300333626709,0.9683734625299404,47.12058746924538,20.012327385891847,146,1789,359,1362,1.389108517559967,1.955587195754647,0.8177115779335068,0.5527404912945786,0.5052866882426248,0.06941595441595441,0.703149151758622,0.7175559770505242,0.5368690820054131,2016-10-06,2026-05-16,553,92
selected_features,30,7,soft,strict,soft,none,0.52,0.32,tuned,1.15,39.0483246682974,-0.8426264846306635,0.9445709839394,46.34120263311317,19.998054665702316,131,2186,297,1027,2.0301035309235345,2.43671640036756,0.9804382773345159,0.5527404912945786,0.5052866882426248,0.06941595441595441,0.703149151758622,0.7175559770505242,0.5368690820054131,2016-10-06,2026-05-16,554,59
selected_features,30,14,strict,none,soft,soft,0.52,0.32,tuned,1.15,39.22118139144412,-0.8569733730685074,0.9558294774310341,45.76709454928273,19.949096928055006,117,2050,284,1176,1.5504360757233033,2.0051513049218417,0.9804382773345159,0.5527404912945786,0.5052866882426248,0.06941595441595441,0.703149151758622,0.7175559770505242,0.5368690820054131,2016-10-06,2026-05-16,555,60
selected_features,30,3,strict,soft,soft,none,0.52,0.32,tuned,1.15,38.522527882689396,-0.8288972336382804,0.946486755928897,46.474431714052635,19.850793530144607,148,2089,317,1104,1.82994503112396,2.312358543535041,0.9804382773345159,0.5527404912945786,0.5052866882426248,0.06941595441595441,0.703149151758622,0.7175559770505242,0.5368690820054131,2016-10-06,2026-05-16,556,61
selected_features,14,7,strict,strict,none,soft,0.52,0.32,tuned,1.15,37.016842066708975,-0.7868083842966321,0.942732146675939,47.04683224721887,19.55686484042226,152,2051,344,1115,2.041786759930662,2.468398808290886,0.9786361953517102,0.5527404912945786,0.5052866882426248,0.06941595441595441,0.703149151758622,0.7175559770505242,0.5368690820054131,2016-10-06,2026-05-16,557,88
selected_features,14,14,strict,soft,none,soft,0.52,0.32,tuned,1.15,37.28124552367763,-0.8138842295908912,0.9498166385117087,45.80657072372259,19.426768338338288,117,2008,321,1181,1.822254026164712,2.2385615992190715,0.9786361953517102,0.5527404912945786,0.5052866882426248,0.06941595441595441,0.703149151758622,0.7175559770505242,0.5368690820054131,2016-10-06,2026-05-16,558,89
selected_features,14,7,none,strict,none,soft,0.52,0.32,tuned,1.15,37.17112154210043,-0.8049980586960924,0.9519348882915515,46.17541761816035,19.411349623794127,151,1992,275,1243,1.9828388239526724,2.364975913645819,0.9786361953517102,0.5527404912945786,0.5052866882426248,0.06941595441595441,0.703149151758622,0.7175559770505242,0.5368690820054131,2016-10-06,2026-05-16,559,90
selected_features,30,7,none,none,none,soft,0.52,0.32,tuned,1.15,37.96498138048893,-0.8524508694069877,0.9485423433531958,44.53626917748291,19.27717448305814,143,1994,337,1179,1.5530834537220402,2.063523099766513,0.9804382773345159,0.5527404912945786,0.5052866882426248,0.06941595441595441,0.703149151758622,0.7175559770505242,0.5368690820054131,2016-10-06,2026-05-16,560,62
selected_features,14,14,soft,strict,soft,none,0.52,0.32,tuned,1.15,36.72756062638725,-0.8074038500237256,0.9359057866261483,45.488463580286385,19.18227311676295,126,2072,401,1037,2.0258583427999635,2.462650236161751,0.9786361953517102,0.5527404912945786,0.5052866882426248,0.06941595441595441,0.703149151758622,0.7175559770505242,0.5368690820054131,2016-10-06,2026-05-16,561,91
selected_features,30,14,soft,none,soft,none,0.52,0.32,tuned,1.15,37.962961892464115,-0.8639741594403754,0.9403779148814844,43.93992745923556,19.1680386304944,129,2051,454,1005,1.5995631689935668,2.139406824089858,0.9804382773345159,0.5527404912945786,0.5052866882426248,0.06941595441595441,0.703149151758622,0.7175559770505242,0.5368690820054131,2016-10-06,2026-05-16,562,63
selected_features,60,7,soft,soft,soft,soft,0.56,0.35,tuned,1.15,37.500678899278455,-0.8540770907475235,0.9603723662176413,43.907838420600086,19.044305318645325,128,1851,304,1355,1.5035011884286644,1.944446226601138,0.8177115779335068,0.5527404912945786,0.5052866882426248,0.06941595441595441,0.703149151758622,0.7175559770505242,0.5368690820054131,2016-10-06,2026-05-16,563,93
selected_features,60,3,strict,none,soft,soft,0.56,0.35,tuned,1.15,36.29388590510939,-0.8002681154991211,0.9596648653129849,45.35215786083539,19.01414490218554,140,1761,322,1427,1.3690461862159895,1.8647588172924436,0.8177115779335068,0.5527404912945786,0.5052866882426248,0.06941595441595441,0.703149151758622,0.7175559770505242,0.5368690820054131,2016-10-06,2026-05-16,564,94
selected_features,60,3,strict,none,none,soft,0.56,0.35,tuned,1.15,36.519790132163614,-0.839575441699308,0.9558642951800816,43.49792563994873,18.64460536882773,148,1817,367,1326,1.4233670328552464,1.9985351302928354,0.8177115779335068,0.5527404912945786,0.5052866882426248,0.06941595441595441,0.703149151758622,0.7175559770505242,0.5368690820054131,2016-10-06,2026-05-16,565,95
selected_features,14,3,strict,strict,soft,soft,0.52,0.32,tuned,1.15,35.63907844466334,-0.7999671847037464,0.9515491659372259,44.550675485347114,18.612941857666772,161,1924,243,1343,1.9169542222698421,2.3258589434495867,0.9786361953517102,0.5527404912945786,0.5052866882426248,0.06941595441595441,0.703149151758622,0.7175559770505242,0.5368690820054131,2016-10-06,2026-05-16,566,92
selected_features,30,3,soft,strict,none,soft,0.52,0.32,tuned,1.15,36.77082764725384,-0.8614757688139358,0.9409788060433477,42.68353095743975,18.532452356761855,144,2103,248,1159,2.006196743371991,2.389319738799654,0.9804382773345159,0.5527404912945786,0.5052866882426248,0.06941595441595441,0.703149151758622,0.7175559770505242,0.5368690820054131,2016-10-06,2026-05-16,567,64
selected_features,30,7,none,strict,soft,none,0.52,0.32,tuned,1.15,36.28332702575051,-0.8426264846306637,0.9332999581916487,43.05979895902994,18.506329779109887,132,2162,273,1075,2.005678029626179,2.3975223303067477,0.9804382773345159,0.5527404912945786,0.5052866882426248,0.06941595441595441,0.703149151758622,0.7175559770505242,0.5368690820054131,2016-10-06,2026-05-16,568,65
selected_features,14,3,strict,none,none,none,0.52,0.32,tuned,1.15,35.75123866888248,-0.8150050037042526,0.951323130093184,43.866281196300264,18.430834680827097,191,1894,318,1298,1.7141318782699504,2.2845184498146676,0.9786361953517102,0.5527404912945786,0.5052866882426248,0.06941595441595441,0.703149151758622,0.7175559770505242,0.5368690820054131,2016-10-06,2026-05-16,569,93
selected_features,60,7,strict,none,soft,none,0.56,0.35,tuned,1.15,35.98581577918235,-0.8370390502788608,0.9460872848476116,42.99180040309186,18.41893655122116,130,1865,426,1219,1.43670150900218,2.05520027670198,0.8177115779335068,0.5527404912945786,0.5052866882426248,0.06941595441595441,0.703149151758622,0.7175559770505242,0.5368690820054131,2016-10-06,2026-05-16,570,96
selected_features,60,3,soft,soft,soft,soft,0.56,0.35,tuned,1.15,36.049678281376295,-0.8476527542094098,0.9595685870829788,42.528828110750574,18.306952169280283,145,1803,262,1445,1.5035011884286644,1.944446226601138,0.8177115779335068,0.5527404912945786,0.5052866882426248,0.06941595441595441,0.703149151758622,0.7175559770505242,0.5368690820054131,2016-10-06,2026-05-16,571,97
selected_features,14,7,soft,strict,soft,soft,0.52,0.32,tuned,1.15,35.15880794284776,-0.8108616369534892,0.9471732577895642,43.359811761404686,18.24353832916975,147,1952,259,1299,1.8827282542545165,2.2644227994687696,0.9786361953517102,0.5527404912945786,0.5052866882426248,0.06941595441595441,0.703149151758622,0.7175559770505242,0.5368690820054131,2016-10-06,2026-05-16,572,94
selected_features,30,14,soft,soft,soft,none,0.52,0.32,tuned,1.15,36.12156554053806,-0.8694514548977487,0.927947650953465,41.54523560465617,18.14348414230418,120,2137,342,1031,1.798547104919,2.259121313455547,0.9804382773345159,0.5527404912945786,0.5052866882426248,0.06941595441595441,0.703149151758622,0.7175559770505242,0.5368690820054131,2016-10-06,2026-05-16,573,66
selected_features,30,3,soft,soft,none,none,0.52,0.32,tuned,1.15,35.734484519045566,-0.8460943606687836,0.9302120875449957,42.23463266059324,18.08922816763709,173,2100,392,1018,1.889870123248172,2.446658016522232,0.9804382773345159,0.5527404912945786,0.5052866882426248,0.06941595441595441,0.703149151758622,0.7175559770505242,0.5368690820054131,2016-10-06,2026-05-16,574,67
selected_features,14,7,none,strict,soft,soft,0.52,0.32,tuned,1.15,35.12456432672406,-0.8389370482940287,0.950989178894384,41.86793800339318,17.929131800941356,133,1917,214,1379,1.856757624116983,2.2205090354077868,0.9786361953517102,0.5527404912945786,0.5052866882426248,0.06941595441595441,0.703149151758622,0.7175559770505242,0.5368690820054131,2016-10-06,2026-05-16,575,95
selected_features,60,7,strict,strict,soft,soft,0.56,0.35,tuned,1.15,35.39591591377211,-0.8537181011790382,0.944959594570199,41.460894251730316,17.914541856103465,130,1934,260,1316,1.7359669246682572,2.1485815163362654,0.8177115779335068,0.5527404912945786,0.5052866882426248,0.06941595441595441,0.703149151758622,0.7175559770505242,0.5368690820054131,2016-10-06,2026-05-16,576,98
selected_features,30,7,none,none,soft,none,0.52,0.32,tuned,1.15,35.48838371104303,-0.8559749974919848,0.9359542945747052,41.45960316016746,17.902051001582567,147,1996,368,1146,1.5749248600435193,2.109397422267653,0.9804382773345159,0.5527404912945786,0.5052866882426248,0.06941595441595441,0.703149151758622,0.7175559770505242,0.5368690820054131,2016-10-06,2026-05-16,577,68
selected_features,30,3,none,strict,soft,none,0.52,0.32,tuned,1.15,35.334993448745486,-0.8518214562267212,0.9337512570844083,41.48168984292491,17.85887212290477,150,2113,255,1142,2.005678029626179,2.3975223303067477,0.9804382773345159,0.5527404912945786,0.5052866882426248,0.06941595441595441,0.703149151758622,0.7175559770505242,0.5368690820054131,2016-10-06,2026-05-16,578,69
selected_features,30,7,none,none,none,none,0.52,0.32,tuned,1.15,35.70210880456795,-0.8697846612917718,0.9310247105590348,41.04706646762948,17.85067375697723,154,2034,469,1007,1.643652151474408,2.280030180260488,0.9804382773345159,0.5527404912945786,0.5052866882426248,0.06941595441595441,0.703149151758622,0.7175559770505242,0.5368690820054131,2016-10-06,2026-05-16,579,70
selected_features,30,7,soft,strict,soft,soft,0.52,0.32,tuned,1.15,33.81196804828144,-0.8240359116962228,0.9286915330292453,41.03215353646635,17.38501826871766,130,2076,239,1195,1.896195819485124,2.252419840817031,0.9804382773345159,0.5527404912945786,0.5052866882426248,0.06941595441595441,0.703149151758622,0.7175559770505242,0.5368690820054131,2016-10-06,2026-05-16,580,71
selected_features,30,14,none,strict,none,soft,0.52,0.32,tuned,1.15,34.74857257400953,-0.8749438481664739,0.9215140567511126,39.71520303483291,17.36446248882424,116,2212,304,994,1.9808528128347422,2.350990230897073,0.9804382773345159,0.5527404912945786,0.5052866882426248,0.06941595441595441,0.703149151758622,0.7175559770505242,0.5368690820054131,2016-10-06,2026-05-16,581,72
selected_features,60,7,strict,soft,soft,soft,0.56,0.35,tuned,1.15,33.719364895440215,-0.8336370448619984,0.9377936122590131,40.44849626496885,17.19769017983899,147,1906,321,1283,1.5345442894716321,1.9919208488218452,0.8177115779335068,0.5527404912945786,0.5052866882426248,0.06941595441595441,0.703149151758622,0.7175559770505242,0.5368690820054131,2016-10-06,2026-05-16,582,99
selected_features,14,14,soft,strict,soft,soft,0.52,0.32,tuned,1.15,33.403991152376356,-0.8233908692977167,0.9317730004068261,40.56881415368033,17.183842139969215,124,2010,315,1185,1.8827282542545165,2.2644227994687696,0.9786361953517102,0.5527404912945786,0.5052866882426248,0.06941595441595441,0.703149151758622,0.7175559770505242,0.5368690820054131,2016-10-06,2026-05-16,583,96
selected_features,30,14,soft,none,none,soft,0.52,0.32,tuned,1.15,33.98912531942399,-0.8606457617548772,0.922170557349471,39.49258432426293,17.088206953558498,127,2036,438,1036,1.579419765835512,2.093345216878426,0.9804382773345159,0.5527404912945786,0.5052866882426248,0.06941595441595441,0.703149151758622,0.7175559770505242,0.5368690820054131,2016-10-06,2026-05-16,584,73
selected_features,60,3,strict,none,soft,none,0.56,0.35,tuned,1.15,33.21194047103102,-0.8286493979302304,0.9375843271463136,40.07960490164667,16.987845888727065,142,1824,378,1308,1.43670150900218,2.05520027670198,0.8177115779335068,0.5527404912945786,0.5052866882426248,0.06941595441595441,0.703149151758622,0.7175559770505242,0.5368690820054131,2016-10-06,2026-05-16,585,100
selected_features,30,7,strict,strict,none,none,0.52,0.32,tuned,1.15,32.96714887809025,-0.8474173212825369,0.9074117685185871,38.90308594140559,16.629084319086527,150,2297,381,832,2.1719991700239296,2.682312336951656,0.9804382773345159,0.5527404912945786,0.5052866882426248,0.06941595441595441,0.703149151758622,0.7175559770505242,0.5368690820054131,2016-10-06,2026-05-16,586,74
selected_features,3,14,strict,none,none,none,0.52,0.35,tuned,1.15,32.72500187407565,-0.8451530637418492,0.9191217649649701,38.72079896295739,16.520911642874598,153,2070,259,1181,1.52877317714471,1.9198691044482963,0.840825153225227,0.5527404912945786,0.5052866882426248,0.06941595441595441,0.703149151758622,0.7175559770505242,0.5368690820054131,2016-10-06,2026-05-16,587,101
selected_features,3,14,none,strict,soft,soft,0.52,0.35,tuned,1.15,31.756953214814125,-0.8121148237469958,0.9156921733082564,39.104018651317716,16.373238425681926,140,2033,226,1251,1.6320185384372528,1.938751445422631,0.840825153225227,0.5527404912945786,0.5052866882426248,0.06941595441595441,0.703149151758622,0.7175559770505242,0.5368690820054131,2016-10-06,2026-05-16,588,102
selected_features,30,3,soft,strict,soft,soft,0.52,0.32,tuned,1.15,31.779868796644422,-0.8261000086086768,0.9218305507173113,38.46975967252233,16.245928255488007,136,2031,215,1264,1.896195819485124,2.252419840817031,0.9804382773345159,0.5527404912945786,0.5052866882426248,0.06941595441595441,0.703149151758622,0.7175559770505242,0.5368690820054131,2016-10-06,2026-05-16,589,75
selected_features,60,3,strict,strict,soft,soft,0.56,0.35,tuned,1.15,31.54245666170798,-0.8434581721325838,0.9280253180092611,37.39658669967786,15.918540484585478,147,1882,235,1393,1.7359669246682572,2.1485815163362654,0.8177115779335068,0.5527404912945786,0.5052866882426248,0.06941595441595441,0.703149151758622,0.7175559770505242,0.5368690820054131,2016-10-06,2026-05-16,590,101
selected_features,30,7,soft,none,none,none,0.52,0.32,tuned,1.15,31.005050481365096,-0.8685822927806558,0.906047197314165,35.696157680242784,15.356135333542221,158,2046,478,986,1.6680522361959578,2.3143965278480505,0.9804382773345159,0.5527404912945786,0.5052866882426248,0.06941595441595441,0.703149151758622,0.7175559770505242,0.5368690820054131,2016-10-06,2026-05-16,591,76
selected_features,60,3,none,none,soft,soft,0.56,0.35,tuned,1.15,29.971047479781824,-0.8272433465591273,0.9279713661676764,36.2300254265504,15.280055124204406,124,1721,316,1473,1.3066912494460998,1.7994041649037125,0.8177115779335068,0.5527404912945786,0.5052866882426248,0.06941595441595441,0.703149151758622,0.7175559770505242,0.5368690820054131,2016-10-06,2026-05-16,592,102
selected_features,60,7,none,none,none,soft,0.56,0.35,tuned,1.15,29.78189830577065,-0.8199739342457104,0.9169630173403197,36.32054271721071,15.250647673435312,122,1818,381,1311,1.3617631429895891,1.9266327171826416,0.8177115779335068,0.5527404912945786,0.5052866882426248,0.06941595441595441,0.703149151758622,0.7175559770505242,0.5368690820054131,2016-10-06,2026-05-16,593,103
selected_features,14,14,strict,strict,soft,soft,0.52,0.32,tuned,1.15,29.387698586489726,-0.8142359737454206,0.9058212497515734,36.092360856163914,15.092024217410973,121,2030,335,1145,1.9169542222698421,2.3258589434495867,0.9786361953517102,0.5527404912945786,0.5052866882426248,0.06941595441595441,0.703149151758622,0.7175559770505242,0.5368690820054131,2016-10-06,2026-05-16,594,97
selected_features,14,14,none,strict,soft,soft,0.52,0.32,tuned,1.15,30.041853798166454,-0.8518954596453554,0.9148318743873162,35.2647187610002,15.084821723128842,118,1977,282,1251,1.856757624116983,2.2205090354077868,0.9786361953517102,0.5527404912945786,0.5052866882426248,0.06941595441595441,0.703149151758622,0.7175559770505242,0.5368690820054131,2016-10-06,2026-05-16,595,98
selected_features,30,7,strict,none,none,soft,0.52,0.32,tuned,1.15,29.79773026603548,-0.8365833762254273,0.9061302498591949,35.61836287075124,15.050408021129826,142,2020,366,1124,1.6153684247828444,2.1382240352320108,0.9804382773345159,0.5527404912945786,0.5052866882426248,0.06941595441595441,0.703149151758622,0.7175559770505242,0.5368690820054131,2016-10-06,2026-05-16,596,77
selected_features,60,3,none,none,soft,none,0.56,0.35,tuned,1.15,29.6221693549878,-0.8430701445901584,0.9203807540292697,35.13606731903432,14.93815985347575,122,1760,366,1384,1.377293429479113,1.9800998190860393,0.8177115779335068,0.5527404912945786,0.5052866882426248,0.06941595441595441,0.703149151758622,0.7175559770505242,0.5368690820054131,2016-10-06,2026-05-16,597,104
selected_features,60,7,none,none,soft,soft,0.56,0.35,tuned,1.15,29.258959651480186,-0.8275595164903936,0.9181944442007958,35.355716499478895,14.905749855197122,115,1773,332,1405,1.3066912494460998,1.7994041649037125,0.8177115779335068,0.5527404912945786,0.5052866882426248,0.06941595441595441,0.703149151758622,0.7175559770505242,0.5368690820054131,2016-10-06,2026-05-16,598,105
selected_features,14,14,soft,none,soft,soft,0.52,0.32,tuned,1.15,29.19199883679498,-0.836305249526184,0.91910255504086,34.90591366410047,14.795086716215156,110,1915,232,1363,1.538971341361301,1.8983125417570028,0.9786361953517102,0.5527404912945786,0.5052866882426248,0.06941595441595441,0.703149151758622,0.7175559770505242,0.5368690820054131,2016-10-06,2026-05-16,599,99
selected_features,30,3,strict,none,none,none,0.52,0.32,tuned,1.15,29.41989782646085,-0.8521758946225837,0.8962936919317789,34.523269212502775,14.611106114336701,184,2053,458,999,1.6987802346363168,2.3669974347073053,0.9804382773345159,0.5527404912945786,0.5052866882426248,0.06941595441595441,0.703149151758622,0.7175559770505242,0.5368690820054131,2016-10-06,2026-05-16,600,78
selected_features,30,7,soft,soft,none,none,0.52,0.32,tuned,1.15,28.93531813454877,-0.8345442679962348,0.8902201333286742,34.67199913076308,14.57339197818699,155,2149,431,930,1.889870123248172,2.446658016522232,0.9804382773345159,0.5527404912945786,0.5052866882426248,0.06941595441595441,0.703149151758622,0.7175559770505242,0.5368690820054131,2016-10-06,2026-05-16,601,79
selected_features,30,14,none,soft,none,none,0.52,0.32,tuned,1.15,29.373976484840913,-0.8694514548977486,0.8881356412953942,33.784492876943226,14.521124676672121,136,2200,476,834,1.8661255659627383,2.4083824600704826,0.9804382773345159,0.5527404912945786,0.5052866882426248,0.06941595441595441,0.703149151758622,0.7175559770505242,0.5368690820054131,2016-10-06,2026-05-16,602,80
selected_features,60,3,none,none,none,soft,0.56,0.35,tuned,1.15,28.81097437661641,-0.8396100022869584,0.9167806757878377,34.314710756351275,14.513595197922223,132,1761,359,1390,1.3617631429895891,1.9266327171826416,0.8177115779335068,0.5527404912945786,0.5052866882426248,0.06941595441595441,0.703149151758622,0.7175559770505242,0.5368690820054131,2016-10-06,2026-05-16,603,106
selected_features,14,7,strict,strict,soft,soft,0.52,0.32,tuned,1.15,27.909340672468407,-0.7979825445073881,0.9035712318326607,34.97487616060254,14.408549184368225,139,1971,278,1261,1.9169542222698421,2.3258589434495867,0.9786361953517102,0.5527404912945786,0.5052866882426248,0.06941595441595441,0.703149151758622,0.7175559770505242,0.5368690820054131,2016-10-06,2026-05-16,604,100
selected_features,14,7,strict,none,none,none,0.52,0.32,tuned,1.15,27.66656600363858,-0.8003949400604715,0.8985020313718799,34.56614306125962,14.193180449248068,167,1951,372,1187,1.7141318782699504,2.2845184498146676,0.9786361953517102,0.5527404912945786,0.5052866882426248,0.06941595441595441,0.703149151758622,0.7175559770505242,0.5368690820054131,2016-10-06,2026-05-16,605,101
selected_features,30,3,strict,strict,none,none,0.52,0.32,tuned,1.15,28.49768885603331,-0.8545880492492844,0.8873936766180331,33.34669713795693,14.104998809656086,178,2237,357,916,2.1719991700239296,2.682312336951656,0.9804382773345159,0.5527404912945786,0.5052866882426248,0.06941595441595441,0.703149151758622,0.7175559770505242,0.5368690820054131,2016-10-06,2026-05-16,606,81
selected_features,30,14,strict,soft,none,soft,0.52,0.32,tuned,1.15,27.353527395015973,-0.8138009303151936,0.8824810134123658,33.61206208552952,13.970087827411032,125,2177,386,947,1.8096905057977541,2.2633255534798002,0.9804382773345159,0.5527404912945786,0.5052866882426248,0.06941595441595441,0.703149151758622,0.7175559770505242,0.5368690820054131,2016-10-06,2026-05-16,607,82
selected_features,30,7,strict,soft,none,soft,0.52,0.32,tuned,1.15,27.572857317490314,-0.8476639067757745,0.8871649992644854,32.52805398116819,13.750395857753585,139,2137,310,1063,1.8096905057977541,2.2633255534798002,0.9804382773345159,0.5527404912945786,0.5052866882426248,0.06941595441595441,0.703149151758622,0.7175559770505242,0.5368690820054131,2016-10-06,2026-05-16,608,83
selected_features,60,3,soft,none,soft,soft,0.56,0.35,tuned,1.15,26.906761225816112,-0.8333796810394158,0.9071818209214813,32.286317794858164,13.553080962739713,126,1734,314,1462,1.3342532230836583,1.8244865605453482,0.8177115779335068,0.5527404912945786,0.5052866882426248,0.06941595441595441,0.703149151758622,0.7175559770505242,0.5368690820054131,2016-10-06,2026-05-16,609,107
selected_features,3,7,strict,strict,soft,none,0.52,0.35,tuned,1.15,26.74899854301376,-0.8172448957566749,0.8826236738819601,32.73070126457903,13.484201981982777,187,2062,278,1170,1.8548320060846741,2.2270244905571923,0.840825153225227,0.5527404912945786,0.5052866882426248,0.06941595441595441,0.703149151758622,0.7175559770505242,0.5368690820054131,2016-10-06,2026-05-16,610,103
selected_features,14,14,strict,soft,soft,none,0.52,0.32,tuned,1.15,26.29457882515071,-0.8070391692440022,0.8843572013401246,32.58153981520164,13.467407669499583,119,2000,371,1139,1.8353922914669352,2.289148253549912,0.9786361953517102,0.5527404912945786,0.5052866882426248,0.06941595441595441,0.703149151758622,0.7175559770505242,0.5368690820054131,2016-10-06,2026-05-16,611,102
selected_features,3,14,none,soft,none,none,0.52,0.35,tuned,1.15,26.62695124490829,-0.8237489788559692,0.8802979209889872,32.32410834898766,13.451325092046202,140,2049,297,1164,1.693117963679675,2.0388185593067223,0.840825153225227,0.5527404912945786,0.5052866882426248,0.06941595441595441,0.703149151758622,0.7175559770505242,0.5368690820054131,2016-10-06,2026-05-16,612,104
selected_features,30,3,strict,soft,none,soft,0.52,0.32,tuned,1.15,26.90680361151274,-0.8452946113487643,0.8864910783783742,31.831273085462897,13.371949313792877,160,2095,281,1134,1.8096905057977541,2.2633255534798002,0.9804382773345159,0.5527404912945786,0.5052866882426248,0.06941595441595441,0.703149151758622,0.7175559770505242,0.5368690820054131,2016-10-06,2026-05-16,613,84
selected_features,30,7,soft,strict,none,soft,0.52,0.32,tuned,1.15,27.004246118250038,-0.8662733078795707,0.8831362381739295,31.17289413470439,13.2921087109273,135,2171,273,1066,2.006196743371991,2.389319738799654,0.9804382773345159,0.5527404912945786,0.5052866882426248,0.06941595441595441,0.703149151758622,0.7175559770505242,0.5368690820054131,2016-10-06,2026-05-16,614,85
selected_features,14,14,strict,strict,soft,none,0.52,0.32,tuned,1.15,25.567790804803366,-0.8039608369474534,0.8708161755127243,31.802283929502487,13.074628642586642,128,2101,423,986,2.0588031690287547,2.5213009674728055,0.9786361953517102,0.5527404912945786,0.5052866882426248,0.06941595441595441,0.703149151758622,0.7175559770505242,0.5368690820054131,2016-10-06,2026-05-16,615,103
selected_features,14,14,strict,none,none,none,0.52,0.32,tuned,1.15,24.794034736000032,-0.8172982366632227,0.8708204757656636,30.336581707586266,12.508691133006218,140,2008,473,1029,1.7141318782699504,2.2845184498146676,0.9786361953517102,0.5527404912945786,0.5052866882426248,0.06941595441595441,0.703149151758622,0.7175559770505242,0.5368690820054131,2016-10-06,2026-05-16,616,104
selected_features,30,14,soft,strict,none,none,0.52,0.32,tuned,1.15,24.761264750944814,-0.8894855965368293,0.8579145469784404,27.837735481441907,11.950339617343243,117,2342,402,766,2.1401044548104013,2.624657868593455,0.9804382773345159,0.5527404912945786,0.5052866882426248,0.06941595441595441,0.703149151758622,0.7175559770505242,0.5368690820054131,2016-10-06,2026-05-16,617,86
selected_features,30,14,strict,soft,soft,none,0.52,0.32,tuned,1.15,23.43170896944062,-0.8368194572176522,0.8550593368092596,28.00091318066253,11.642941773325868,120,2175,385,950,1.82994503112396,2.312358543535041,0.9804382773345159,0.5527404912945786,0.5052866882426248,0.06941595441595441,0.703149151758622,0.7175559770505242,0.5368690820054131,2016-10-06,2026-05-16,618,87
selected_features,30,14,none,strict,soft,soft,0.52,0.32,tuned,1.15,24.182044884638092,-0.8933565184440133,0.871072966347373,27.06875070073559,11.628543495705108,114,2124,235,1151,1.8706487610349927,2.2176527155042223,0.9804382773345159,0.5527404912945786,0.5052866882426248,0.06941595441595441,0.703149151758622,0.7175559770505242,0.5368690820054131,2016-10-06,2026-05-16,619,88
selected_features,30,14,strict,none,none,soft,0.52,0.32,tuned,1.15,23.443087452338702,-0.8606457617548771,0.861773116549351,27.238950674128333,11.466529759125953,120,2054,407,1049,1.6153684247828444,2.1382240352320108,0.9804382773345159,0.5527404912945786,0.5052866882426248,0.06941595441595441,0.703149151758622,0.7175559770505242,0.5368690820054131,2016-10-06,2026-05-16,620,89
selected_features,30,7,strict,none,soft,none,0.52,0.32,tuned,1.15,23.072845155533546,-0.8348351717343191,0.8574573182677899,27.63760552589216,11.385940748564323,160,2042,403,1065,1.6338478855767753,2.1863399313957728,0.9804382773345159,0.5527404912945786,0.5052866882426248,0.06941595441595441,0.703149151758622,0.7175559770505242,0.5368690820054131,2016-10-06,2026-05-16,621,90
selected_features,30,14,none,strict,none,none,0.52,0.32,tuned,1.15,22.57807358793254,-0.8728464994561757,0.8447679286029839,25.867175502221457,10.929467827514879,111,2304,372,834,2.1158820814259287,2.583533730682146,0.9804382773345159,0.5527404912945786,0.5052866882426248,0.06941595441595441,0.703149151758622,0.7175559770505242,0.5368690820054131,2016-10-06,2026-05-16,622,91
selected_features,3,14,soft,soft,none,none,0.52,0.35,tuned,1.15,21.358737441070428,-0.7926076995916914,0.8418272341415064,26.947426137890528,10.808986367359147,146,2083,329,1098,1.7175753999438539,2.081498562827899,0.840825153225227,0.5527404912945786,0.5052866882426248,0.06941595441595441,0.703149151758622,0.7175559770505242,0.5368690820054131,2016-10-06,2026-05-16,623,105
selected_features,30,14,none,strict,soft,none,0.52,0.32,tuned,1.15,22.32760389611258,-0.8881260827744826,0.8464922181135472,25.14012855737975,10.680421553181365,116,2222,315,973,2.005678029626179,2.3975223303067477,0.9804382773345159,0.5527404912945786,0.5052866882426248,0.06941595441595441,0.703149151758622,0.7175559770505242,0.5368690820054131,2016-10-06,2026-05-16,624,92
selected_features,3,14,soft,soft,soft,none,0.52,0.35,tuned,1.15,21.142334848777327,-0.8212231254309557,0.8454395451334047,25.744933616771206,10.471062111995437,145,2027,262,1221,1.591789159689859,1.904035924193935,0.840825153225227,0.5527404912945786,0.5052866882426248,0.06941595441595441,0.703149151758622,0.7175559770505242,0.5368690820054131,2016-10-06,2026-05-16,625,106
selected_features,3,14,strict,soft,soft,none,0.52,0.35,tuned,1.15,21.203081204977444,-0.8369813602827956,0.842171348201915,25.332799762486275,10.360017585507663,158,2093,271,1146,1.625445229040149,1.962365762102358,0.840825153225227,0.5527404912945786,0.5052866882426248,0.06941595441595441,0.703149151758622,0.7175559770505242,0.5368690820054131,2016-10-06,2026-05-16,626,107
selected_features,14,14,soft,strict,none,soft,0.52,0.32,tuned,1.15,20.646787562338318,-0.816334251455086,0.8406743295959503,25.292075550592386,10.276269579859697,125,2061,406,1043,2.0084283972557313,2.4083317337191685,0.9786361953517102,0.5527404912945786,0.5052866882426248,0.06941595441595441,0.703149151758622,0.7175559770505242,0.5368690820054131,2016-10-06,2026-05-16,627,105
selected_features,30,7,strict,none,none,none,0.52,0.32,tuned,1.15,21.200804737914073,-0.8543699117943595,0.8376383475653919,24.814549816469835,10.214362416573127,167,2110,495,905,1.6987802346363168,2.3669974347073053,0.9804382773345159,0.5527404912945786,0.5052866882426248,0.06941595441595441,0.703149151758622,0.7175559770505242,0.5368690820054131,2016-10-06,2026-05-16,628,93
selected_features,30,14,strict,strict,soft,soft,0.52,0.32,tuned,1.15,20.772828504311587,-0.839078183532221,0.8397349601684979,24.756725787894236,10.184253215516021,122,2175,288,1047,1.931886646177946,2.302526269174225,0.9804382773345159,0.5527404912945786,0.5052866882426248,0.06941595441595441,0.703149151758622,0.7175559770505242,0.5368690820054131,2016-10-06,2026-05-16,629,94
selected_features,14,14,strict,none,soft,soft,0.52,0.32,tuned,1.15,20.535235367774543,-0.8412754186569477,0.8504648955272244,24.409646249450596,10.048568300335827,120,1939,294,1277,1.5754441448493843,1.9418842283985769,0.9786361953517102,0.5527404912945786,0.5052866882426248,0.06941595441595441,0.703149151758622,0.7175559770505242,0.5368690820054131,2016-10-06,2026-05-16,630,106
selected_features,60,7,none,none,soft,none,0.56,0.35,tuned,1.15,20.23419642088333,-0.8301882088518202,0.8472696303347964,24.373023135161052,9.973672662849612,115,1801,389,1320,1.377293429479113,1.9800998190860393,0.8177115779335068,0.5527404912945786,0.5052866882426248,0.06941595441595441,0.703149151758622,0.7175559770505242,0.5368690820054131,2016-10-06,2026-05-16,631,108
selected_features,30,14,none,none,none,soft,0.52,0.32,tuned,1.15,19.49546428747134,-0.8741768357307185,0.8302812868420058,22.30151096508433,9.266818884989572,120,2033,395,1082,1.5530834537220402,2.063523099766513,0.9804382773345159,0.5527404912945786,0.5052866882426248,0.06941595441595441,0.703149151758622,0.7175559770505242,0.5368690820054131,2016-10-06,2026-05-16,632,95
selected_features,30,14,soft,strict,soft,soft,0.52,0.32,tuned,1.15,18.83046320902227,-0.8657084165151206,0.8252256381007685,21.751507609021118,8.978133937202273,114,2139,266,1105,1.896195819485124,2.252419840817031,0.9804382773345159,0.5527404912945786,0.5052866882426248,0.06941595441595441,0.703149151758622,0.7175559770505242,0.5368690820054131,2016-10-06,2026-05-16,633,96
selected_features,30,14,strict,strict,soft,none,0.52,0.32,tuned,1.15,18.382805591476636,-0.8831646252063324,0.8136803757053216,20.814698717333577,8.614613770898654,122,2301,346,863,2.0629653337788287,2.491809032312304,0.9804382773345159,0.5527404912945786,0.5052866882426248,0.06941595441595441,0.703149151758622,0.7175559770505242,0.5368690820054131,2016-10-06,2026-05-16,634,97
selected_features,30,14,strict,none,none,none,0.52,0.32,tuned,1.15,17.958487588193076,-0.846167451112915,0.8072648082389954,21.223325908569656,8.57904482716436,139,2165,554,791,1.6987802346363168,2.3669974347073053,0.9804382773345159,0.5527404912945786,0.5052866882426248,0.06941595441595441,0.703149151758622,0.7175559770505242,0.5368690820054131,2016-10-06,2026-05-16,635,98
selected_features,14,14,strict,strict,none,soft,0.52,0.32,tuned,1.15,16.948710375755766,-0.8039608369474534,0.804944614283396,21.081512428028294,8.32369516714726,127,2099,414,997,2.041786759930662,2.468398808290886,0.9786361953517102,0.5527404912945786,0.5052866882426248,0.06941595441595441,0.703149151758622,0.7175559770505242,0.5368690820054131,2016-10-06,2026-05-16,636,107
selected_features,30,14,none,none,soft,none,0.52,0.32,tuned,1.15,17.433531776709554,-0.8771820513166219,0.8107285342871049,19.874473891186426,8.146231734104859,123,2046,418,1046,1.5749248600435193,2.109397422267653,0.9804382773345159,0.5527404912945786,0.5052866882426248,0.06941595441595441,0.703149151758622,0.7175559770505242,0.5368690820054131,2016-10-06,2026-05-16,637,99
selected_features,14,14,none,strict,none,soft,0.52,0.32,tuned,1.15,15.23869437688003,-0.822247216978299,0.7917555743668494,18.53298383043626,7.275510508956786,126,2038,360,1112,1.9828388239526724,2.364975913645819,0.9786361953517102,0.5527404912945786,0.5052866882426248,0.06941595441595441,0.703149151758622,0.7175559770505242,0.5368690820054131,2016-10-06,2026-05-16,638,108
selected_features,30,14,strict,soft,none,none,0.52,0.32,tuned,1.15,15.509640765071023,-0.8694514548977487,0.7808897913087504,17.83842062452472,7.129073462762127,139,2301,526,683,1.9211732982551755,2.500712884331489,0.9804382773345159,0.5527404912945786,0.5052866882426248,0.06941595441595441,0.703149151758622,0.7175559770505242,0.5368690820054131,2016-10-06,2026-05-16,639,100
selected_features,3,14,strict,soft,none,none,0.52,0.35,tuned,1.15,15.394363944898487,-0.8540613067766281,0.7843915754034955,18.02489332176799,7.1062482657435835,162,2159,363,988,1.7492146467106968,2.1393700179107378,0.840825153225227,0.5527404912945786,0.5052866882426248,0.06941595441595441,0.703149151758622,0.7175559770505242,0.5368690820054131,2016-10-06,2026-05-16,640,108
selected_features,30,14,strict,strict,none,none,0.52,0.32,tuned,1.15,15.663432905131067,-0.8949610919453275,0.7842553260828095,17.501803202510544,7.105178511238751,125,2365,419,726,2.1719991700239296,2.682312336951656,0.9804382773345159,0.5527404912945786,0.5052866882426248,0.06941595441595441,0.703149151758622,0.7175559770505242,0.5368690820054131,2016-10-06,2026-05-16,641,101
selected_features,30,14,soft,strict,none,soft,0.52,0.32,tuned,1.15,15.172487676707789,-0.8762010230837459,0.7845227415891071,17.31621771372621,6.974321526459083,110,2246,298,966,2.006196743371991,2.389319738799654,0.9804382773345159,0.5527404912945786,0.5052866882426248,0.06941595441595441,0.703149151758622,0.7175559770505242,0.5368690820054131,2016-10-06,2026-05-16,642,102
selected_features,30,14,soft,strict,soft,none,0.52,0.32,tuned,1.15,14.13267804199562,-0.8881260827744828,0.7727889479060225,15.912918577782898,6.358705656454271,112,2257,318,935,2.0301035309235345,2.43671640036756,0.9804382773345159,0.5527404912945786,0.5052866882426248,0.06941595441595441,0.703149151758622,0.7175559770505242,0.5368690820054131,2016-10-06,2026-05-16,643,103
selected_features,30,14,strict,none,soft,none,0.52,0.32,tuned,1.15,13.884699329543052,-0.8639741594403753,0.7708920787939875,16.070734498051,6.309401226750543,130,2091,448,971,1.6338478855767753,2.1863399313957728,0.9804382773345159,0.5527404912945786,0.5052866882426248,0.06941595441595441,0.703149151758622,0.7175559770505242,0.5368690820054131,2016-10-06,2026-05-16,644,104
selected_features,30,14,soft,soft,none,none,0.52,0.32,tuned,1.15,13.358237599485571,-0.8694514548977488,0.7608759983992106,15.36398326121216,5.98976021290564,135,2208,478,824,1.889870123248172,2.446658016522232,0.9804382773345159,0.5527404912945786,0.5052866882426248,0.06941595441595441,0.703149151758622,0.7175559770505242,0.5368690820054131,2016-10-06,2026-05-16,645,105
selected_features,30,14,strict,strict,none,soft,0.52,0.32,tuned,1.15,13.07080257580101,-0.8949716334442198,0.7604215406563293,14.604711576722462,5.761616085509235,114,2264,301,945,2.040920482423047,2.4431784184770398,0.9804382773345159,0.5527404912945786,0.5052866882426248,0.06941595441595441,0.703149151758622,0.7175559770505242,0.5368690820054131,2016-10-06,2026-05-16,646,106
selected_features,30,14,none,none,none,none,0.52,0.32,tuned,1.15,12.724849548284848,-0.8889583023172253,0.7555767523409967,14.31433793364132,5.579576436636536,127,2083,531,896,1.643652151474408,2.280030180260488,0.9804382773345159,0.5527404912945786,0.5052866882426248,0.06941595441595441,0.703149151758622,0.7175559770505242,0.5368690820054131,2016-10-06,2026-05-16,647,107
selected_features,30,14,soft,none,none,none,0.52,0.32,tuned,1.15,12.684338630104863,-0.8879329773283332,0.7542905416816638,14.285243316753785,5.560435720310382,128,2085,546,879,1.6680522361959578,2.3143965278480505,0.9804382773345159,0.5527404912945786,0.5052866882426248,0.06941595441595441,0.703149151758622,0.7175559770505242,0.5368690820054131,2016-10-06,2026-05-16,648,108
